time_s,scenario,kv_meas,tube_ma,return_ua,temp_c,flux,spot_x_um,spot_y_um,flags
0.000000,emission,50.00308,0.199971,0.54153,24.9936,1.00190,4.98719,5.10883,NONE
0.010000,emission,49.99716,0.202075,0.45052,24.9919,1.01080,5.06230,5.09409,NONE
0.020000,emission,50.00450,0.204834,0.53944,24.9946,1.02066,5.13490,5.10606,NONE
0.030000,emission,49.99640,0.206703,0.48499,25.0026,1.02778,5.20972,5.11329,NONE
0.040000,emission,49.99470,0.208676,0.48340,25.0051,1.03939,5.27377,5.10392,NONE
0.050000,emission,50.00723,0.210124,0.47572,24.9960,1.04770,5.32349,5.09707,NONE
0.060000,emission,50.00494,0.212400,0.49867,25.0100,1.05425,5.37158,5.09899,NONE
0.070000,emission,50.00544,0.214016,0.52391,24.9933,1.06246,5.42720,5.08758,NONE
0.080000,emission,49.99951,0.215351,0.52926,24.9985,1.06707,5.47751,5.10239,NONE
0.090000,emission,50.00575,0.216167,0.50867,25.0089,1.07256,5.50171,5.08985,NONE
0.100000,emission,49.99688,0.216724,0.47020,24.9939,1.07409,5.52179,5.08557,NONE
0.110000,emission,49.99529,0.218169,0.51248,24.9909,1.07888,5.54068,5.10631,NONE
0.120000,emission,50.00706,0.218433,0.54065,24.9930,1.07846,5.54758,5.10386,NONE
0.130000,emission,49.99944,0.218058,0.51598,24.9913,1.07804,5.54639,5.08868,NONE
0.140000,emission,50.00120,0.217796,0.51817,24.9956,1.07899,5.55524,5.09004,NONE
0.150000,emission,49.99702,0.217373,0.51241,24.9931,1.07694,5.51399,5.08916,NONE
0.160000,emission,49.99193,0.216746,0.51373,25.0014,1.07357,5.48769,5.09455,NONE
0.170000,emission,50.00147,0.215149,0.54857,25.0030,1.06743,5.46421,5.10458,NONE
0.180000,emission,50.00795,0.213817,0.47813,24.9976,1.06080,5.42419,5.08806,NONE
0.190000,emission,49.99474,0.212562,0.52949,24.9936,1.05469,5.38766,5.09903,NONE
0.200000,emission,49.99874,0.210837,0.47591,25.0015,1.04764,5.32604,5.08565,NONE
0.210000,emission,49.99330,0.208663,0.53512,25.0092,1.03955,5.27138,5.08776,NONE
0.220000,emission,50.00215,0.206664,0.47222,24.9989,1.03083,5.21286,5.11423,NONE
0.230000,emission,50.00197,0.204758,0.54523,25.0078,1.01937,5.15099,5.10042,NONE
0.240000,emission,49.99495,0.202585,0.53467,25.0051,1.01169,5.05923,5.08559,NONE
0.250000,emission,50.00257,0.199666,0.45922,24.9943,1.00089,4.99270,5.09197,NONE
0.260000,emission,50.00035,0.197556,0.48489,25.0071,0.99188,4.93074,5.09046,NONE
0.270000,emission,49.99119,0.195315,0.48762,25.0006,0.97939,4.85890,5.10627,NONE
0.280000,emission,49.99355,0.193517,0.52682,25.0049,0.96968,4.81223,5.11435,NONE
0.290000,emission,49.99288,0.191048,0.48745,24.9966,0.96281,4.72310,5.09757,NONE
0.300000,emission,50.00253,0.189035,0.46033,25.0004,0.95353,4.69150,5.08710,NONE
0.310000,emission,50.00531,0.187614,0.47072,25.0015,0.94576,4.62374,5.11084,NONE
0.320000,emission,49.99291,0.186607,0.54166,24.9991,0.93888,4.56595,5.10564,NONE
0.330000,emission,50.00635,0.185200,0.54045,24.9980,0.93097,4.53664,5.10983,NONE
0.340000,emission,50.00918,0.183650,0.50728,25.0037,0.92955,4.49872,5.08636,NONE
0.350000,emission,50.00412,0.183054,0.45787,24.9959,0.92479,4.48187,5.11372,NONE
0.360000,emission,50.00592,0.182587,0.51656,25.0022,0.92061,4.46282,5.09031,NONE
0.370000,emission,50.00499,0.182410,0.52434,25.0103,0.91913,4.45674,5.10631,NONE
0.380000,emission,49.99810,0.182041,0.52239,25.0086,0.92155,4.45757,5.09522,NONE
0.390000,emission,50.00454,0.182450,0.52800,25.0048,0.92072,4.47208,5.09779,NONE
0.400000,emission,49.99570,0.183096,0.52829,24.9944,0.92226,4.48812,5.10163,NONE
0.410000,emission,50.00179,0.184177,0.46448,25.0044,0.92887,4.49835,5.10469,NONE
0.420000,emission,50.00070,0.184342,0.46797,24.9917,0.93378,4.52903,5.11213,NONE
0.430000,emission,49.99774,0.186215,0.54997,24.9915,0.94009,4.58041,5.10111,NONE
0.440000,emission,49.99991,0.187180,0.52864,25.0053,0.94369,4.61207,5.09083,NONE
0.450000,emission,49.99741,0.188946,0.50891,24.9923,0.95301,4.68000,5.09010,NONE
0.460000,emission,50.00249,0.191028,0.46502,24.9914,0.96102,4.74938,5.08964,NONE
0.470000,emission,49.99193,0.193858,0.49443,25.0000,0.97036,4.81198,5.11054,NONE
0.480000,emission,49.99100,0.195885,0.49763,24.9957,0.97837,4.86328,5.08864,NONE
0.490000,emission,50.00347,0.197880,0.49365,24.9992,0.98987,4.93867,5.08816,NONE
0.500000,emission,49.99732,0.199543,0.48756,25.0073,1.00001,5.01339,5.10257,NONE
0.510000,emission,49.99392,0.202554,0.53797,24.9917,1.00988,5.05561,5.11219,NONE
0.520000,emission,50.00449,0.204851,0.51294,25.0037,1.02019,5.13957,5.10613,NONE
0.530000,emission,49.99838,0.206516,0.48688,25.0058,1.02782,5.21647,5.10783,NONE
0.540000,emission,49.99028,0.208198,0.46918,24.9929,1.03967,5.26520,5.09857,NONE
0.550000,emission,50.00813,0.210710,0.53930,24.9956,1.04734,5.31297,5.10127,NONE
0.560000,emission,49.99258,0.212011,0.45884,25.0083,1.05542,5.37808,5.08562,NONE
0.570000,emission,50.00660,0.214339,0.45447,25.0060,1.06045,5.42351,5.10529,NONE
0.580000,emission,50.00875,0.215053,0.45773,24.9946,1.06621,5.47637,5.08580,NONE
0.590000,emission,49.99637,0.216657,0.49204,25.0093,1.07322,5.48962,5.10168,NONE
0.600000,emission,50.00507,0.216687,0.52307,25.0057,1.07631,5.51222,5.09986,NONE
0.610000,emission,49.99732,0.217484,0.51375,24.9931,1.07750,5.52748,5.09793,NONE
0.620000,emission,50.00636,0.217686,0.47905,24.9982,1.07985,5.54737,5.08955,NONE
0.630000,emission,50.00688,0.217803,0.48385,24.9939,1.07894,5.54209,5.10284,SPOT_UNSTABLE|EMISSION_ASSOC
0.640000,emission,50.00503,0.217635,0.45519,25.0031,1.07773,5.55042,5.10550,SPOT_UNSTABLE|EMISSION_ASSOC
0.650000,emission,50.00345,0.217062,0.46792,25.0087,1.07762,5.51803,5.11471,SPOT_UNSTABLE|EMISSION_ASSOC
0.660000,emission,50.00955,0.216015,0.49579,25.0071,1.07311,5.48603,5.08758,SPOT_UNSTABLE|EMISSION_ASSOC
0.670000,emission,50.00605,0.214875,0.51662,24.9931,1.06830,5.46293,5.09899,SPOT_UNSTABLE|EMISSION_ASSOC
0.680000,emission,49.99124,0.213832,0.48484,24.9951,1.06310,5.42926,5.09381,SPOT_UNSTABLE|EMISSION_ASSOC
0.690000,emission,50.00688,0.211846,0.53819,24.9946,1.05420,5.36207,5.09693,SPOT_UNSTABLE|EMISSION_ASSOC
0.700000,emission,50.00146,0.210638,0.47213,25.0022,1.04562,5.32528,5.11094,SPOT_UNSTABLE|EMISSION_ASSOC
0.710000,emission,49.99118,0.209129,0.46741,25.0080,1.03900,5.25438,5.09356,SPOT_UNSTABLE|EMISSION_ASSOC
0.720000,emission,50.00461,0.207101,0.52318,24.9961,1.03134,5.20291,5.10968,SPOT_UNSTABLE|EMISSION_ASSOC
0.730000,emission,50.00096,0.204380,0.53590,24.9968,1.01858,5.13522,5.11068,SPOT_UNSTABLE|EMISSION_ASSOC
0.740000,emission,50.00275,0.202419,0.48042,24.9963,1.01171,5.06129,5.10504,SPOT_UNSTABLE|EMISSION_ASSOC
0.750000,emission,50.00789,0.199754,0.49471,25.0065,1.00136,4.99075,5.08889,SPOT_UNSTABLE|EMISSION_ASSOC
0.760000,emission,50.00085,0.198002,0.49616,25.0049,0.98977,4.93972,5.09708,SPOT_UNSTABLE|EMISSION_ASSOC
0.770000,emission,50.00612,0.195864,0.54169,25.0085,0.97859,4.86428,5.10001,SPOT_UNSTABLE|EMISSION_ASSOC
0.780000,emission,49.99406,0.193415,0.51064,25.0066,0.97031,4.78322,5.11281,SPOT_UNSTABLE|EMISSION_ASSOC
0.790000,emission,50.00048,0.190982,0.51990,24.9917,0.96251,4.74890,5.08874,SPOT_UNSTABLE|EMISSION_ASSOC
0.800000,emission,49.99643,0.189702,0.48296,25.0052,0.95098,4.66699,5.10681,SPOT_UNSTABLE|EMISSION_ASSOC
0.810000,emission,49.99958,0.187515,0.48408,25.0110,0.94717,4.61487,5.09706,SPOT_UNSTABLE|EMISSION_ASSOC
0.820000,emission,50.00988,0.186517,0.46864,25.0054,0.94002,4.57467,5.08969,SPOT_UNSTABLE|EMISSION_ASSOC
0.830000,emission,50.00869,0.184750,0.53844,24.9967,0.93389,4.52575,5.08901,SPOT_UNSTABLE|EMISSION_ASSOC
0.840000,emission,50.00022,0.183864,0.45800,25.0068,0.92936,4.50329,5.08966,SPOT_UNSTABLE|EMISSION_ASSOC
0.850000,emission,50.00504,0.183366,0.53446,24.9924,0.92552,4.46756,5.10330,SPOT_UNSTABLE|EMISSION_ASSOC
0.860000,emission,49.99841,0.182480,0.47409,25.0023,0.92336,4.46595,5.10719,SPOT_UNSTABLE|EMISSION_ASSOC
0.870000,emission,50.00934,0.182014,0.54053,24.9996,0.92050,4.45011,5.09912,SPOT_UNSTABLE|EMISSION_ASSOC
0.880000,emission,50.00781,0.181862,0.46005,25.0030,0.92152,4.43671,5.09608,SPOT_UNSTABLE|EMISSION_ASSOC
0.890000,emission,49.99341,0.182759,0.46086,25.0097,0.92185,4.45341,5.09304,SPOT_UNSTABLE|EMISSION_ASSOC
0.900000,emission,50.00714,0.183271,0.49406,25.0104,0.92512,4.48385,5.08990,SPOT_UNSTABLE|EMISSION_ASSOC
0.910000,emission,50.00629,0.184101,0.54597,24.9967,0.92807,4.49354,5.09427,SPOT_UNSTABLE|EMISSION_ASSOC
0.920000,emission,50.00074,0.184871,0.53678,24.9973,0.93236,4.53398,5.09029,SPOT_UNSTABLE|EMISSION_ASSOC
0.930000,emission,49.99031,0.186004,0.50756,25.0060,0.94016,4.58740,5.08820,SPOT_UNSTABLE|EMISSION_ASSOC
0.940000,emission,49.99890,0.187895,0.47319,24.9976,0.94690,4.61250,5.09768,SPOT_UNSTABLE|EMISSION_ASSOC
0.950000,emission,49.99714,0.189659,0.48278,24.9988,0.95238,4.69158,5.10628,SPOT_UNSTABLE|EMISSION_ASSOC
0.960000,emission,49.99796,0.191579,0.53827,25.0058,0.96100,4.72231,5.09481,SPOT_UNSTABLE|EMISSION_ASSOC
0.970000,emission,49.99156,0.192886,0.49271,24.9978,0.96989,4.78367,5.11087,SPOT_UNSTABLE|EMISSION_ASSOC
0.980000,emission,50.00789,0.195052,0.54638,25.0065,0.98044,4.87476,5.10273,SPOT_UNSTABLE|EMISSION_ASSOC
0.990000,emission,49.99004,0.198004,0.46451,24.9968,0.98846,4.94252,5.09811,SPOT_UNSTABLE|EMISSION_ASSOC
1.000000,emission,49.99155,0.200483,0.45787,24.9994,1.00155,5.00081,5.09875,SPOT_UNSTABLE|EMISSION_ASSOC
1.010000,emission,49.99227,0.201899,0.54133,24.9947,1.00827,5.07269,5.09739,SPOT_UNSTABLE|EMISSION_ASSOC
1.020000,emission,49.99063,0.204165,0.54495,24.9936,1.01908,5.14881,5.10850,SPOT_UNSTABLE|EMISSION_ASSOC
1.030000,emission,50.00920,0.206807,0.54558,25.0120,1.02942,5.19600,5.11476,SPOT_UNSTABLE|EMISSION_ASSOC
1.040000,emission,50.00389,0.208892,0.54387,24.9990,1.03863,5.26443,5.10039,SPOT_UNSTABLE|EMISSION_ASSOC
1.050000,emission,50.00077,0.210233,0.49563,24.9959,1.04773,5.31527,5.10541,SPOT_UNSTABLE|EMISSION_ASSOC
1.060000,emission,49.99132,0.212501,0.53214,25.0016,1.05564,5.39078,5.08505,SPOT_UNSTABLE|EMISSION_ASSOC
1.070000,emission,49.99243,0.214273,0.45971,25.0085,1.06198,5.40975,5.10066,SPOT_UNSTABLE|EMISSION_ASSOC
1.080000,emission,50.00864,0.214960,0.53040,25.0016,1.06605,5.45854,5.09257,SPOT_UNSTABLE|EMISSION_ASSOC
1.090000,emission,49.99314,0.215802,0.47002,24.9952,1.07362,5.50499,5.10292,SPOT_UNSTABLE|EMISSION_ASSOC
1.100000,emission,50.00629,0.217309,0.52903,25.0054,1.07547,5.52950,5.10280,SPOT_UNSTABLE|EMISSION_ASSOC
1.110000,emission,50.00908,0.218174,0.47079,25.0113,1.07823,5.52886,5.10121,SPOT_UNSTABLE|EMISSION_ASSOC
1.120000,emission,50.00251,0.218290,0.46101,24.9983,1.07789,5.55927,5.10663,SPOT_UNSTABLE|EMISSION_ASSOC
1.130000,emission,50.00928,0.217743,0.54295,25.0111,1.07835,5.53659,5.10552,SPOT_UNSTABLE|EMISSION_ASSOC
1.140000,emission,49.99746,0.218152,0.51667,24.9955,1.07857,5.53724,5.09420,SPOT_UNSTABLE|EMISSION_ASSOC
1.150000,emission,49.99206,0.217333,0.49119,24.9992,1.07606,5.50921,5.10374,SPOT_UNSTABLE|EMISSION_ASSOC
1.160000,emission,50.00010,0.215899,0.50335,25.0121,1.07066,5.51180,5.10801,SPOT_UNSTABLE|EMISSION_ASSOC
1.170000,emission,49.99657,0.215162,0.50269,25.0012,1.06697,5.45627,5.08599,SPOT_UNSTABLE|EMISSION_ASSOC
1.180000,emission,50.00917,0.213838,0.52540,25.0095,1.06166,5.43775,5.09048,SPOT_UNSTABLE|EMISSION_ASSOC
1.190000,emission,50.00209,0.212433,0.54691,25.0042,1.05426,5.38505,5.10031,SPOT_UNSTABLE|EMISSION_ASSOC
1.200000,emission,50.00906,0.210618,0.47842,25.0077,1.04765,5.32769,5.11453,SPOT_UNSTABLE|EMISSION_ASSOC
1.210000,emission,49.99193,0.209119,0.48937,25.0090,1.03858,5.26816,5.10739,SPOT_UNSTABLE|EMISSION_ASSOC
1.220000,emission,50.00835,0.206695,0.54739,25.0053,1.02840,5.20219,5.10785,SPOT_UNSTABLE|EMISSION_ASSOC
1.230000,emission,50.00781,0.204331,0.49444,24.9984,1.02100,5.14969,5.09278,SPOT_UNSTABLE|EMISSION_ASSOC
1.240000,emission,50.00763,0.202311,0.45281,25.0099,1.01046,5.07114,5.10548,SPOT_UNSTABLE|EMISSION_ASSOC
1.250000,emission,49.99832,0.200199,0.50035,25.0116,1.00123,5.00077,5.08875,SPOT_UNSTABLE|EMISSION_ASSOC
1.260000,emission,49.99255,0.198218,0.53317,24.9972,0.98905,4.94265,5.09529,SPOT_UNSTABLE|EMISSION_ASSOC
1.270000,emission,49.99014,0.195368,0.51902,25.0096,0.97990,4.85790,5.09760,SPOT_UNSTABLE|EMISSION_ASSOC
1.280000,emission,49.99178,0.193601,0.46733,24.9937,0.97178,4.80414,5.10732,SPOT_UNSTABLE|EMISSION_ASSOC
1.290000,emission,49.99655,0.191325,0.45120,25.0070,0.96292,4.72670,5.08970,SPOT_UNSTABLE|EMISSION_ASSOC
1.300000,emission,49.99554,0.189444,0.45826,24.9974,0.95227,4.68292,5.09338,SPOT_UNSTABLE|EMISSION_ASSOC
1.310000,emission,50.00425,0.187474,0.46885,24.9950,0.94341,4.61797,5.09556,SPOT_UNSTABLE|EMISSION_ASSOC
1.320000,emission,50.00431,0.186120,0.50056,25.0120,0.93653,4.56932,5.09934,SPOT_UNSTABLE|EMISSION_ASSOC
1.330000,emission,49.99832,0.184757,0.50938,24.9991,0.93109,4.53818,5.08788,SPOT_UNSTABLE|EMISSION_ASSOC
1.340000,emission,50.00528,0.183707,0.47071,24.9951,0.92913,4.49484,5.10133,SPOT_UNSTABLE|EMISSION_ASSOC
1.350000,emission,49.99776,0.183192,0.50505,25.0065,0.92395,4.48035,5.08920,SPOT_UNSTABLE|EMISSION_ASSOC
1.360000,emission,50.00275,0.182574,0.49065,24.9950,0.92013,4.46835,5.10997,SPOT_UNSTABLE|EMISSION_ASSOC
1.370000,emission,49.99156,0.182532,0.54292,25.0088,0.92178,4.45946,5.09068,SPOT_UNSTABLE|EMISSION_ASSOC
1.380000,emission,49.99376,0.181721,0.45554,25.0056,0.91816,4.44702,5.08654,SPOT_UNSTABLE|EMISSION_ASSOC
1.390000,emission,50.00835,0.181967,0.47206,25.0056,0.92284,4.44785,5.10789,SPOT_UNSTABLE|EMISSION_ASSOC
1.400000,emission,50.00866,0.183184,0.46388,24.9964,0.92515,4.48146,5.10208,SPOT_UNSTABLE|EMISSION_ASSOC
1.410000,emission,49.99384,0.183823,0.45116,25.0003,0.92866,4.49463,5.11007,SPOT_UNSTABLE|EMISSION_ASSOC
1.420000,emission,50.00361,0.185143,0.47703,25.0109,0.93361,4.54005,5.09893,SPOT_UNSTABLE|EMISSION_ASSOC
1.430000,emission,50.00946,0.186317,0.51815,25.0123,0.93755,4.56921,5.09842,SPOT_UNSTABLE|EMISSION_ASSOC
1.440000,emission,50.00510,0.187290,0.54340,25.0098,0.94709,4.61019,5.09303,SPOT_UNSTABLE|EMISSION_ASSOC
1.450000,emission,49.99486,0.188934,0.46991,24.9999,0.95117,4.68586,5.10704,SPOT_UNSTABLE|EMISSION_ASSOC
1.460000,emission,50.00092,0.191006,0.48477,24.9954,0.95962,4.74835,5.09949,SPOT_UNSTABLE|EMISSION_ASSOC
1.470000,emission,49.99737,0.193694,0.52059,24.9946,0.96889,4.78415,5.09609,SPOT_UNSTABLE|EMISSION_ASSOC
1.480000,emission,49.99487,0.195075,0.53658,25.0024,0.98011,4.85175,5.09279,SPOT_UNSTABLE|EMISSION_ASSOC
1.490000,emission,49.99402,0.197837,0.46798,25.0072,0.98955,4.94300,5.10943,SPOT_UNSTABLE|EMISSION_ASSOC
1.500000,emission,50.00925,0.199612,0.49440,25.0062,1.00189,4.99465,5.10993,SPOT_UNSTABLE|EMISSION_ASSOC
1.510000,emission,49.99820,0.202017,0.49548,24.9941,1.01032,5.06333,5.08914,SPOT_UNSTABLE|EMISSION_ASSOC
1.520000,emission,49.99635,0.204608,0.52439,24.9979,1.01900,5.14840,5.11083,SPOT_UNSTABLE|EMISSION_ASSOC
1.530000,emission,50.00391,0.206313,0.47752,25.0050,1.03143,5.19055,5.11475,SPOT_UNSTABLE|EMISSION_ASSOC
1.540000,emission,50.00427,0.208604,0.47904,24.9944,1.03722,5.27856,5.09830,SPOT_UNSTABLE|EMISSION_ASSOC
1.550000,emission,49.99809,0.211066,0.49659,25.0050,1.04633,5.31232,5.10642,SPOT_UNSTABLE|EMISSION_ASSOC
1.560000,emission,49.99936,0.212518,0.50132,25.0058,1.05364,5.37122,5.10014,SPOT_UNSTABLE|EMISSION_ASSOC
1.570000,emission,49.99564,0.213996,0.52517,24.9996,1.06314,5.42421,5.08668,SPOT_UNSTABLE|EMISSION_ASSOC
1.580000,emission,49.99378,0.215205,0.53222,24.9947,1.06563,5.46618,5.10226,SPOT_UNSTABLE|EMISSION_ASSOC
1.590000,emission,50.00527,0.216103,0.53314,25.0098,1.07155,5.50452,5.10623,SPOT_UNSTABLE|EMISSION_ASSOC
1.600000,emission,50.00812,0.216881,0.53916,24.9999,1.07767,5.52349,5.10411,SPOT_UNSTABLE|EMISSION_ASSOC
1.610000,emission,50.00712,0.217792,0.45631,25.0058,1.08007,5.54495,5.09176,SPOT_UNSTABLE|EMISSION_ASSOC
1.620000,emission,49.99292,0.217757,0.48844,25.0097,1.07927,5.54463,5.10974,SPOT_UNSTABLE|EMISSION_ASSOC
1.630000,emission,49.99719,0.218326,0.46102,25.0010,1.07930,5.55461,5.09131,SPOT_UNSTABLE|EMISSION_ASSOC
1.640000,emission,50.00354,0.218090,0.47317,25.0117,1.07745,5.54585,5.09962,SPOT_UNSTABLE|EMISSION_ASSOC
1.650000,emission,50.00003,0.217386,0.46953,24.9992,1.07499,5.53604,5.09027,SPOT_UNSTABLE|EMISSION_ASSOC
1.660000,emission,50.00913,0.215995,0.51209,25.0078,1.07066,5.50238,5.09398,SPOT_UNSTABLE|EMISSION_ASSOC
1.670000,emission,49.99132,0.215008,0.52737,25.0012,1.06899,5.47204,5.10268,SPOT_UNSTABLE|EMISSION_ASSOC
1.680000,emission,50.00198,0.213766,0.53412,25.0129,1.06094,5.43371,5.08698,SPOT_UNSTABLE|EMISSION_ASSOC
1.690000,emission,49.99649,0.211867,0.50358,25.0008,1.05656,5.38691,5.10249,SPOT_UNSTABLE|EMISSION_ASSOC
1.700000,emission,49.99652,0.210752,0.49084,25.0102,1.04850,5.32528,5.09744,SPOT_UNSTABLE|EMISSION_ASSOC
1.710000,emission,50.00297,0.208473,0.47293,25.0013,1.03942,5.26269,5.11254,SPOT_UNSTABLE|EMISSION_ASSOC
1.720000,emission,49.99279,0.207063,0.47442,25.0024,1.03094,5.21593,5.08522,SPOT_UNSTABLE|EMISSION_ASSOC
1.730000,emission,49.99141,0.204737,0.54394,25.0047,1.01962,5.13639,5.09941,SPOT_UNSTABLE|EMISSION_ASSOC
1.740000,emission,50.00450,0.202081,0.49426,25.0053,1.01011,5.06700,5.08666,SPOT_UNSTABLE|EMISSION_ASSOC
1.750000,emission,49.99864,0.200372,0.52205,24.9983,0.99987,4.98619,5.11376,SPOT_UNSTABLE|EMISSION_ASSOC
1.760000,emission,50.00162,0.198019,0.46205,25.0013,0.98865,4.92345,5.08826,SPOT_UNSTABLE|EMISSION_ASSOC
1.770000,emission,50.00143,0.195948,0.54116,25.0060,0.98172,4.87771,5.11429,SPOT_UNSTABLE|EMISSION_ASSOC
1.780000,emission,49.99020,0.193155,0.48386,24.9967,0.96922,4.81229,5.08753,SPOT_UNSTABLE|EMISSION_ASSOC
1.790000,emission,49.99825,0.191025,0.51503,25.0039,0.96044,4.72593,5.11126,SPOT_UNSTABLE|EMISSION_ASSOC
1.800000,emission,49.99183,0.188950,0.54059,25.0022,0.95485,4.68615,5.10546,SPOT_UNSTABLE|EMISSION_ASSOC
1.810000,emission,49.99631,0.187893,0.45829,25.0080,0.94616,4.63701,5.08888,SPOT_UNSTABLE|EMISSION_ASSOC
1.820000,emission,50.00943,0.186529,0.48518,25.0131,0.93877,4.57105,5.09812,SPOT_UNSTABLE|EMISSION_ASSOC
1.830000,emission,50.00476,0.184920,0.46235,24.9944,0.93225,4.53818,5.08789,SPOT_UNSTABLE|EMISSION_ASSOC
1.840000,emission,50.00123,0.184150,0.47871,25.0053,0.92889,4.50502,5.08721,SPOT_UNSTABLE|EMISSION_ASSOC
1.850000,emission,50.00390,0.182566,0.48942,24.9968,0.92455,4.46611,5.08576,SPOT_UNSTABLE|EMISSION_ASSOC
1.860000,emission,50.00585,0.182734,0.45813,24.9967,0.92187,4.44946,5.09350,SPOT_UNSTABLE|EMISSION_ASSOC
1.870000,emission,50.00458,0.181732,0.52560,25.0025,0.92128,4.45491,5.11486,SPOT_UNSTABLE|EMISSION_ASSOC
1.880000,emission,49.99615,0.182467,0.45779,24.9985,0.91929,4.45529,5.11381,SPOT_UNSTABLE|EMISSION_ASSOC
1.890000,emission,50.00435,0.182403,0.51663,25.0120,0.92135,4.46795,5.09579,SPOT_UNSTABLE|EMISSION_ASSOC
1.900000,emission,50.00310,0.183350,0.52637,25.0069,0.92480,4.46267,5.11457,SPOT_UNSTABLE|EMISSION_ASSOC
1.910000,emission,50.00722,0.183482,0.45475,25.0133,0.92858,4.50285,5.09456,SPOT_UNSTABLE|EMISSION_ASSOC
1.920000,emission,49.99019,0.184549,0.47081,25.0043,0.93223,4.52326,5.09362,SPOT_UNSTABLE|EMISSION_ASSOC
1.930000,emission,49.99479,0.186531,0.49753,25.0113,0.93946,4.57070,5.08688,SPOT_UNSTABLE|EMISSION_ASSOC
1.940000,emission,50.00949,0.187980,0.45175,25.0071,0.94713,4.61986,5.11056,SPOT_UNSTABLE|EMISSION_ASSOC
1.950000,emission,49.99763,0.189657,0.53648,25.0134,0.95455,4.67733,5.10075,SPOT_UNSTABLE|EMISSION_ASSOC
1.960000,emission,49.99982,0.191761,0.53125,24.9987,0.96142,4.72578,5.11346,SPOT_UNSTABLE|EMISSION_ASSOC
1.970000,emission,49.99020,0.193334,0.50052,25.0091,0.97096,4.80203,5.10820,SPOT_UNSTABLE|EMISSION_ASSOC
1.980000,emission,50.00996,0.195733,0.46460,25.0021,0.98057,4.86878,5.11208,SPOT_UNSTABLE|EMISSION_ASSOC
1.990000,emission,49.99964,0.197335,0.53321,25.0066,0.98954,4.93572,5.09896,SPOT_UNSTABLE|EMISSION_ASSOC
2.000000,emission,49.99392,0.199981,0.51518,24.9976,0.99925,4.99719,5.10231,SPOT_UNSTABLE|EMISSION_ASSOC
2.010000,emission,49.99152,0.202493,0.53001,24.9948,1.00970,5.08095,5.09109,SPOT_UNSTABLE|EMISSION_ASSOC
2.020000,emission,50.00506,0.203990,0.48608,25.0016,1.02091,5.12194,5.08933,SPOT_UNSTABLE|EMISSION_ASSOC
2.030000,emission,49.99391,0.206508,0.51751,24.9941,1.03004,5.19024,5.08701,SPOT_UNSTABLE|EMISSION_ASSOC
2.040000,emission,49.99953,0.208653,0.48514,25.0037,1.03808,5.26379,5.08647,SPOT_UNSTABLE|EMISSION_ASSOC
2.050000,emission,49.99687,0.210762,0.50874,25.0020,1.04717,5.31995,5.10561,SPOT_UNSTABLE|EMISSION_ASSOC
2.060000,emission,50.00153,0.212440,0.50318,25.0099,1.05425,5.38265,5.08751,SPOT_UNSTABLE|EMISSION_ASSOC
2.070000,emission,49.99899,0.214009,0.53166,25.0034,1.06007,5.43596,5.11361,SPOT_UNSTABLE|EMISSION_ASSOC
2.080000,emission,49.99105,0.215664,0.46919,25.0007,1.06716,5.47165,5.10193,SPOT_UNSTABLE|EMISSION_ASSOC
2.090000,emission,49.99690,0.216005,0.50949,25.0054,1.07386,5.49617,5.09921,SPOT_UNSTABLE|EMISSION_ASSOC
2.100000,emission,50.00432,0.217562,0.48268,25.0053,1.07541,5.51470,5.09891,SPOT_UNSTABLE|EMISSION_ASSOC
2.110000,emission,50.00866,0.217655,0.52701,25.0134,1.07846,5.52585,5.08990,SPOT_UNSTABLE|EMISSION_ASSOC
2.120000,emission,49.99485,0.217834,0.49358,24.9975,1.07946,5.55036,5.09734,SPOT_UNSTABLE|EMISSION_ASSOC
2.130000,emission,50.00014,0.218216,0.45316,25.0044,1.08117,5.53691,5.10131,SPOT_UNSTABLE|EMISSION_ASSOC
2.140000,emission,50.00452,0.217955,0.53463,25.0001,1.07732,5.52684,5.09874,SPOT_UNSTABLE|EMISSION_ASSOC
2.150000,emission,50.00423,0.217441,0.46270,25.0105,1.07771,5.52196,5.09681,SPOT_UNSTABLE|EMISSION_ASSOC
2.160000,emission,50.00682,0.216081,0.49244,24.9983,1.07181,5.51236,5.10823,SPOT_UNSTABLE|EMISSION_ASSOC
2.170000,emission,49.99928,0.215492,0.51573,25.0012,1.06802,5.47286,5.08525,SPOT_UNSTABLE|EMISSION_ASSOC
2.180000,emission,50.00311,0.214209,0.46160,24.9953,1.06329,5.42104,5.10929,SPOT_UNSTABLE|EMISSION_ASSOC
2.190000,emission,50.00508,0.211930,0.46870,25.0123,1.05296,5.37038,5.09827,SPOT_UNSTABLE|EMISSION_ASSOC
2.200000,emission,50.00473,0.210545,0.54300,25.0132,1.04691,5.32644,5.09090,SPOT_UNSTABLE|EMISSION_ASSOC
2.210000,emission,49.99437,0.208246,0.51089,25.0038,1.03750,5.27068,5.09661,SPOT_UNSTABLE|EMISSION_ASSOC
2.220000,emission,49.99512,0.206279,0.45450,25.0096,1.03138,5.19245,5.10430,SPOT_UNSTABLE|EMISSION_ASSOC
2.230000,emission,50.00601,0.204246,0.50255,25.0042,1.02112,5.14629,5.10796,SPOT_UNSTABLE|EMISSION_ASSOC
2.240000,emission,50.00274,0.202348,0.49969,25.0130,1.01083,5.08293,5.10163,SPOT_UNSTABLE|EMISSION_ASSOC
2.250000,emission,49.99388,0.200238,0.54091,25.0086,0.99803,4.99640,5.09407,SPOT_UNSTABLE|EMISSION_ASSOC
2.260000,emission,50.00379,0.197655,0.52084,25.0076,0.98913,4.91850,5.11321,SPOT_UNSTABLE|EMISSION_ASSOC
2.270000,emission,49.99470,0.195430,0.45474,24.9960,0.97938,4.87524,5.09480,SPOT_UNSTABLE|EMISSION_ASSOC
2.280000,emission,50.00030,0.192892,0.52567,24.9949,0.96917,4.80778,5.10459,SPOT_UNSTABLE|EMISSION_ASSOC
2.290000,emission,49.99944,0.191325,0.53266,25.0058,0.96104,4.74038,5.09699,SPOT_UNSTABLE|EMISSION_ASSOC
2.300000,emission,49.99964,0.188933,0.45655,24.9971,0.95439,4.67401,5.11235,SPOT_UNSTABLE|EMISSION_ASSOC
2.310000,emission,50.00781,0.187202,0.48226,25.0129,0.94553,4.62615,5.08976,SPOT_UNSTABLE|EMISSION_ASSOC
2.320000,emission,50.00246,0.185988,0.54505,25.0108,0.93810,4.58211,5.10919,SPOT_UNSTABLE|EMISSION_ASSOC
2.330000,emission,50.00542,0.185143,0.50113,25.0115,0.93219,4.52382,5.10093,SPOT_UNSTABLE|EMISSION_ASSOC
2.340000,emission,50.00394,0.183694,0.49710,25.0098,0.92728,4.49839,5.10733,SPOT_UNSTABLE|EMISSION_ASSOC
2.350000,emission,50.00911,0.182491,0.47508,24.9981,0.92388,4.47041,5.09419,SPOT_UNSTABLE|EMISSION_ASSOC
2.360000,emission,49.99391,0.182345,0.46449,24.9965,0.91992,4.46247,5.08513,SPOT_UNSTABLE|EMISSION_ASSOC
2.370000,emission,50.00901,0.182202,0.50752,24.9986,0.91842,4.44546,5.10005,SPOT_UNSTABLE|EMISSION_ASSOC
2.380000,emission,50.00132,0.181870,0.50905,25.0050,0.91917,4.43905,5.09910,SPOT_UNSTABLE|EMISSION_ASSOC
2.390000,emission,49.99817,0.182353,0.48521,25.0119,0.92158,4.44957,5.08732,SPOT_UNSTABLE|EMISSION_ASSOC
2.400000,emission,49.99393,0.183232,0.53737,25.0026,0.92547,4.48480,5.10099,SPOT_UNSTABLE|EMISSION_ASSOC
2.410000,emission,49.99201,0.184145,0.50421,25.0021,0.92615,4.49447,5.11292,SPOT_UNSTABLE|EMISSION_ASSOC
2.420000,emission,49.99133,0.185021,0.50778,25.0012,0.93371,4.52276,5.11278,SPOT_UNSTABLE|EMISSION_ASSOC
2.430000,emission,50.00287,0.186117,0.47306,25.0147,0.93696,4.58090,5.10813,SPOT_UNSTABLE|EMISSION_ASSOC
2.440000,emission,50.00435,0.187341,0.46908,24.9960,0.94703,4.62184,5.08956,SPOT_UNSTABLE|EMISSION_ASSOC
2.450000,emission,50.00003,0.189123,0.48368,24.9995,0.95474,4.66204,5.08541,SPOT_UNSTABLE|EMISSION_ASSOC
2.460000,emission,49.99340,0.191155,0.51247,25.0060,0.95978,4.72247,5.08656,SPOT_UNSTABLE|EMISSION_ASSOC
2.470000,emission,49.99433,0.193843,0.45077,25.0080,0.97054,4.78656,5.09411,SPOT_UNSTABLE|EMISSION_ASSOC
2.480000,emission,50.00781,0.195085,0.48696,25.0019,0.98175,4.86977,5.09081,SPOT_UNSTABLE|EMISSION_ASSOC
2.490000,emission,49.99023,0.197441,0.47367,25.0130,0.99000,4.94008,5.09229,SPOT_UNSTABLE|EMISSION_ASSOC
2.500000,emission,50.00514,0.199922,0.47421,24.9974,1.00097,4.99332,5.08512,SPOT_UNSTABLE|EMISSION_ASSOC
2.510000,emission,50.00767,0.202298,0.52720,25.0110,1.00976,5.05706,5.09724,SPOT_UNSTABLE|EMISSION_ASSOC
2.520000,emission,49.99842,0.204741,0.52306,25.0065,1.01856,5.13508,5.09063,SPOT_UNSTABLE|EMISSION_ASSOC
2.530000,emission,50.00343,0.206805,0.54569,25.0030,1.02748,5.19065,5.09639,SPOT_UNSTABLE|EMISSION_ASSOC
2.540000,emission,49.99847,0.209168,0.53826,24.9975,1.03859,5.27648,5.10962,SPOT_UNSTABLE|EMISSION_ASSOC
2.550000,emission,49.99695,0.210918,0.48428,24.9970,1.04755,5.32593,5.09475,SPOT_UNSTABLE|EMISSION_ASSOC
2.560000,emission,49.99211,0.212042,0.48350,24.9990,1.05422,5.37837,5.11125,SPOT_UNSTABLE|EMISSION_ASSOC
2.570000,emission,50.00152,0.213694,0.52907,25.0107,1.05969,5.41568,5.09158,SPOT_UNSTABLE|EMISSION_ASSOC
2.580000,emission,50.00341,0.215068,0.52617,25.0030,1.06652,5.46552,5.10368,SPOT_UNSTABLE|EMISSION_ASSOC
2.590000,emission,49.99781,0.216341,0.53936,24.9982,1.07131,5.49773,5.08980,SPOT_UNSTABLE|EMISSION_ASSOC
2.600000,emission,50.00870,0.217007,0.50259,25.0035,1.07688,5.51807,5.10659,SPOT_UNSTABLE|EMISSION_ASSOC
2.610000,emission,49.99618,0.217596,0.54784,25.0091,1.07849,5.55249,5.11369,SPOT_UNSTABLE|EMISSION_ASSOC
2.620000,emission,49.99408,0.218242,0.54904,25.0014,1.08056,5.54661,5.10261,SPOT_UNSTABLE|EMISSION_ASSOC
2.630000,emission,49.99623,0.218393,0.47329,25.0112,1.07994,5.53868,5.09479,SPOT_UNSTABLE|EMISSION_ASSOC
2.640000,emission,50.00308,0.218072,0.50526,25.0108,1.08037,5.53348,5.09322,SPOT_UNSTABLE|EMISSION_ASSOC
2.650000,emission,49.99979,0.217071,0.52247,25.0096,1.07663,5.51814,5.09068,SPOT_UNSTABLE|EMISSION_ASSOC
2.660000,emission,49.99677,0.216521,0.48757,25.0091,1.07417,5.50091,5.09019,SPOT_UNSTABLE|EMISSION_ASSOC
2.670000,emission,50.00682,0.215611,0.52899,25.0026,1.06752,5.45690,5.10742,SPOT_UNSTABLE|EMISSION_ASSOC
2.680000,emission,50.00752,0.213791,0.52623,25.0081,1.06194,5.43530,5.08538,SPOT_UNSTABLE|EMISSION_ASSOC
2.690000,emission,49.99448,0.211909,0.50379,25.0137,1.05382,5.36375,5.11085,SPOT_UNSTABLE|EMISSION_ASSOC
2.700000,emission,50.00454,0.210309,0.49994,25.0099,1.04564,5.31656,5.09515,SPOT_UNSTABLE|EMISSION_ASSOC
2.710000,emission,50.00916,0.208723,0.50997,24.9984,1.03747,5.27777,5.10721,SPOT_UNSTABLE|EMISSION_ASSOC
2.720000,emission,49.99238,0.206739,0.45944,25.0081,1.02866,5.19995,5.09973,SPOT_UNSTABLE|EMISSION_ASSOC
2.730000,emission,50.00029,0.204907,0.53123,25.0078,1.02151,5.13911,5.10578,SPOT_UNSTABLE|EMISSION_ASSOC
2.740000,emission,50.00835,0.201808,0.54352,24.9982,1.01089,5.07647,5.10690,SPOT_UNSTABLE|EMISSION_ASSOC
2.750000,emission,49.99544,0.199774,0.53378,25.0046,1.00028,5.00951,5.10755,SPOT_UNSTABLE|EMISSION_ASSOC
2.760000,emission,49.99733,0.197508,0.53593,25.0066,0.99176,4.92421,5.11313,SPOT_UNSTABLE|EMISSION_ASSOC
2.770000,emission,50.00830,0.195171,0.53249,24.9998,0.97834,4.85726,5.11159,SPOT_UNSTABLE|EMISSION_ASSOC
2.780000,emission,49.99902,0.193658,0.52122,24.9986,0.96951,4.79791,5.08743,SPOT_UNSTABLE|EMISSION_ASSOC
2.790000,emission,50.00812,0.190934,0.51984,25.0129,0.96110,4.72357,5.09597,SPOT_UNSTABLE|EMISSION_ASSOC
2.800000,emission,49.99044,0.189032,0.45394,24.9977,0.95282,4.68551,5.10420,SPOT_UNSTABLE|EMISSION_ASSOC
2.810000,emission,50.00974,0.188082,0.50704,25.0046,0.94511,4.62842,5.09016,SPOT_UNSTABLE|EMISSION_ASSOC
2.820000,emission,50.00006,0.185895,0.48853,25.0141,0.93678,4.57923,5.09402,SPOT_UNSTABLE|EMISSION_ASSOC
2.830000,emission,49.99076,0.184328,0.51648,25.0105,0.93294,4.52348,5.09287,SPOT_UNSTABLE|EMISSION_ASSOC
2.840000,emission,49.99712,0.183779,0.50938,25.0067,0.92739,4.50290,5.10707,SPOT_UNSTABLE|EMISSION_ASSOC
2.850000,emission,49.99705,0.182439,0.46032,25.0102,0.92561,4.47134,5.09909,SPOT_UNSTABLE|EMISSION_ASSOC
2.860000,emission,49.99588,0.182391,0.48213,25.0047,0.91974,4.44759,5.11479,SPOT_UNSTABLE|EMISSION_ASSOC
2.870000,emission,50.00068,0.182484,0.49677,24.9967,0.92017,4.45462,5.08624,SPOT_UNSTABLE|EMISSION_ASSOC
2.880000,emission,50.00618,0.181607,0.50026,25.0016,0.92052,4.44147,5.09296,SPOT_UNSTABLE|EMISSION_ASSOC
2.890000,emission,49.99766,0.182510,0.48119,24.9982,0.92045,4.45826,5.10686,SPOT_UNSTABLE|EMISSION_ASSOC
2.900000,emission,50.00501,0.183199,0.45599,24.9993,0.92436,4.47963,5.09649,SPOT_UNSTABLE|EMISSION_ASSOC
2.910000,emission,49.99669,0.183285,0.47797,25.0145,0.92603,4.50462,5.08759,SPOT_UNSTABLE|EMISSION_ASSOC
2.920000,emission,50.00527,0.184334,0.50353,25.0095,0.93372,4.52071,5.10287,SPOT_UNSTABLE|EMISSION_ASSOC
2.930000,emission,50.00665,0.185962,0.47947,25.0017,0.93828,4.56672,5.10708,SPOT_UNSTABLE|EMISSION_ASSOC
2.940000,emission,49.99326,0.187479,0.53602,25.0122,0.94557,4.63350,5.11177,SPOT_UNSTABLE|EMISSION_ASSOC
2.950000,emission,50.00060,0.189499,0.54413,25.0124,0.95101,4.67067,5.11171,SPOT_UNSTABLE|EMISSION_ASSOC
2.960000,emission,50.00280,0.191291,0.54765,25.0124,0.95966,4.72317,5.10230,SPOT_UNSTABLE|EMISSION_ASSOC
2.970000,emission,50.00902,0.193868,0.52607,25.0054,0.96927,4.78731,5.11323,SPOT_UNSTABLE|EMISSION_ASSOC
2.980000,emission,50.00622,0.195846,0.52895,24.9978,0.98113,4.87659,5.11023,SPOT_UNSTABLE|EMISSION_ASSOC
2.990000,emission,49.99560,0.198161,0.47662,25.0122,0.98915,4.92588,5.10053,SPOT_UNSTABLE|EMISSION_ASSOC
3.000000,emission,49.99853,0.200285,0.52943,24.9976,1.00164,4.98573,5.08620,SPOT_UNSTABLE|EMISSION_ASSOC
3.010000,emission,50.00772,0.202146,0.46262,24.9994,1.01063,5.08233,5.10282,SPOT_UNSTABLE|EMISSION_ASSOC
3.020000,emission,50.00595,0.204174,0.54674,25.0032,1.01845,5.14909,5.08548,SPOT_UNSTABLE|EMISSION_ASSOC
3.030000,emission,49.99023,0.206269,0.52228,25.0080,1.03062,5.19211,5.08856,SPOT_UNSTABLE|EMISSION_ASSOC
3.040000,emission,49.99005,0.208620,0.54858,25.0050,1.03963,5.27102,5.09979,SPOT_UNSTABLE|EMISSION_ASSOC
3.050000,emission,49.99811,0.210989,0.47300,25.0023,1.04662,5.33549,5.10736,SPOT_UNSTABLE|EMISSION_ASSOC
3.060000,emission,50.00158,0.212100,0.53208,25.0045,1.05668,5.36851,5.08764,SPOT_UNSTABLE|EMISSION_ASSOC
3.070000,emission,50.00127,0.213445,0.45384,25.0053,1.06322,5.43251,5.10521,SPOT_UNSTABLE|EMISSION_ASSOC
3.080000,emission,50.00733,0.214993,0.45827,25.0002,1.06931,5.46245,5.08887,SPOT_UNSTABLE|EMISSION_ASSOC
3.090000,emission,49.99510,0.216028,0.53382,25.0141,1.07421,5.49893,5.11199,SPOT_UNSTABLE|EMISSION_ASSOC
3.100000,emission,50.00839,0.216633,0.49623,25.0150,1.07482,5.53698,5.08832,SPOT_UNSTABLE|EMISSION_ASSOC
3.110000,emission,49.99397,0.217415,0.50230,25.0115,1.07847,5.53302,5.09654,SPOT_UNSTABLE|EMISSION_ASSOC
3.120000,emission,49.99253,0.218301,0.45540,25.0036,1.08159,5.55263,5.09999,SPOT_UNSTABLE|EMISSION_ASSOC
3.130000,emission,50.00363,0.218215,0.48617,25.0064,1.07851,5.55038,5.09637,SPOT_UNSTABLE|EMISSION_ASSOC
3.140000,emission,49.99510,0.217546,0.50493,25.0008,1.07790,5.53963,5.10262,SPOT_UNSTABLE|EMISSION_ASSOC
3.150000,emission,50.00308,0.217408,0.46596,24.9982,1.07688,5.51979,5.09672,SPOT_UNSTABLE|EMISSION_ASSOC
3.160000,emission,50.00725,0.216656,0.45868,25.0138,1.07075,5.49275,5.09917,SPOT_UNSTABLE|EMISSION_ASSOC
3.170000,emission,50.00858,0.215647,0.49564,24.9989,1.06708,5.45122,5.10541,SPOT_UNSTABLE|EMISSION_ASSOC
3.180000,emission,50.00411,0.213468,0.47340,25.0041,1.06184,5.43071,5.11017,SPOT_UNSTABLE|EMISSION_ASSOC
3.190000,emission,50.00313,0.211849,0.52589,24.9982,1.05615,5.37712,5.10670,SPOT_UNSTABLE|EMISSION_ASSOC
3.200000,emission,49.99439,0.210181,0.54828,25.0068,1.04895,5.30867,5.09456,SPOT_UNSTABLE|EMISSION_ASSOC
3.210000,emission,50.00507,0.208864,0.49300,24.9996,1.03742,5.27487,5.09661,SPOT_UNSTABLE|EMISSION_ASSOC
3.220000,emission,49.99431,0.206912,0.45641,24.9966,1.03140,5.21278,5.10482,SPOT_UNSTABLE|EMISSION_ASSOC
3.230000,emission,50.00140,0.204027,0.52229,25.0047,1.01912,5.15023,5.10545,SPOT_UNSTABLE|EMISSION_ASSOC
3.240000,emission,50.00686,0.202460,0.46527,24.9993,1.00965,5.07882,5.08668,SPOT_UNSTABLE|EMISSION_ASSOC
3.250000,emission,49.99490,0.200441,0.51257,25.0088,1.00125,4.99408,5.09765,SPOT_UNSTABLE|EMISSION_ASSOC
3.260000,emission,50.00122,0.197766,0.54423,25.0162,0.99047,4.92396,5.09985,SPOT_UNSTABLE|EMISSION_ASSOC
3.270000,emission,49.99197,0.195728,0.47167,25.0082,0.97979,4.85620,5.08615,SPOT_UNSTABLE|EMISSION_ASSOC
3.280000,emission,50.00022,0.193845,0.49437,25.0070,0.97216,4.79878,5.09673,SPOT_UNSTABLE|EMISSION_ASSOC
3.290000,emission,50.00034,0.191047,0.47059,25.0132,0.96240,4.74569,5.10570,SPOT_UNSTABLE|EMISSION_ASSOC
3.300000,emission,49.99403,0.189106,0.50054,24.9981,0.95334,4.68765,5.10337,SPOT_UNSTABLE|EMISSION_ASSOC
3.310000,emission,49.99433,0.188131,0.52945,25.0068,0.94691,4.63615,5.10780,SPOT_UNSTABLE|EMISSION_ASSOC
3.320000,emission,49.99167,0.186131,0.47847,25.0156,0.93645,4.58635,5.11144,SPOT_UNSTABLE|EMISSION_ASSOC
3.330000,emission,49.99097,0.184407,0.45066,25.0007,0.93048,4.54014,5.09752,SPOT_UNSTABLE|EMISSION_ASSOC
3.340000,emission,49.99433,0.183490,0.50315,25.0023,0.92703,4.50809,5.08598,SPOT_UNSTABLE|EMISSION_ASSOC
3.350000,emission,50.00500,0.182591,0.52756,25.0159,0.92579,4.48065,5.08963,SPOT_UNSTABLE|EMISSION_ASSOC
3.360000,emission,49.99219,0.182391,0.53827,25.0074,0.92294,4.46005,5.09016,SPOT_UNSTABLE|EMISSION_ASSOC
3.370000,emission,50.00463,0.181922,0.48855,25.0128,0.92159,4.46205,5.10644,SPOT_UNSTABLE|EMISSION_ASSOC
3.380000,emission,50.00627,0.182160,0.47345,25.0021,0.91961,4.44379,5.08993,SPOT_UNSTABLE|EMISSION_ASSOC
3.390000,emission,49.99557,0.182156,0.54197,25.0044,0.92018,4.45809,5.10366,SPOT_UNSTABLE|EMISSION_ASSOC
3.400000,emission,50.00447,0.183024,0.49557,25.0090,0.92465,4.49149,5.09747,SPOT_UNSTABLE|EMISSION_ASSOC
3.410000,emission,50.00839,0.183930,0.47345,25.0143,0.92630,4.49511,5.09046,SPOT_UNSTABLE|EMISSION_ASSOC
3.420000,emission,49.99259,0.184829,0.50566,25.0011,0.93052,4.53753,5.09729,SPOT_UNSTABLE|EMISSION_ASSOC
3.430000,emission,49.99556,0.185938,0.46954,25.0104,0.93697,4.58315,5.09795,SPOT_UNSTABLE|EMISSION_ASSOC
3.440000,emission,50.00345,0.187316,0.52364,25.0144,0.94413,4.60881,5.09214,SPOT_UNSTABLE|EMISSION_ASSOC
3.450000,emission,49.99051,0.189823,0.50799,25.0063,0.95410,4.67168,5.10263,SPOT_UNSTABLE|EMISSION_ASSOC
3.460000,emission,49.99651,0.190936,0.53160,25.0169,0.95976,4.72848,5.09114,SPOT_UNSTABLE|EMISSION_ASSOC
3.470000,emission,50.00364,0.193637,0.51914,25.0167,0.96908,4.78818,5.09079,SPOT_UNSTABLE|EMISSION_ASSOC
3.480000,emission,50.00183,0.195963,0.47301,24.9990,0.98048,4.86452,5.11067,SPOT_UNSTABLE|EMISSION_ASSOC
3.490000,emission,49.99919,0.197414,0.49407,25.0152,0.98819,4.93251,5.11274,SPOT_UNSTABLE|EMISSION_ASSOC
3.500000,emission,49.99400,0.200431,0.48219,25.0077,1.00139,5.00720,5.09222,SPOT_UNSTABLE|EMISSION_ASSOC
3.510000,emission,49.99557,0.202710,0.54658,25.0070,1.00895,5.07613,5.11337,SPOT_UNSTABLE|EMISSION_ASSOC
3.520000,emission,50.00778,0.204257,0.54621,25.0072,1.02029,5.12621,5.09120,SPOT_UNSTABLE|EMISSION_ASSOC
3.530000,emission,50.00931,0.206141,0.53680,25.0113,1.02903,5.19824,5.09672,SPOT_UNSTABLE|EMISSION_ASSOC
3.540000,emission,50.00609,0.208367,0.53130,25.0091,1.03977,5.27005,5.11040,SPOT_UNSTABLE|EMISSION_ASSOC
3.550000,emission,50.00229,0.210868,0.48806,25.0140,1.04539,5.30908,5.08616,SPOT_UNSTABLE|EMISSION_ASSOC
3.560000,emission,50.00685,0.212745,0.51994,25.0011,1.05504,5.37445,5.09113,SPOT_UNSTABLE|EMISSION_ASSOC
3.570000,emission,50.00280,0.213887,0.48368,24.9989,1.06220,5.40928,5.08759,SPOT_UNSTABLE|EMISSION_ASSOC
3.580000,emission,50.00606,0.214719,0.53323,25.0089,1.06733,5.47495,5.10793,SPOT_UNSTABLE|EMISSION_ASSOC
3.590000,emission,49.99665,0.216771,0.47187,25.0101,1.07361,5.50214,5.09173,SPOT_UNSTABLE|EMISSION_ASSOC
3.600000,emission,50.00550,0.217446,0.53791,25.0025,1.07653,5.51802,5.09910,SPOT_UNSTABLE|EMISSION_ASSOC
3.610000,emission,49.99377,0.217387,0.54120,25.0049,1.07853,5.53732,5.09942,SPOT_UNSTABLE|EMISSION_ASSOC
3.620000,emission,50.00099,0.218123,0.48943,25.0164,1.07993,5.53736,5.10915,SPOT_UNSTABLE|EMISSION_ASSOC
3.630000,emission,49.99219,0.218020,0.51299,25.0016,1.08099,5.54962,5.10399,SPOT_UNSTABLE|EMISSION_ASSOC
3.640000,emission,49.99821,0.217897,0.52305,25.0044,1.07857,5.53397,5.08979,SPOT_UNSTABLE|EMISSION_ASSOC
3.650000,emission,49.99430,0.217455,0.53610,25.0151,1.07561,5.51901,5.11320,SPOT_UNSTABLE|EMISSION_ASSOC
3.660000,emission,49.99258,0.216431,0.50567,25.0039,1.07046,5.49242,5.08865,SPOT_UNSTABLE|EMISSION_ASSOC
3.670000,emission,50.00238,0.214808,0.52028,25.0077,1.06813,5.47766,5.10163,SPOT_UNSTABLE|EMISSION_ASSOC
3.680000,emission,50.00559,0.213580,0.48231,25.0161,1.06231,5.42744,5.10715,SPOT_UNSTABLE|EMISSION_ASSOC
3.690000,emission,50.00183,0.212536,0.51345,25.0147,1.05489,5.37036,5.11104,SPOT_UNSTABLE|EMISSION_ASSOC
3.700000,emission,50.00673,0.210286,0.52542,25.0071,1.04686,5.31805,5.08733,SPOT_UNSTABLE|EMISSION_ASSOC
3.710000,emission,49.99384,0.208877,0.47096,25.0146,1.03818,5.25670,5.09088,SPOT_UNSTABLE|EMISSION_ASSOC
3.720000,emission,49.99544,0.206587,0.50259,25.0068,1.02794,5.20578,5.10945,SPOT_UNSTABLE|EMISSION_ASSOC
3.730000,emission,49.99394,0.204366,0.48871,25.0150,1.01790,5.14961,5.09256,SPOT_UNSTABLE|EMISSION_ASSOC
3.740000,emission,50.00674,0.202228,0.45045,25.0121,1.00968,5.08277,5.11348,SPOT_UNSTABLE|EMISSION_ASSOC
3.750000,emission,49.99187,0.199733,0.53207,25.0166,1.00026,4.98610,5.11029,SPOT_UNSTABLE|EMISSION_ASSOC
3.760000,emission,50.00413,0.197681,0.46129,25.0013,0.98859,4.92038,5.09692,SPOT_UNSTABLE|EMISSION_ASSOC
3.770000,emission,50.00181,0.195881,0.49596,25.0104,0.97812,4.86606,5.10487,SPOT_UNSTABLE|EMISSION_ASSOC
3.780000,emission,50.00962,0.193144,0.48455,25.0057,0.96985,4.80174,5.11338,SPOT_UNSTABLE|EMISSION_ASSOC
3.790000,emission,50.00179,0.191413,0.53357,25.0037,0.96262,4.74302,5.08760,SPOT_UNSTABLE|EMISSION_ASSOC
3.800000,emission,50.00042,0.189230,0.49971,25.0054,0.95156,4.68947,5.09019,SPOT_UNSTABLE|EMISSION_ASSOC
3.810000,emission,49.99785,0.187792,0.49959,24.9984,0.94669,4.62132,5.08520,SPOT_UNSTABLE|EMISSION_ASSOC
3.820000,emission,49.99045,0.186199,0.46140,25.0068,0.94031,4.56377,5.09348,SPOT_UNSTABLE|EMISSION_ASSOC
3.830000,emission,49.99456,0.184364,0.52284,24.9989,0.93191,4.53703,5.08644,SPOT_UNSTABLE|EMISSION_ASSOC
3.840000,emission,49.99890,0.183810,0.53301,25.0019,0.92944,4.50415,5.10539,SPOT_UNSTABLE|EMISSION_ASSOC
3.850000,emission,49.99879,0.182553,0.46147,25.0172,0.92307,4.46889,5.10231,SPOT_UNSTABLE|EMISSION_ASSOC
3.860000,emission,50.00420,0.182676,0.54238,25.0049,0.92069,4.45089,5.09358,SPOT_UNSTABLE|EMISSION_ASSOC
3.870000,emission,49.99003,0.182316,0.45511,25.0128,0.92059,4.45992,5.10795,SPOT_UNSTABLE|EMISSION_ASSOC
3.880000,emission,49.99521,0.182511,0.49496,25.0044,0.92059,4.43812,5.09917,SPOT_UNSTABLE|EMISSION_ASSOC
3.890000,emission,49.99002,0.182732,0.48094,25.0028,0.92300,4.44562,5.09085,SPOT_UNSTABLE|EMISSION_ASSOC
3.900000,emission,49.99995,0.182397,0.49539,25.0149,0.92298,4.46957,5.10821,SPOT_UNSTABLE|EMISSION_ASSOC
3.910000,emission,49.99630,0.183265,0.49974,25.0104,0.92898,4.49830,5.09002,SPOT_UNSTABLE|EMISSION_ASSOC
3.920000,emission,50.00033,0.185261,0.54103,25.0033,0.93143,4.53892,5.10439,SPOT_UNSTABLE|EMISSION_ASSOC
3.930000,emission,50.00214,0.185994,0.54966,25.0104,0.93691,4.57570,5.09993,SPOT_UNSTABLE|EMISSION_ASSOC
3.940000,emission,50.00698,0.187638,0.49052,25.0032,0.94705,4.62989,5.09066,SPOT_UNSTABLE|EMISSION_ASSOC
3.950000,emission,50.00867,0.189881,0.46684,25.0073,0.95378,4.68266,5.09434,SPOT_UNSTABLE|EMISSION_ASSOC
3.960000,emission,49.99601,0.191675,0.45817,25.0177,0.96197,4.73471,5.09478,SPOT_UNSTABLE|EMISSION_ASSOC
3.970000,emission,49.99560,0.193141,0.48871,25.0131,0.96888,4.80405,5.10485,SPOT_UNSTABLE|EMISSION_ASSOC
3.980000,emission,49.99761,0.195640,0.47363,25.0036,0.97985,4.86421,5.09159,SPOT_UNSTABLE|EMISSION_ASSOC
3.990000,emission,49.99659,0.197897,0.48397,24.9994,0.99140,4.93242,5.10876,SPOT_UNSTABLE|EMISSION_ASSOC
4.000000,emission,49.99860,0.200111,0.45480,24.9987,1.00047,5.00624,5.11443,SPOT_UNSTABLE|EMISSION_ASSOC
4.010000,emission,49.99449,0.201824,0.45986,25.0109,1.01078,5.06120,5.08839,SPOT_UNSTABLE|EMISSION_ASSOC
4.020000,emission,49.99634,0.204007,0.50361,25.0098,1.02065,5.14306,5.11195,SPOT_UNSTABLE|EMISSION_ASSOC
4.030000,emission,49.99192,0.206156,0.47766,25.0141,1.02902,5.19206,5.10034,SPOT_UNSTABLE|EMISSION_ASSOC
4.040000,emission,50.00346,0.208839,0.52943,25.0090,1.03821,5.26914,5.10518,SPOT_UNSTABLE|EMISSION_ASSOC
4.050000,emission,49.99533,0.210727,0.46850,25.0137,1.04708,5.33767,5.08557,SPOT_UNSTABLE|EMISSION_ASSOC
4.060000,emission,49.99004,0.212462,0.46439,25.0122,1.05531,5.37105,5.09712,SPOT_UNSTABLE|EMISSION_ASSOC
4.070000,emission,49.99722,0.214240,0.53943,25.0172,1.06148,5.40893,5.09160,SPOT_UNSTABLE|EMISSION_ASSOC
4.080000,emission,50.00707,0.215367,0.54129,25.0119,1.06764,5.46754,5.10296,SPOT_UNSTABLE|EMISSION_ASSOC
4.090000,emission,50.00179,0.216221,0.50012,25.0024,1.07056,5.50129,5.10327,SPOT_UNSTABLE|EMISSION_ASSOC
4.100000,emission,49.99883,0.216639,0.48760,25.0147,1.07567,5.52172,5.08677,SPOT_UNSTABLE|EMISSION_ASSOC
4.110000,emission,49.99719,0.217773,0.48088,25.0126,1.08026,5.53966,5.10009,SPOT_UNSTABLE|EMISSION_ASSOC
4.120000,emission,50.00916,0.218241,0.53145,25.0075,1.08038,5.54618,5.10118,SPOT_UNSTABLE|EMISSION_ASSOC
4.130000,emission,50.00133,0.217718,0.45774,25.0003,1.07788,5.55808,5.10365,SPOT_UNSTABLE|EMISSION_ASSOC
4.140000,emission,49.99243,0.217828,0.54678,25.0114,1.07682,5.54762,5.09259,SPOT_UNSTABLE|EMISSION_ASSOC
4.150000,emission,50.00200,0.216755,0.50773,25.0000,1.07447,5.50933,5.08910,SPOT_UNSTABLE|EMISSION_ASSOC
4.160000,emission,50.00191,0.215839,0.46793,25.0164,1.07045,5.48615,5.08696,SPOT_UNSTABLE|EMISSION_ASSOC
4.170000,emission,50.00468,0.215204,0.49243,25.0095,1.06728,5.47479,5.09772,SPOT_UNSTABLE|EMISSION_ASSOC
4.180000,emission,50.00155,0.213844,0.50917,25.0062,1.06209,5.41935,5.09327,SPOT_UNSTABLE|EMISSION_ASSOC
4.190000,emission,49.99561,0.212554,0.46731,25.0170,1.05636,5.38594,5.11451,SPOT_UNSTABLE|EMISSION_ASSOC
4.200000,emission,49.99847,0.210992,0.51309,25.0004,1.04514,5.32742,5.10358,SPOT_UNSTABLE|EMISSION_ASSOC
4.210000,emission,49.99405,0.208729,0.54402,25.0144,1.03767,5.27989,5.10306,SPOT_UNSTABLE|EMISSION_ASSOC
4.220000,emission,49.99911,0.206496,0.45589,25.0079,1.03098,5.20673,5.09399,SPOT_UNSTABLE|EMISSION_ASSOC
4.230000,emission,50.00787,0.204471,0.54937,25.0014,1.02130,5.14149,5.11056,SPOT_UNSTABLE|EMISSION_ASSOC
4.240000,emission,49.99801,0.202567,0.53684,25.0105,1.01129,5.08105,5.10987,SPOT_UNSTABLE|EMISSION_ASSOC
4.250000,emission,49.99111,0.199928,0.53430,25.0174,1.00162,4.99948,5.08699,SPOT_UNSTABLE|EMISSION_ASSOC
4.260000,emission,49.99090,0.197448,0.50654,25.0130,0.99041,4.94429,5.11462,SPOT_UNSTABLE|EMISSION_ASSOC
4.270000,emission,49.99361,0.195135,0.54465,25.0097,0.98157,4.85093,5.11452,SPOT_UNSTABLE|EMISSION_ASSOC
4.280000,emission,50.00948,0.193445,0.52415,25.0007,0.97018,4.80298,5.10479,SPOT_UNSTABLE|EMISSION_ASSOC
4.290000,emission,50.00055,0.190988,0.47981,25.0182,0.96223,4.74380,5.11416,SPOT_UNSTABLE|EMISSION_ASSOC
4.300000,emission,50.00042,0.189573,0.50918,25.0160,0.95493,4.66324,5.09898,SPOT_UNSTABLE|EMISSION_ASSOC
4.310000,emission,50.00717,0.187279,0.49122,25.0171,0.94630,4.62935,5.08817,SPOT_UNSTABLE|EMISSION_ASSOC
4.320000,emission,50.00115,0.185662,0.45017,25.0089,0.93906,4.57112,5.09301,SPOT_UNSTABLE|EMISSION_ASSOC
4.330000,emission,49.99024,0.184757,0.51649,25.0123,0.93289,4.54929,5.11493,SPOT_UNSTABLE|EMISSION_ASSOC
4.340000,emission,49.99754,0.184209,0.48145,25.0144,0.92682,4.50067,5.10454,SPOT_UNSTABLE|EMISSION_ASSOC
4.350000,emission,50.00594,0.182747,0.46299,25.0064,0.92542,4.48686,5.09099,SPOT_UNSTABLE|EMISSION_ASSOC
4.360000,emission,50.00834,0.182764,0.52148,25.0125,0.92311,4.44601,5.10486,SPOT_UNSTABLE|EMISSION_ASSOC
4.370000,emission,49.99396,0.181995,0.45331,25.0106,0.92034,4.46003,5.10851,SPOT_UNSTABLE|EMISSION_ASSOC
4.380000,emission,50.00576,0.181996,0.51408,25.0145,0.92023,4.44546,5.08956,SPOT_UNSTABLE|EMISSION_ASSOC
4.390000,emission,50.00121,0.181854,0.48023,24.9998,0.92034,4.46857,5.09792,SPOT_UNSTABLE|EMISSION_ASSOC
4.400000,emission,49.99633,0.182668,0.50688,25.0108,0.92220,4.47294,5.10124,SPOT_UNSTABLE|EMISSION_ASSOC
4.410000,emission,50.00750,0.183997,0.49707,25.0039,0.92812,4.49929,5.10219,SPOT_UNSTABLE|EMISSION_ASSOC
4.420000,emission,50.00759,0.185217,0.47236,25.0155,0.93418,4.54728,5.09231,SPOT_UNSTABLE|EMISSION_ASSOC
4.430000,emission,49.99981,0.186457,0.54674,25.0119,0.93704,4.58409,5.11169,SPOT_UNSTABLE|EMISSION_ASSOC
4.440000,emission,50.00073,0.187581,0.50621,25.0114,0.94588,4.61039,5.11194,SPOT_UNSTABLE|EMISSION_ASSOC
4.450000,emission,49.99424,0.189059,0.51563,25.0056,0.95478,4.66899,5.09562,SPOT_UNSTABLE|EMISSION_ASSOC
4.460000,emission,49.99295,0.191775,0.45685,25.0107,0.96039,4.74148,5.10427,SPOT_UNSTABLE|EMISSION_ASSOC
4.470000,emission,50.00507,0.193291,0.54338,25.0065,0.97022,4.78707,5.08748,SPOT_UNSTABLE|EMISSION_ASSOC
4.480000,emission,49.99249,0.195687,0.53056,25.0031,0.97891,4.86544,5.09309,SPOT_UNSTABLE|EMISSION_ASSOC
4.490000,emission,50.00101,0.197430,0.53167,25.0079,0.98944,4.94016,5.08649,SPOT_UNSTABLE|EMISSION_ASSOC
4.500000,emission,50.00010,0.200142,0.50899,25.0093,1.00037,5.00842,5.08702,SPOT_UNSTABLE|EMISSION_ASSOC
4.510000,emission,49.99031,0.202304,0.53263,25.0076,1.01158,5.06076,5.09503,SPOT_UNSTABLE|EMISSION_ASSOC
4.520000,emission,49.99969,0.204526,0.49236,25.0018,1.02006,5.14226,5.10700,SPOT_UNSTABLE|EMISSION_ASSOC
4.530000,emission,49.99019,0.206583,0.46418,25.0105,1.02850,5.20341,5.10159,SPOT_UNSTABLE|EMISSION_ASSOC
4.540000,emission,50.00384,0.208754,0.47273,25.0107,1.03920,5.27093,5.10964,SPOT_UNSTABLE|EMISSION_ASSOC
4.550000,emission,50.00364,0.210932,0.45389,25.0158,1.04820,5.31119,5.10086,SPOT_UNSTABLE|EMISSION_ASSOC
4.560000,emission,50.00338,0.212164,0.52873,25.0018,1.05395,5.36543,5.08521,SPOT_UNSTABLE|EMISSION_ASSOC
4.570000,emission,49.99915,0.213833,0.45998,25.0113,1.06173,5.42351,5.10461,SPOT_UNSTABLE|EMISSION_ASSOC
4.580000,emission,49.99075,0.215591,0.54803,25.0043,1.06774,5.45973,5.11131,SPOT_UNSTABLE|EMISSION_ASSOC
4.590000,emission,50.00711,0.216436,0.51412,25.0099,1.07385,5.49533,5.11071,SPOT_UNSTABLE|EMISSION_ASSOC
4.600000,emission,50.00959,0.217456,0.50663,25.0104,1.07623,5.51575,5.09303,SPOT_UNSTABLE|EMISSION_ASSOC
4.610000,emission,50.00265,0.217534,0.48229,25.0063,1.07680,5.52901,5.08956,SPOT_UNSTABLE|EMISSION_ASSOC
4.620000,emission,50.00606,0.217817,0.49725,25.0150,1.07834,5.55284,5.09110,SPOT_UNSTABLE|EMISSION_ASSOC
4.630000,emission,49.99898,0.217634,0.50369,25.0173,1.08059,5.54844,5.09999,SPOT_UNSTABLE|EMISSION_ASSOC
4.640000,emission,50.00471,0.217930,0.48316,25.0074,1.07753,5.55349,5.10126,SPOT_UNSTABLE|EMISSION_ASSOC
4.650000,emission,49.99948,0.217328,0.54860,25.0176,1.07648,5.53470,5.10632,SPOT_UNSTABLE|EMISSION_ASSOC
4.660000,emission,50.00183,0.216678,0.49017,25.0193,1.07187,5.49257,5.09441,SPOT_UNSTABLE|EMISSION_ASSOC
4.670000,emission,49.99237,0.215667,0.49192,25.0001,1.06748,5.46257,5.09723,SPOT_UNSTABLE|EMISSION_ASSOC
4.680000,emission,50.00644,0.214114,0.51945,25.0159,1.06046,5.42169,5.10857,SPOT_UNSTABLE|EMISSION_ASSOC
4.690000,emission,50.00902,0.212196,0.53515,25.0089,1.05552,5.38310,5.09209,SPOT_UNSTABLE|EMISSION_ASSOC
4.700000,emission,50.00121,0.210087,0.49890,25.0013,1.04692,5.31243,5.09323,SPOT_UNSTABLE|EMISSION_ASSOC
4.710000,emission,50.00878,0.208662,0.48214,25.0123,1.04017,5.27669,5.10325,SPOT_UNSTABLE|EMISSION_ASSOC
4.720000,emission,50.00753,0.206383,0.47162,25.0186,1.02943,5.21123,5.08508,SPOT_UNSTABLE|EMISSION_ASSOC
4.730000,emission,50.00881,0.204362,0.48998,25.0141,1.02187,5.14027,5.11024,SPOT_UNSTABLE|EMISSION_ASSOC
4.740000,emission,49.99842,0.202659,0.47829,25.0037,1.01163,5.06512,5.10458,SPOT_UNSTABLE|EMISSION_ASSOC
4.750000,emission,50.00993,0.199534,0.53089,25.0053,1.00029,4.98877,5.10631,SPOT_UNSTABLE|EMISSION_ASSOC
4.760000,emission,49.99440,0.197761,0.50727,25.0147,0.99007,4.91892,5.08561,SPOT_UNSTABLE|EMISSION_ASSOC
4.770000,emission,50.00899,0.195425,0.52194,25.0119,0.97977,4.87072,5.10542,SPOT_UNSTABLE|EMISSION_ASSOC
4.780000,emission,49.99912,0.193261,0.49298,25.0132,0.97155,4.78266,5.08936,SPOT_UNSTABLE|EMISSION_ASSOC
4.790000,emission,49.99627,0.191425,0.46097,25.0053,0.96129,4.73899,5.10071,SPOT_UNSTABLE|EMISSION_ASSOC
4.800000,emission,50.00792,0.189385,0.52079,25.0008,0.95251,4.67913,5.10831,SPOT_UNSTABLE|EMISSION_ASSOC
4.810000,emission,50.00459,0.187389,0.45773,24.9998,0.94581,4.63565,5.09142,SPOT_UNSTABLE|EMISSION_ASSOC
4.820000,emission,49.99089,0.186471,0.47699,25.0047,0.93639,4.58892,5.11094,SPOT_UNSTABLE|EMISSION_ASSOC
4.830000,emission,50.00577,0.184637,0.52307,25.0111,0.93204,4.54317,5.11414,SPOT_UNSTABLE|EMISSION_ASSOC
4.840000,emission,49.99853,0.183684,0.54615,25.0029,0.92585,4.49884,5.09190,SPOT_UNSTABLE|EMISSION_ASSOC
4.850000,emission,49.99156,0.182579,0.48422,25.0105,0.92218,4.46777,5.10553,SPOT_UNSTABLE|EMISSION_ASSOC
4.860000,emission,49.99848,0.182616,0.53671,25.0151,0.92171,4.46355,5.10063,SPOT_UNSTABLE|EMISSION_ASSOC
4.870000,emission,49.99120,0.182153,0.48550,25.0066,0.91927,4.45364,5.10639,SPOT_UNSTABLE|EMISSION_ASSOC
4.880000,emission,49.99284,0.181564,0.49042,25.0112,0.92059,4.45404,5.09239,SPOT_UNSTABLE|EMISSION_ASSOC
4.890000,emission,49.99753,0.182682,0.51816,25.0153,0.92035,4.45371,5.11097,SPOT_UNSTABLE|EMISSION_ASSOC
4.900000,emission,50.00358,0.183303,0.53333,24.9998,0.92253,4.48409,5.11465,SPOT_UNSTABLE|EMISSION_ASSOC
4.910000,emission,49.99962,0.184133,0.45703,25.0045,0.92835,4.50220,5.08953,SPOT_UNSTABLE|EMISSION_ASSOC
4.920000,emission,49.99389,0.185157,0.53655,25.0152,0.93212,4.54281,5.08756,SPOT_UNSTABLE|EMISSION_ASSOC
4.930000,emission,50.00323,0.186396,0.47060,25.0064,0.93747,4.58237,5.09618,SPOT_UNSTABLE|EMISSION_ASSOC
4.940000,emission,49.99366,0.187632,0.50560,25.0134,0.94478,4.60975,5.11433,SPOT_UNSTABLE|EMISSION_ASSOC
4.950000,emission,50.00217,0.188947,0.47210,25.0069,0.95125,4.68670,5.10733,SPOT_UNSTABLE|EMISSION_ASSOC
4.960000,emission,50.00233,0.190882,0.48880,25.0012,0.96005,4.74656,5.09487,SPOT_UNSTABLE|EMISSION_ASSOC
4.970000,emission,49.99545,0.193366,0.49803,25.0132,0.97242,4.80329,5.08746,SPOT_UNSTABLE|EMISSION_ASSOC
4.980000,emission,50.00977,0.195418,0.51882,25.0168,0.98131,4.87629,5.10948,SPOT_UNSTABLE|EMISSION_ASSOC
4.990000,emission,50.00795,0.197543,0.49350,25.0094,0.99089,4.93812,5.10893,SPOT_UNSTABLE|EMISSION_ASSOC
5.000000,emission,49.99070,0.199780,0.45936,25.0193,0.99809,4.98664,5.09618,SPOT_UNSTABLE|EMISSION_ASSOC
5.010000,emission,49.99754,0.202270,0.45761,25.0143,1.00927,5.05499,5.09877,SPOT_UNSTABLE|EMISSION_ASSOC
5.020000,emission,50.00778,0.204968,0.45108,25.0040,1.01988,5.13692,5.10163,SPOT_UNSTABLE|EMISSION_ASSOC
5.030000,emission,50.00018,0.207085,0.51191,25.0029,1.02810,5.19075,5.08955,SPOT_UNSTABLE|EMISSION_ASSOC
5.040000,emission,50.00786,0.208234,0.51940,25.0130,1.03831,5.26897,5.11012,SPOT_UNSTABLE|EMISSION_ASSOC
5.050000,emission,50.00840,0.210125,0.50856,25.0103,1.04863,5.32835,5.11021,SPOT_UNSTABLE|EMISSION_ASSOC
5.060000,emission,49.99289,0.212146,0.45263,25.0189,1.05518,5.37958,5.11178,SPOT_UNSTABLE|EMISSION_ASSOC
5.070000,emission,49.99814,0.214031,0.54715,25.0122,1.06186,5.41356,5.09831,SPOT_UNSTABLE|EMISSION_ASSOC
5.080000,emission,49.99597,0.215411,0.46323,25.0066,1.06645,5.47503,5.10018,SPOT_UNSTABLE|EMISSION_ASSOC
5.090000,emission,50.00580,0.216032,0.52689,25.0095,1.07198,5.50648,5.11402,SPOT_UNSTABLE|EMISSION_ASSOC
5.100000,emission,49.99207,0.216646,0.53933,25.0061,1.07784,5.52725,5.10478,SPOT_UNSTABLE|EMISSION_ASSOC
5.110000,emission,49.99344,0.218001,0.48077,25.0132,1.07853,5.52725,5.11086,SPOT_UNSTABLE|EMISSION_ASSOC
5.120000,emission,50.00701,0.217971,0.45881,25.0147,1.08137,5.55415,5.10450,SPOT_UNSTABLE|EMISSION_ASSOC
5.130000,emission,49.99507,0.217870,0.52575,25.0008,1.08121,5.53868,5.09448,SPOT_UNSTABLE|EMISSION_ASSOC
5.140000,emission,49.99401,0.217628,0.50613,25.0167,1.07826,5.55467,5.10973,SPOT_UNSTABLE|EMISSION_ASSOC
5.150000,emission,49.99388,0.217024,0.47469,25.0192,1.07463,5.52860,5.10196,SPOT_UNSTABLE|EMISSION_ASSOC
5.160000,emission,49.99120,0.215810,0.48314,25.0196,1.07319,5.49947,5.11060,SPOT_UNSTABLE|EMISSION_ASSOC
5.170000,emission,50.00907,0.215642,0.49852,25.0167,1.06832,5.46450,5.08567,SPOT_UNSTABLE|EMISSION_ASSOC
5.180000,emission,49.99146,0.214164,0.47146,25.0018,1.06017,5.41310,5.09354,SPOT_UNSTABLE|EMISSION_ASSOC
5.190000,emission,49.99344,0.212059,0.45549,25.0071,1.05494,5.37201,5.09062,SPOT_UNSTABLE|EMISSION_ASSOC
5.200000,emission,49.99436,0.210939,0.46595,25.0097,1.04752,5.30844,5.10575,SPOT_UNSTABLE|EMISSION_ASSOC
5.210000,emission,49.99034,0.208518,0.52685,25.0106,1.03977,5.26202,5.09851,SPOT_UNSTABLE|EMISSION_ASSOC
5.220000,emission,50.00549,0.206201,0.48861,25.0063,1.02801,5.19350,5.11210,SPOT_UNSTABLE|EMISSION_ASSOC
5.230000,emission,49.99188,0.204950,0.46923,25.0053,1.02065,5.12741,5.08810,SPOT_UNSTABLE|EMISSION_ASSOC
5.240000,emission,50.00646,0.201857,0.49016,25.0151,1.00862,5.07804,5.11130,SPOT_UNSTABLE|EMISSION_ASSOC
5.250000,emission,49.99140,0.199893,0.52076,25.0203,1.00096,5.01423,5.10589,SPOT_UNSTABLE|EMISSION_ASSOC
5.260000,emission,49.99639,0.198082,0.48482,25.0030,0.98950,4.91807,5.10113,SPOT_UNSTABLE|EMISSION_ASSOC
5.270000,emission,49.99222,0.195320,0.53624,25.0032,0.98011,4.86287,5.09625,SPOT_UNSTABLE|EMISSION_ASSOC
5.280000,emission,50.00862,0.193128,0.52246,25.0038,0.97140,4.79431,5.10688,SPOT_UNSTABLE|EMISSION_ASSOC
5.290000,emission,49.99418,0.191122,0.48317,25.0135,0.95965,4.72689,5.10244,SPOT_UNSTABLE|EMISSION_ASSOC
5.300000,emission,49.99099,0.188995,0.51426,25.0135,0.95228,4.67948,5.08627,SPOT_UNSTABLE|EMISSION_ASSOC
5.310000,emission,50.00978,0.187198,0.46083,25.0136,0.94331,4.61012,5.10143,SPOT_UNSTABLE|EMISSION_ASSOC
5.320000,emission,49.99060,0.186165,0.47255,25.0043,0.93774,4.58543,5.08745,SPOT_UNSTABLE|EMISSION_ASSOC
5.330000,emission,49.99435,0.184886,0.51586,25.0156,0.93261,4.55023,5.11269,SPOT_UNSTABLE|EMISSION_ASSOC
5.340000,emission,50.00091,0.183979,0.53564,25.0030,0.92623,4.50644,5.09940,SPOT_UNSTABLE|EMISSION_ASSOC
5.350000,emission,49.99095,0.182492,0.47532,25.0200,0.92317,4.47967,5.10674,SPOT_UNSTABLE|EMISSION_ASSOC
5.360000,emission,49.99607,0.182520,0.50439,25.0080,0.92149,4.44578,5.11439,SPOT_UNSTABLE|EMISSION_ASSOC
5.370000,emission,50.00178,0.182432,0.50911,25.0075,0.92063,4.45567,5.08915,SPOT_UNSTABLE|EMISSION_ASSOC
5.380000,emission,49.99166,0.182444,0.45045,25.0049,0.92082,4.45226,5.08569,SPOT_UNSTABLE|EMISSION_ASSOC
5.390000,emission,50.00535,0.182681,0.52338,25.0068,0.92314,4.46067,5.10252,SPOT_UNSTABLE|EMISSION_ASSOC
5.400000,emission,49.99783,0.183233,0.54802,25.0080,0.92381,4.48686,5.10847,SPOT_UNSTABLE|EMISSION_ASSOC
5.410000,emission,49.99271,0.184169,0.48227,25.0015,0.92624,4.49616,5.09916,SPOT_UNSTABLE|EMISSION_ASSOC
5.420000,emission,50.00702,0.184370,0.46289,25.0158,0.93125,4.54043,5.09354,SPOT_UNSTABLE|EMISSION_ASSOC
5.430000,emission,49.99971,0.186316,0.51209,25.0177,0.94002,4.58726,5.09299,SPOT_UNSTABLE|EMISSION_ASSOC
5.440000,emission,49.99016,0.188031,0.48515,25.0168,0.94517,4.61705,5.10087,SPOT_UNSTABLE|EMISSION_ASSOC
5.450000,emission,49.99490,0.189344,0.46738,25.0139,0.95316,4.68496,5.09690,SPOT_UNSTABLE|EMISSION_ASSOC
5.460000,emission,49.99862,0.191553,0.54717,25.0038,0.96037,4.74753,5.08672,SPOT_UNSTABLE|EMISSION_ASSOC
5.470000,emission,50.00689,0.193147,0.48764,25.0089,0.97138,4.80951,5.09404,SPOT_UNSTABLE|EMISSION_ASSOC
5.480000,emission,49.99047,0.195345,0.50732,25.0093,0.98123,4.86855,5.10528,SPOT_UNSTABLE|EMISSION_ASSOC
5.490000,emission,49.99147,0.197683,0.45301,25.0142,0.99159,4.94393,5.11454,SPOT_UNSTABLE|EMISSION_ASSOC
5.500000,emission,49.99525,0.199500,0.53342,25.0010,0.99983,4.99946,5.10603,SPOT_UNSTABLE|EMISSION_ASSOC
5.510000,emission,50.00858,0.201866,0.51417,25.0110,1.00992,5.08240,5.11495,SPOT_UNSTABLE|EMISSION_ASSOC
5.520000,emission,50.00746,0.204317,0.46966,25.0044,1.01861,5.13501,5.10195,SPOT_UNSTABLE|EMISSION_ASSOC
5.530000,emission,49.99448,0.207090,0.53059,25.0161,1.02954,5.21740,5.09385,SPOT_UNSTABLE|EMISSION_ASSOC
5.540000,emission,49.99166,0.208698,0.54783,25.0143,1.03872,5.25222,5.10476,SPOT_UNSTABLE|EMISSION_ASSOC
5.550000,emission,49.99496,0.210645,0.46060,25.0193,1.04760,5.32197,5.11397,SPOT_UNSTABLE|EMISSION_ASSOC
5.560000,emission,49.99797,0.212140,0.48905,25.0017,1.05494,5.36920,5.09200,SPOT_UNSTABLE|EMISSION_ASSOC
5.570000,emission,50.00412,0.213679,0.51033,25.0026,1.05996,5.43364,5.08725,SPOT_UNSTABLE|EMISSION_ASSOC
5.580000,emission,50.00150,0.215224,0.46829,25.0149,1.06877,5.46453,5.11006,SPOT_UNSTABLE|EMISSION_ASSOC
5.590000,emission,50.00993,0.215840,0.52495,25.0134,1.07326,5.48347,5.10577,SPOT_UNSTABLE|EMISSION_ASSOC
5.600000,emission,49.99975,0.217291,0.45981,25.0156,1.07683,5.52583,5.09768,SPOT_UNSTABLE|EMISSION_ASSOC
5.610000,emission,49.99453,0.217613,0.49899,25.0204,1.07732,5.54200,5.09459,SPOT_UNSTABLE|EMISSION_ASSOC
5.620000,emission,50.00417,0.217859,0.48118,25.0099,1.07986,5.54583,5.10987,SPOT_UNSTABLE|EMISSION_ASSOC
5.630000,emission,49.99524,0.218461,0.45107,25.0175,1.08044,5.54321,5.09556,SPOT_UNSTABLE|EMISSION_ASSOC
5.640000,emission,49.99219,0.217433,0.48567,25.0141,1.07796,5.53187,5.11197,SPOT_UNSTABLE|EMISSION_ASSOC
5.650000,emission,49.99210,0.217483,0.45660,25.0044,1.07516,5.53122,5.09975,SPOT_UNSTABLE|EMISSION_ASSOC
5.660000,emission,50.00012,0.216111,0.45042,25.0077,1.07278,5.49089,5.09223,SPOT_UNSTABLE|EMISSION_ASSOC
5.670000,emission,49.99195,0.215271,0.51725,25.0124,1.06680,5.47364,5.09274,SPOT_UNSTABLE|EMISSION_ASSOC
5.680000,emission,50.00246,0.214056,0.45111,25.0140,1.06075,5.42471,5.09822,SPOT_UNSTABLE|EMISSION_ASSOC
5.690000,emission,49.99724,0.212225,0.47447,25.0185,1.05651,5.37253,5.09831,SPOT_UNSTABLE|EMISSION_ASSOC
5.700000,emission,49.99442,0.210856,0.53463,25.0094,1.04519,5.32057,5.10170,SPOT_UNSTABLE|EMISSION_ASSOC
5.710000,emission,50.00277,0.208660,0.50151,25.0190,1.04017,5.27956,5.10425,SPOT_UNSTABLE|EMISSION_ASSOC
5.720000,emission,49.99893,0.206183,0.48084,25.0111,1.03015,5.20713,5.08815,SPOT_UNSTABLE|EMISSION_ASSOC
5.730000,emission,50.00555,0.204874,0.54145,25.0039,1.01874,5.14041,5.09526,SPOT_UNSTABLE|EMISSION_ASSOC
5.740000,emission,49.99325,0.202606,0.51344,25.0079,1.00807,5.05769,5.09474,SPOT_UNSTABLE|EMISSION_ASSOC
5.750000,emission,50.00351,0.199745,0.45329,25.0163,0.99918,4.99329,5.10510,SPOT_UNSTABLE|EMISSION_ASSOC
5.760000,emission,49.99932,0.197827,0.46063,25.0055,0.98962,4.93803,5.10397,SPOT_UNSTABLE|EMISSION_ASSOC
5.770000,emission,50.00932,0.195774,0.49088,25.0103,0.97955,4.85318,5.08909,SPOT_UNSTABLE|EMISSION_ASSOC
5.780000,emission,50.00295,0.193704,0.50871,25.0187,0.97117,4.79642,5.10379,SPOT_UNSTABLE|EMISSION_ASSOC
5.790000,emission,49.99735,0.191485,0.52610,25.0025,0.96186,4.74554,5.11146,SPOT_UNSTABLE|EMISSION_ASSOC
5.800000,emission,50.00567,0.189163,0.51799,25.0109,0.95428,4.68683,5.08792,SPOT_UNSTABLE|EMISSION_ASSOC
5.810000,emission,50.00530,0.187179,0.54520,25.0109,0.94413,4.63524,5.09637,SPOT_UNSTABLE|EMISSION_ASSOC
5.820000,emission,50.00640,0.186107,0.51181,25.0116,0.93728,4.57292,5.08685,SPOT_UNSTABLE|EMISSION_ASSOC
5.830000,emission,49.99013,0.184891,0.45094,25.0123,0.93284,4.52858,5.09877,SPOT_UNSTABLE|EMISSION_ASSOC
5.840000,emission,50.00324,0.183708,0.48621,25.0192,0.92581,4.49890,5.09002,SPOT_UNSTABLE|EMISSION_ASSOC
5.850000,emission,49.99966,0.182471,0.50054,25.0083,0.92261,4.49155,5.09788,SPOT_UNSTABLE|EMISSION_ASSOC
5.860000,emission,49.99632,0.182662,0.45277,25.0189,0.92239,4.47388,5.10729,SPOT_UNSTABLE|EMISSION_ASSOC
5.870000,emission,49.99023,0.181683,0.45511,25.0090,0.92095,4.44618,5.08519,SPOT_UNSTABLE|EMISSION_ASSOC
5.880000,emission,50.00565,0.182051,0.50008,25.0180,0.91860,4.43758,5.10224,SPOT_UNSTABLE|EMISSION_ASSOC
5.890000,emission,50.00613,0.182486,0.51847,25.0205,0.92023,4.46323,5.09556,SPOT_UNSTABLE|EMISSION_ASSOC
5.900000,emission,49.99030,0.183061,0.47220,25.0190,0.92363,4.46706,5.08578,SPOT_UNSTABLE|EMISSION_ASSOC
5.910000,emission,50.00139,0.184036,0.45614,25.0155,0.92799,4.51293,5.10791,SPOT_UNSTABLE|EMISSION_ASSOC
5.920000,emission,49.99344,0.184947,0.49683,25.0033,0.93155,4.53548,5.10500,SPOT_UNSTABLE|EMISSION_ASSOC
5.930000,emission,49.99818,0.185684,0.51699,25.0040,0.93931,4.58958,5.08644,SPOT_UNSTABLE|EMISSION_ASSOC
5.940000,emission,49.99708,0.187882,0.48205,25.0205,0.94614,4.61496,5.11398,SPOT_UNSTABLE|EMISSION_ASSOC
5.950000,emission,50.00203,0.189218,0.48546,25.0110,0.95421,4.69157,5.09758,SPOT_UNSTABLE|EMISSION_ASSOC
5.960000,emission,49.99810,0.191775,0.52067,25.0134,0.96104,4.73408,5.08915,SPOT_UNSTABLE|EMISSION_ASSOC
5.970000,emission,50.00124,0.193087,0.47811,25.0149,0.96919,4.79865,5.09754,SPOT_UNSTABLE|EMISSION_ASSOC
5.980000,emission,50.00898,0.195324,0.52607,25.0168,0.98031,4.86847,5.10694,SPOT_UNSTABLE|EMISSION_ASSOC
5.990000,emission,50.00938,0.198170,0.52160,25.0092,0.99100,4.93284,5.11341,SPOT_UNSTABLE|EMISSION_ASSOC
6.000000,emission,50.00891,0.199550,0.45435,25.0183,0.99891,4.98640,5.09431,SPOT_UNSTABLE|EMISSION_ASSOC
6.010000,emission,49.99591,0.202113,0.51405,25.0139,1.00865,5.06340,5.10316,SPOT_UNSTABLE|EMISSION_ASSOC
6.020000,emission,49.99994,0.204414,0.47587,25.0043,1.01795,5.14297,5.09876,SPOT_UNSTABLE|EMISSION_ASSOC
6.030000,emission,49.99193,0.206225,0.53754,25.0138,1.02778,5.19798,5.08927,SPOT_UNSTABLE|EMISSION_ASSOC
6.040000,emission,50.00476,0.208892,0.52625,25.0199,1.04031,5.25288,5.10175,SPOT_UNSTABLE|EMISSION_ASSOC
6.050000,emission,50.00799,0.210591,0.45934,25.0056,1.04643,5.32630,5.10347,SPOT_UNSTABLE|EMISSION_ASSOC
6.060000,emission,49.99408,0.212678,0.52359,25.0069,1.05650,5.36471,5.09360,SPOT_UNSTABLE|EMISSION_ASSOC
6.070000,emission,49.99860,0.213372,0.49183,25.0170,1.06093,5.41956,5.10820,SPOT_UNSTABLE|EMISSION_ASSOC
6.080000,emission,49.99800,0.215492,0.46639,25.0060,1.06697,5.45615,5.10772,SPOT_UNSTABLE|EMISSION_ASSOC
6.090000,emission,50.00643,0.216480,0.48104,25.0086,1.07402,5.51107,5.11073,SPOT_UNSTABLE|EMISSION_ASSOC
6.100000,emission,49.99427,0.217428,0.45712,25.0079,1.07711,5.51156,5.10145,SPOT_UNSTABLE|EMISSION_ASSOC
6.110000,emission,49.99811,0.217658,0.51835,25.0078,1.07738,5.54231,5.10071,SPOT_UNSTABLE|EMISSION_ASSOC
6.120000,emission,50.00270,0.217899,0.50978,25.0051,1.08007,5.55738,5.11040,SPOT_UNSTABLE|EMISSION_ASSOC
6.130000,emission,49.99494,0.217993,0.52413,25.0176,1.08164,5.55695,5.09713,SPOT_UNSTABLE|EMISSION_ASSOC
6.140000,emission,50.00550,0.218109,0.52872,25.0216,1.07947,5.52922,5.09586,SPOT_UNSTABLE|EMISSION_ASSOC
6.150000,emission,50.00694,0.217597,0.49426,25.0052,1.07438,5.52346,5.08943,SPOT_UNSTABLE|EMISSION_ASSOC
6.160000,emission,50.00434,0.216647,0.47056,25.0145,1.07428,5.50390,5.11132,SPOT_UNSTABLE|EMISSION_ASSOC
6.170000,emission,50.00843,0.215129,0.53438,25.0220,1.06584,5.47868,5.08566,SPOT_UNSTABLE|EMISSION_ASSOC
6.180000,emission,49.99278,0.214351,0.45304,25.0188,1.06134,5.43172,5.08796,SPOT_UNSTABLE|EMISSION_ASSOC
6.190000,emission,50.00938,0.212704,0.49080,25.0122,1.05435,5.38973,5.10026,SPOT_UNSTABLE|EMISSION_ASSOC
6.200000,emission,49.99328,0.211046,0.53546,25.0188,1.04527,5.31652,5.08947,SPOT_UNSTABLE|EMISSION_ASSOC
6.210000,emission,49.99000,0.208869,0.52587,25.0143,1.03767,5.25413,5.09284,SPOT_UNSTABLE|EMISSION_ASSOC
6.220000,emission,49.99815,0.206727,0.49557,25.0044,1.02783,5.21436,5.09903,SPOT_UNSTABLE|EMISSION_ASSOC
6.230000,emission,49.99801,0.204566,0.53677,25.0174,1.01845,5.12774,5.09764,SPOT_UNSTABLE|EMISSION_ASSOC
6.240000,emission,50.00900,0.202284,0.54982,25.0201,1.00858,5.05423,5.09392,SPOT_UNSTABLE|EMISSION_ASSOC
6.250000,emission,50.00959,0.199633,0.48528,25.0219,0.99836,5.01073,5.08976,SPOT_UNSTABLE|EMISSION_ASSOC
6.260000,emission,50.00652,0.197488,0.53719,25.0141,0.98880,4.93632,5.09089,SPOT_UNSTABLE|EMISSION_ASSOC
6.270000,emission,50.00817,0.195222,0.54927,25.0095,0.98039,4.85362,5.09924,SPOT_UNSTABLE|EMISSION_ASSOC
6.280000,emission,50.00749,0.193768,0.49484,25.0085,0.96884,4.79343,5.09828,SPOT_UNSTABLE|EMISSION_ASSOC
6.290000,emission,49.99004,0.190899,0.53025,25.0042,0.96202,4.73167,5.09537,SPOT_UNSTABLE|EMISSION_ASSOC
6.300000,emission,49.99511,0.189889,0.52606,25.0177,0.95226,4.68001,5.10141,SPOT_UNSTABLE|EMISSION_ASSOC
6.310000,emission,50.00472,0.187878,0.51138,25.0199,0.94675,4.63758,5.09259,SPOT_UNSTABLE|EMISSION_ASSOC
6.320000,emission,50.00886,0.185967,0.47925,25.0046,0.93968,4.58817,5.10769,SPOT_UNSTABLE|EMISSION_ASSOC
6.330000,emission,49.99172,0.185177,0.46383,25.0220,0.93083,4.54172,5.10339,SPOT_UNSTABLE|EMISSION_ASSOC
6.340000,emission,50.00605,0.184009,0.45266,25.0056,0.92639,4.49298,5.08945,SPOT_UNSTABLE|EMISSION_ASSOC
6.350000,emission,50.00469,0.183335,0.50152,25.0117,0.92368,4.47766,5.10382,SPOT_UNSTABLE|EMISSION_ASSOC
6.360000,emission,50.00740,0.182317,0.49410,25.0099,0.91978,4.44680,5.08661,SPOT_UNSTABLE|EMISSION_ASSOC
6.370000,emission,49.99151,0.181850,0.49243,25.0080,0.92071,4.45142,5.09168,SPOT_UNSTABLE|EMISSION_ASSOC
6.380000,emission,50.00693,0.182243,0.50876,25.0165,0.92058,4.45688,5.11140,SPOT_UNSTABLE|EMISSION_ASSOC
6.390000,emission,50.00406,0.182736,0.50419,25.0180,0.92274,4.44515,5.08622,SPOT_UNSTABLE|EMISSION_ASSOC
6.400000,emission,49.99128,0.182979,0.50389,25.0098,0.92372,4.48792,5.09335,SPOT_UNSTABLE|EMISSION_ASSOC
6.410000,emission,49.99710,0.183604,0.49924,25.0156,0.92889,4.51552,5.10066,SPOT_UNSTABLE|EMISSION_ASSOC
6.420000,emission,50.00893,0.184901,0.51663,25.0121,0.93209,4.52476,5.10878,SPOT_UNSTABLE|EMISSION_ASSOC
6.430000,emission,50.00234,0.186487,0.45670,25.0178,0.93946,4.58111,5.11378,SPOT_UNSTABLE|EMISSION_ASSOC
6.440000,emission,50.00401,0.187484,0.47260,25.0139,0.94686,4.63543,5.11440,SPOT_UNSTABLE|EMISSION_ASSOC
6.450000,emission,50.00254,0.189419,0.49044,25.0077,0.95154,4.68834,5.10449,SPOT_UNSTABLE|EMISSION_ASSOC
6.460000,emission,49.99722,0.191528,0.53899,25.0082,0.96254,4.73467,5.09399,SPOT_UNSTABLE|EMISSION_ASSOC
6.470000,emission,50.00314,0.193412,0.51163,25.0042,0.97141,4.78947,5.11227,SPOT_UNSTABLE|EMISSION_ASSOC
6.480000,emission,50.00500,0.195512,0.54799,25.0074,0.98067,4.86836,5.08957,SPOT_UNSTABLE|EMISSION_ASSOC
6.490000,emission,49.99610,0.197264,0.45636,25.0094,0.98815,4.92422,5.09649,SPOT_UNSTABLE|EMISSION_ASSOC
6.500000,emission,49.99340,0.199788,0.50605,25.0170,1.00049,5.00289,5.08864,SPOT_UNSTABLE|EMISSION_ASSOC
6.510000,emission,49.99440,0.202386,0.51973,25.0219,1.01070,5.06778,5.10816,SPOT_UNSTABLE|EMISSION_ASSOC
6.520000,emission,49.99121,0.204185,0.45268,25.0103,1.01917,5.12665,5.08596,SPOT_UNSTABLE|EMISSION_ASSOC
6.530000,emission,49.99611,0.206833,0.51478,25.0170,1.03049,5.20700,5.09781,SPOT_UNSTABLE|EMISSION_ASSOC
6.540000,emission,49.99449,0.208903,0.52022,25.0193,1.03946,5.26575,5.10666,SPOT_UNSTABLE|EMISSION_ASSOC
6.550000,emission,49.99653,0.210867,0.46288,25.0177,1.04705,5.31200,5.09289,SPOT_UNSTABLE|EMISSION_ASSOC
6.560000,emission,50.00728,0.212513,0.45539,25.0060,1.05434,5.38945,5.10685,SPOT_UNSTABLE|EMISSION_ASSOC
6.570000,emission,49.99606,0.213842,0.52849,25.0197,1.06216,5.43777,5.10552,SPOT_UNSTABLE|EMISSION_ASSOC
6.580000,emission,49.99837,0.214845,0.52469,25.0132,1.06952,5.45454,5.09150,SPOT_UNSTABLE|EMISSION_ASSOC
6.590000,emission,49.99199,0.215958,0.49187,25.0136,1.07401,5.49803,5.10777,SPOT_UNSTABLE|EMISSION_ASSOC
6.600000,emission,49.99610,0.216758,0.52075,25.0075,1.07472,5.51891,5.10848,SPOT_UNSTABLE|EMISSION_ASSOC
6.610000,emission,50.00458,0.217631,0.51440,25.0124,1.08019,5.53660,5.09429,SPOT_UNSTABLE|EMISSION_ASSOC
6.620000,emission,49.99023,0.217711,0.54667,25.0072,1.08099,5.54490,5.11465,SPOT_UNSTABLE|EMISSION_ASSOC
6.630000,emission,49.99478,0.217844,0.54862,25.0142,1.08006,5.54877,5.11210,SPOT_UNSTABLE|EMISSION_ASSOC
6.640000,emission,50.00729,0.217787,0.46124,25.0131,1.07859,5.54903,5.08574,SPOT_UNSTABLE|EMISSION_ASSOC
6.650000,emission,49.99142,0.217025,0.48635,25.0092,1.07445,5.52127,5.10289,SPOT_UNSTABLE|EMISSION_ASSOC
6.660000,emission,50.00965,0.215929,0.45132,25.0131,1.07249,5.50898,5.09993,SPOT_UNSTABLE|EMISSION_ASSOC
6.670000,emission,50.00319,0.214715,0.47757,25.0084,1.06701,5.46408,5.10462,SPOT_UNSTABLE|EMISSION_ASSOC
6.680000,emission,50.00548,0.213683,0.53954,25.0080,1.06220,5.42744,5.09495,SPOT_UNSTABLE|EMISSION_ASSOC
6.690000,emission,49.99539,0.212730,0.49876,25.0055,1.05431,5.36400,5.11446,SPOT_UNSTABLE|EMISSION_ASSOC
6.700000,emission,50.00325,0.210249,0.46718,25.0192,1.04798,5.33792,5.08553,SPOT_UNSTABLE|EMISSION_ASSOC
6.710000,emission,50.00427,0.208572,0.45595,25.0078,1.03970,5.27888,5.10611,SPOT_UNSTABLE|EMISSION_ASSOC
6.720000,emission,50.00579,0.206248,0.49489,25.0150,1.02861,5.20688,5.08946,SPOT_UNSTABLE|EMISSION_ASSOC
6.730000,emission,49.99503,0.204788,0.48339,25.0056,1.02088,5.12669,5.10698,SPOT_UNSTABLE|EMISSION_ASSOC
6.740000,emission,49.99233,0.201783,0.46924,25.0060,1.00933,5.07062,5.09346,SPOT_UNSTABLE|EMISSION_ASSOC
6.750000,emission,50.00352,0.199624,0.49754,25.0106,0.99997,4.99464,5.09813,SPOT_UNSTABLE|EMISSION_ASSOC
6.760000,emission,50.00863,0.197278,0.49170,25.0209,0.98800,4.92230,5.11147,SPOT_UNSTABLE|EMISSION_ASSOC
6.770000,emission,50.00811,0.195991,0.49630,25.0177,0.98057,4.86418,5.08784,SPOT_UNSTABLE|EMISSION_ASSOC
6.780000,emission,49.99029,0.193652,0.53033,25.0176,0.97176,4.80509,5.09328,SPOT_UNSTABLE|EMISSION_ASSOC
6.790000,emission,49.99820,0.191309,0.50964,25.0044,0.96332,4.72876,5.11057,SPOT_UNSTABLE|EMISSION_ASSOC
6.800000,emission,49.99098,0.189869,0.51410,25.0114,0.95374,4.68951,5.10080,SPOT_UNSTABLE|EMISSION_ASSOC
6.810000,emission,49.99084,0.187397,0.51731,25.0206,0.94497,4.63500,5.11389,SPOT_UNSTABLE|EMISSION_ASSOC
6.820000,emission,50.00959,0.186132,0.47702,25.0205,0.93909,4.58740,5.10478,SPOT_UNSTABLE|EMISSION_ASSOC
6.830000,emission,49.99762,0.185258,0.50807,25.0065,0.93382,4.52564,5.08833,SPOT_UNSTABLE|EMISSION_ASSOC
6.840000,emission,49.99636,0.183263,0.45458,25.0103,0.92760,4.48991,5.08884,SPOT_UNSTABLE|EMISSION_ASSOC
6.850000,emission,49.99265,0.182464,0.46905,25.0144,0.92325,4.48775,5.09592,SPOT_UNSTABLE|EMISSION_ASSOC
6.860000,emission,50.00280,0.182474,0.51079,25.0109,0.92078,4.47240,5.10161,SPOT_UNSTABLE|EMISSION_ASSOC
6.870000,emission,49.99897,0.181837,0.51957,25.0050,0.92213,4.45163,5.10458,SPOT_UNSTABLE|EMISSION_ASSOC
6.880000,emission,49.99069,0.182053,0.47046,25.0073,0.92059,4.46450,5.11355,SPOT_UNSTABLE|EMISSION_ASSOC
6.890000,emission,50.00771,0.182523,0.54783,25.0107,0.92249,4.44908,5.09391,SPOT_UNSTABLE|EMISSION_ASSOC
6.900000,emission,50.00758,0.182817,0.48049,25.0147,0.92574,4.48791,5.10527,SPOT_UNSTABLE|EMISSION_ASSOC
6.910000,emission,49.99212,0.184109,0.52668,25.0092,0.92831,4.49391,5.08586,SPOT_UNSTABLE|EMISSION_ASSOC
6.920000,emission,49.99624,0.184793,0.50631,25.0196,0.93299,4.53731,5.09869,SPOT_UNSTABLE|EMISSION_ASSOC
6.930000,emission,50.00875,0.186576,0.48354,25.0221,0.93996,4.57673,5.10705,SPOT_UNSTABLE|EMISSION_ASSOC
6.940000,emission,49.99008,0.187867,0.51698,25.0109,0.94489,4.63092,5.08672,SPOT_UNSTABLE|EMISSION_ASSOC
6.950000,emission,49.99167,0.189325,0.53444,25.0221,0.95220,4.68929,5.11169,SPOT_UNSTABLE|EMISSION_ASSOC
6.960000,emission,50.00078,0.191263,0.50607,25.0207,0.96190,4.74479,5.09819,SPOT_UNSTABLE|EMISSION_ASSOC
6.970000,emission,49.99456,0.193599,0.47070,25.0196,0.97251,4.78663,5.10981,SPOT_UNSTABLE|EMISSION_ASSOC
6.980000,emission,50.00668,0.195184,0.46597,25.0110,0.97918,4.85017,5.10993,SPOT_UNSTABLE|EMISSION_ASSOC
6.990000,emission,49.99990,0.198200,0.46388,25.0149,0.99046,4.92520,5.10883,SPOT_UNSTABLE|EMISSION_ASSOC
7.000000,emission,50.00418,0.199854,0.46306,25.0129,1.00124,5.01349,5.11381,SPOT_UNSTABLE|EMISSION_ASSOC
7.010000,emission,50.00672,0.202721,0.53794,25.0055,1.00876,5.06900,5.10314,SPOT_UNSTABLE|EMISSION_ASSOC
7.020000,emission,50.00857,0.204120,0.47989,25.0168,1.01841,5.12510,5.10948,SPOT_UNSTABLE|EMISSION_ASSOC
7.030000,emission,50.00892,0.206440,0.50174,25.0055,1.02871,5.21034,5.10776,SPOT_UNSTABLE|EMISSION_ASSOC
7.040000,emission,50.00973,0.208679,0.48146,25.0064,1.04020,5.26342,5.11197,SPOT_UNSTABLE|EMISSION_ASSOC
7.050000,emission,49.99674,0.210830,0.54799,25.0210,1.04645,5.33367,5.10700,SPOT_UNSTABLE|EMISSION_ASSOC
7.060000,emission,49.99895,0.212634,0.45478,25.0184,1.05293,5.36643,5.11178,SPOT_UNSTABLE|EMISSION_ASSOC
7.070000,emission,49.99547,0.214177,0.46130,25.0100,1.06126,5.41804,5.10667,SPOT_UNSTABLE|EMISSION_ASSOC
7.080000,emission,49.99214,0.215257,0.54764,25.0116,1.06630,5.46072,5.09298,SPOT_UNSTABLE|EMISSION_ASSOC
7.090000,emission,50.00944,0.216352,0.54547,25.0067,1.07428,5.51075,5.08831,SPOT_UNSTABLE|EMISSION_ASSOC
7.100000,emission,49.99750,0.217408,0.52321,25.0050,1.07734,5.53016,5.09687,SPOT_UNSTABLE|EMISSION_ASSOC
7.110000,emission,50.00690,0.218150,0.53394,25.0208,1.08023,5.55191,5.09559,SPOT_UNSTABLE|EMISSION_ASSOC
7.120000,emission,49.99962,0.217790,0.53479,25.0166,1.08071,5.54938,5.10342,SPOT_UNSTABLE|EMISSION_ASSOC
7.130000,emission,49.99360,0.218179,0.49460,25.0236,1.07822,5.54969,5.09560,SPOT_UNSTABLE|EMISSION_ASSOC
7.140000,emission,49.99184,0.217930,0.53898,25.0204,1.07775,5.53325,5.08544,SPOT_UNSTABLE|EMISSION_ASSOC
7.150000,emission,50.00165,0.216749,0.53603,25.0096,1.07660,5.52025,5.11069,SPOT_UNSTABLE|EMISSION_ASSOC
7.160000,emission,49.99219,0.216346,0.48929,25.0082,1.07407,5.49937,5.09009,SPOT_UNSTABLE|EMISSION_ASSOC
7.170000,emission,49.99563,0.214989,0.47405,25.0051,1.06944,5.47726,5.09935,SPOT_UNSTABLE|EMISSION_ASSOC
7.180000,emission,50.00065,0.213466,0.51473,25.0054,1.05967,5.43763,5.11289,SPOT_UNSTABLE|EMISSION_ASSOC
7.190000,emission,49.99270,0.212297,0.48100,25.0184,1.05288,5.36443,5.10658,SPOT_UNSTABLE|EMISSION_ASSOC
7.200000,emission,50.00323,0.210489,0.47226,25.0172,1.04822,5.32731,5.10114,SPOT_UNSTABLE|EMISSION_ASSOC
7.210000,emission,49.99743,0.208458,0.52107,25.0161,1.04025,5.26406,5.09437,SPOT_UNSTABLE|EMISSION_ASSOC
7.220000,emission,49.99813,0.206151,0.49832,25.0095,1.03063,5.20800,5.09028,SPOT_UNSTABLE|EMISSION_ASSOC
7.230000,emission,50.00752,0.204231,0.53116,25.0076,1.02039,5.12491,5.10165,SPOT_UNSTABLE|EMISSION_ASSOC
7.240000,emission,49.99678,0.202279,0.45472,25.0160,1.01078,5.07447,5.08774,SPOT_UNSTABLE|EMISSION_ASSOC
7.250000,emission,50.00427,0.200229,0.54219,25.0190,0.99944,5.00798,5.09812,SPOT_UNSTABLE|EMISSION_ASSOC
7.260000,emission,49.99449,0.197736,0.49890,25.0236,0.98892,4.91823,5.09882,SPOT_UNSTABLE|EMISSION_ASSOC
7.270000,emission,50.00282,0.195191,0.50901,25.0140,0.97925,4.85879,5.09913,SPOT_UNSTABLE|EMISSION_ASSOC
7.280000,emission,49.99744,0.193790,0.48980,25.0208,0.97045,4.79708,5.09710,SPOT_UNSTABLE|EMISSION_ASSOC
7.290000,emission,49.99352,0.191763,0.53254,25.0148,0.96011,4.72332,5.10648,SPOT_UNSTABLE|EMISSION_ASSOC
7.300000,emission,49.99217,0.189843,0.49857,25.0074,0.95108,4.67088,5.11283,SPOT_UNSTABLE|EMISSION_ASSOC
7.310000,emission,49.99761,0.187317,0.47268,25.0175,0.94472,4.61164,5.10412,SPOT_UNSTABLE|EMISSION_ASSOC
7.320000,emission,49.99527,0.185704,0.51043,25.0147,0.93847,4.57277,5.09509,SPOT_UNSTABLE|EMISSION_ASSOC
7.330000,emission,50.00041,0.184542,0.47113,25.0079,0.93399,4.53278,5.10573,SPOT_UNSTABLE|EMISSION_ASSOC
7.340000,emission,50.00248,0.183887,0.51074,25.0101,0.92818,4.49324,5.10283,SPOT_UNSTABLE|EMISSION_ASSOC
7.350000,emission,49.99301,0.183358,0.48523,25.0200,0.92458,4.48562,5.11402,SPOT_UNSTABLE|EMISSION_ASSOC
7.360000,emission,49.99287,0.182734,0.52600,25.0153,0.92271,4.44607,5.10418,SPOT_UNSTABLE|EMISSION_ASSOC
7.370000,emission,50.00154,0.182363,0.48408,25.0118,0.91948,4.44855,5.09723,SPOT_UNSTABLE|EMISSION_ASSOC
7.380000,emission,49.99233,0.182097,0.47092,25.0123,0.92184,4.45172,5.09859,SPOT_UNSTABLE|EMISSION_ASSOC
7.390000,emission,49.99227,0.182462,0.53251,25.0247,0.92125,4.47381,5.08780,SPOT_UNSTABLE|EMISSION_ASSOC
7.400000,emission,50.00668,0.182970,0.51628,25.0125,0.92588,4.48336,5.09016,SPOT_UNSTABLE|EMISSION_ASSOC
7.410000,emission,50.00215,0.183716,0.49325,25.0167,0.92787,4.49605,5.09872,SPOT_UNSTABLE|EMISSION_ASSOC
7.420000,emission,49.99570,0.185301,0.47096,25.0147,0.93200,4.54361,5.09898,SPOT_UNSTABLE|EMISSION_ASSOC
7.430000,emission,49.99932,0.185752,0.46922,25.0090,0.93749,4.57768,5.08657,SPOT_UNSTABLE|EMISSION_ASSOC
7.440000,emission,49.99984,0.187398,0.54628,25.0096,0.94432,4.63465,5.08816,SPOT_UNSTABLE|EMISSION_ASSOC
7.450000,emission,49.99817,0.189447,0.49218,25.0241,0.95259,4.68018,5.09356,SPOT_UNSTABLE|EMISSION_ASSOC
7.460000,emission,50.00970,0.191378,0.47277,25.0119,0.96129,4.74149,5.11324,SPOT_UNSTABLE|EMISSION_ASSOC
7.470000,emission,49.99943,0.192996,0.49788,25.0102,0.96908,4.80061,5.09562,SPOT_UNSTABLE|EMISSION_ASSOC
7.480000,emission,50.00874,0.195096,0.45024,25.0249,0.98058,4.85516,5.10651,SPOT_UNSTABLE|EMISSION_ASSOC
7.490000,emission,50.00885,0.198117,0.51674,25.0205,0.99165,4.93019,5.08698,SPOT_UNSTABLE|EMISSION_ASSOC
7.500000,emission,49.99965,0.200420,0.46229,25.0082,1.00156,5.00113,5.08565,SPOT_UNSTABLE|EMISSION_ASSOC
7.510000,emission,49.99037,0.201858,0.51037,25.0072,1.00881,5.06614,5.09574,SPOT_UNSTABLE|EMISSION_ASSOC
7.520000,emission,49.99044,0.204759,0.45834,25.0152,1.01967,5.13560,5.10406,SPOT_UNSTABLE|EMISSION_ASSOC
7.530000,emission,50.00097,0.206631,0.50255,25.0248,1.02964,5.19413,5.10551,SPOT_UNSTABLE|EMISSION_ASSOC
7.540000,emission,50.00309,0.208888,0.52974,25.0223,1.03672,5.25949,5.09319,SPOT_UNSTABLE|EMISSION_ASSOC
7.550000,emission,49.99746,0.210412,0.54686,25.0054,1.04660,5.32482,5.08877,SPOT_UNSTABLE|EMISSION_ASSOC
7.560000,emission,50.00314,0.212397,0.46451,25.0092,1.05560,5.36518,5.10426,SPOT_UNSTABLE|EMISSION_ASSOC
7.570000,emission,49.99065,0.213920,0.54645,25.0114,1.06271,5.40999,5.10369,SPOT_UNSTABLE|EMISSION_ASSOC
7.580000,emission,50.00734,0.215191,0.48713,25.0093,1.06905,5.45462,5.10321,SPOT_UNSTABLE|EMISSION_ASSOC
7.590000,emission,49.99098,0.215798,0.45157,25.0206,1.07156,5.48969,5.09013,SPOT_UNSTABLE|EMISSION_ASSOC
7.600000,emission,49.99695,0.217276,0.45881,25.0233,1.07557,5.52758,5.09689,SPOT_UNSTABLE|EMISSION_ASSOC
7.610000,emission,49.99348,0.217649,0.51411,25.0147,1.07853,5.53657,5.10947,SPOT_UNSTABLE|EMISSION_ASSOC
7.620000,emission,50.00019,0.218360,0.45886,25.0143,1.08071,5.54650,5.08554,SPOT_UNSTABLE|EMISSION_ASSOC
7.630000,emission,50.00940,0.218105,0.53028,25.0179,1.07849,5.53708,5.10859,SPOT_UNSTABLE|EMISSION_ASSOC
7.640000,emission,49.99706,0.217370,0.47277,25.0151,1.07825,5.53733,5.10551,SPOT_UNSTABLE|EMISSION_ASSOC
7.650000,emission,49.99920,0.217185,0.46107,25.0056,1.07649,5.53457,5.10699,SPOT_UNSTABLE|EMISSION_ASSOC
7.660000,emission,49.99862,0.216734,0.50641,25.0191,1.07131,5.49455,5.11123,SPOT_UNSTABLE|EMISSION_ASSOC
7.670000,emission,49.99688,0.214857,0.53918,25.0111,1.06648,5.45705,5.11073,SPOT_UNSTABLE|EMISSION_ASSOC
7.680000,emission,50.00654,0.213888,0.51121,25.0195,1.06350,5.41170,5.08670,SPOT_UNSTABLE|EMISSION_ASSOC
7.690000,emission,49.99158,0.212319,0.45929,25.0159,1.05424,5.37659,5.09343,SPOT_UNSTABLE|EMISSION_ASSOC
7.700000,emission,50.00504,0.210856,0.47309,25.0245,1.04565,5.33682,5.10736,SPOT_UNSTABLE|EMISSION_ASSOC
7.710000,emission,50.00836,0.208737,0.45973,25.0091,1.03848,5.25668,5.09538,SPOT_UNSTABLE|EMISSION_ASSOC
7.720000,emission,50.00097,0.206724,0.46880,25.0121,1.02808,5.19240,5.11408,SPOT_UNSTABLE|EMISSION_ASSOC
7.730000,emission,49.99966,0.204547,0.54653,25.0125,1.01993,5.14378,5.09362,SPOT_UNSTABLE|EMISSION_ASSOC
7.740000,emission,50.00582,0.202073,0.45969,25.0202,1.01072,5.07449,5.11493,SPOT_UNSTABLE|EMISSION_ASSOC
7.750000,emission,50.00085,0.199511,0.53926,25.0248,0.99978,4.98877,5.11069,SPOT_UNSTABLE|EMISSION_ASSOC
7.760000,emission,49.99210,0.197990,0.45510,25.0138,0.99137,4.94063,5.10811,SPOT_UNSTABLE|EMISSION_ASSOC
7.770000,emission,49.99114,0.195025,0.54056,25.0059,0.97909,4.85639,5.10396,SPOT_UNSTABLE|EMISSION_ASSOC
7.780000,emission,49.99179,0.193687,0.46707,25.0140,0.97062,4.79520,5.10443,SPOT_UNSTABLE|EMISSION_ASSOC
7.790000,emission,49.99421,0.191437,0.50195,25.0227,0.96286,4.72789,5.11397,SPOT_UNSTABLE|EMISSION_ASSOC
7.800000,emission,50.00262,0.189113,0.47620,25.0130,0.95224,4.68877,5.08976,SPOT_UNSTABLE|EMISSION_ASSOC
7.810000,emission,50.00395,0.187628,0.48563,25.0250,0.94589,4.62506,5.09443,SPOT_UNSTABLE|EMISSION_ASSOC
7.820000,emission,50.00549,0.185761,0.46656,25.0236,0.93726,4.57799,5.09108,SPOT_UNSTABLE|EMISSION_ASSOC
7.830000,emission,50.00997,0.184729,0.45999,25.0110,0.93128,4.54520,5.09189,SPOT_UNSTABLE|EMISSION_ASSOC
7.840000,emission,49.99941,0.183283,0.54655,25.0073,0.92748,4.51091,5.11410,SPOT_UNSTABLE|EMISSION_ASSOC
7.850000,emission,49.99687,0.182856,0.52316,25.0137,0.92226,4.48846,5.08519,SPOT_UNSTABLE|EMISSION_ASSOC
7.860000,emission,50.00460,0.182025,0.48411,25.0123,0.91964,4.45144,5.09928,SPOT_UNSTABLE|EMISSION_ASSOC
7.870000,emission,50.00151,0.181950,0.47939,25.0244,0.92023,4.45169,5.08631,SPOT_UNSTABLE|EMISSION_ASSOC
7.880000,emission,49.99730,0.182291,0.52951,25.0133,0.91931,4.46269,5.09676,SPOT_UNSTABLE|EMISSION_ASSOC
7.890000,emission,50.00522,0.182557,0.50397,25.0106,0.92093,4.45098,5.11169,SPOT_UNSTABLE|EMISSION_ASSOC
7.900000,emission,49.99658,0.182551,0.50921,25.0208,0.92402,4.47408,5.10326,SPOT_UNSTABLE|EMISSION_ASSOC
7.910000,emission,49.99419,0.183446,0.48042,25.0128,0.92870,4.49733,5.10836,SPOT_UNSTABLE|EMISSION_ASSOC
7.920000,emission,49.99058,0.185084,0.52978,25.0147,0.93256,4.53828,5.11429,SPOT_UNSTABLE|EMISSION_ASSOC
7.930000,emission,49.99243,0.185713,0.48418,25.0167,0.93779,4.58103,5.10956,SPOT_UNSTABLE|EMISSION_ASSOC
7.940000,emission,50.00389,0.188110,0.46441,25.0081,0.94561,4.62330,5.10861,SPOT_UNSTABLE|EMISSION_ASSOC
7.950000,emission,49.99869,0.189157,0.47706,25.0130,0.95472,4.67972,5.11084,SPOT_UNSTABLE|EMISSION_ASSOC
7.960000,emission,49.99444,0.191516,0.48649,25.0074,0.96271,4.73852,5.08665,SPOT_UNSTABLE|EMISSION_ASSOC
7.970000,emission,49.99360,0.193725,0.47205,25.0241,0.97144,4.79690,5.08838,SPOT_UNSTABLE|EMISSION_ASSOC
7.980000,emission,50.00472,0.195312,0.49637,25.0225,0.98180,4.87452,5.09646,SPOT_UNSTABLE|EMISSION_ASSOC
7.990000,emission,50.00615,0.197329,0.48542,25.0084,0.99020,4.92195,5.10669,SPOT_UNSTABLE|EMISSION_ASSOC
8.000000,emission,50.00362,0.200007,0.54010,25.0234,1.00098,4.98987,5.09749,SPOT_UNSTABLE|EMISSION_ASSOC
8.010000,emission,49.99180,0.201793,0.51779,25.0189,1.00875,5.08225,5.10055,SPOT_UNSTABLE|EMISSION_ASSOC
8.020000,emission,49.99876,0.204820,0.47457,25.0061,1.02099,5.13813,5.10015,SPOT_UNSTABLE|EMISSION_ASSOC
8.030000,emission,49.99847,0.206840,0.45560,25.0227,1.02831,5.20466,5.10872,SPOT_UNSTABLE|EMISSION_ASSOC
8.040000,emission,50.00028,0.208994,0.47169,25.0203,1.03906,5.25939,5.09567,SPOT_UNSTABLE|EMISSION_ASSOC
8.050000,emission,49.99321,0.210215,0.46372,25.0216,1.04782,5.31913,5.08930,SPOT_UNSTABLE|EMISSION_ASSOC
8.060000,emission,49.99281,0.212112,0.50833,25.0238,1.05440,5.38701,5.09113,SPOT_UNSTABLE|EMISSION_ASSOC
8.070000,emission,49.99221,0.214029,0.50688,25.0244,1.06128,5.43279,5.11314,SPOT_UNSTABLE|EMISSION_ASSOC
8.080000,emission,50.00842,0.215233,0.53810,25.0089,1.06918,5.46650,5.09869,SPOT_UNSTABLE|EMISSION_ASSOC
8.090000,emission,49.99191,0.216597,0.49679,25.0101,1.07051,5.49225,5.09719,SPOT_UNSTABLE|EMISSION_ASSOC
8.100000,emission,50.00578,0.217459,0.51834,25.0101,1.07464,5.53379,5.10884,SPOT_UNSTABLE|EMISSION_ASSOC
8.110000,emission,49.99956,0.218147,0.47066,25.0167,1.07926,5.55422,5.08706,SPOT_UNSTABLE|EMISSION_ASSOC
8.120000,emission,49.99698,0.218253,0.45123,25.0164,1.07964,5.54903,5.10634,SPOT_UNSTABLE|EMISSION_ASSOC
8.130000,emission,50.00037,0.218186,0.47080,25.0154,1.08176,5.55472,5.09400,SPOT_UNSTABLE|EMISSION_ASSOC
8.140000,emission,49.99790,0.218055,0.52341,25.0151,1.07791,5.55376,5.08651,SPOT_UNSTABLE|EMISSION_ASSOC
8.150000,emission,49.99477,0.216772,0.47118,25.0199,1.07776,5.52415,5.10779,SPOT_UNSTABLE|EMISSION_ASSOC
8.160000,emission,49.99883,0.216504,0.47508,25.0064,1.07138,5.50840,5.11041,SPOT_UNSTABLE|EMISSION_ASSOC
8.170000,emission,50.00648,0.214840,0.49036,25.0074,1.06560,5.45371,5.10048,SPOT_UNSTABLE|EMISSION_ASSOC
8.180000,emission,49.99384,0.213449,0.52860,25.0124,1.05972,5.42753,5.09238,SPOT_UNSTABLE|EMISSION_ASSOC
8.190000,emission,49.99956,0.212818,0.49840,25.0119,1.05442,5.37802,5.08885,SPOT_UNSTABLE|EMISSION_ASSOC
8.200000,emission,49.99783,0.211013,0.53887,25.0241,1.04592,5.32735,5.11356,SPOT_UNSTABLE|EMISSION_ASSOC
8.210000,emission,50.00312,0.208368,0.47396,25.0105,1.03740,5.25266,5.09173,SPOT_UNSTABLE|EMISSION_ASSOC
8.220000,emission,49.99422,0.206768,0.52548,25.0200,1.03128,5.20635,5.09343,SPOT_UNSTABLE|EMISSION_ASSOC
8.230000,emission,50.00583,0.204061,0.45291,25.0219,1.02107,5.14407,5.09549,SPOT_UNSTABLE|EMISSION_ASSOC
8.240000,emission,50.00112,0.202685,0.48972,25.0182,1.00851,5.08278,5.10843,SPOT_UNSTABLE|EMISSION_ASSOC
8.250000,emission,50.00118,0.200367,0.53811,25.0162,1.00077,4.99654,5.10176,SPOT_UNSTABLE|EMISSION_ASSOC
8.260000,emission,49.99546,0.197521,0.54059,25.0090,0.98893,4.94243,5.09616,SPOT_UNSTABLE|EMISSION_ASSOC
8.270000,emission,49.99919,0.195430,0.46743,25.0152,0.97820,4.87698,5.09990,SPOT_UNSTABLE|EMISSION_ASSOC
8.280000,emission,49.99884,0.193692,0.53331,25.0165,0.97154,4.80598,5.09494,SPOT_UNSTABLE|EMISSION_ASSOC
8.290000,emission,50.00197,0.190913,0.46993,25.0221,0.96304,4.72576,5.08809,SPOT_UNSTABLE|EMISSION_ASSOC
8.300000,emission,50.00253,0.189083,0.49291,25.0184,0.95428,4.68629,5.08638,SPOT_UNSTABLE|EMISSION_ASSOC
8.310000,emission,49.99177,0.187608,0.53480,25.0120,0.94448,4.62281,5.10366,SPOT_UNSTABLE|EMISSION_ASSOC
8.320000,emission,49.99856,0.185717,0.53601,25.0180,0.93642,4.58173,5.10186,SPOT_UNSTABLE|EMISSION_ASSOC
8.330000,emission,50.00996,0.184856,0.48032,25.0144,0.93245,4.54389,5.11278,SPOT_UNSTABLE|EMISSION_ASSOC
8.340000,emission,50.00421,0.183261,0.54644,25.0221,0.92809,4.49208,5.09761,SPOT_UNSTABLE|EMISSION_ASSOC
8.350000,emission,49.99764,0.182813,0.49682,25.0103,0.92296,4.46476,5.09264,SPOT_UNSTABLE|EMISSION_ASSOC
8.360000,emission,50.00644,0.182088,0.48676,25.0086,0.92165,4.45651,5.09567,SPOT_UNSTABLE|EMISSION_ASSOC
8.370000,emission,49.99184,0.181677,0.45484,25.0146,0.92129,4.44275,5.11373,SPOT_UNSTABLE|EMISSION_ASSOC
8.380000,emission,50.00574,0.181642,0.46864,25.0170,0.92179,4.44013,5.08509,SPOT_UNSTABLE|EMISSION_ASSOC
8.390000,emission,50.00942,0.181866,0.47397,25.0242,0.92272,4.44723,5.10703,SPOT_UNSTABLE|EMISSION_ASSOC
8.400000,emission,49.99239,0.183115,0.54243,25.0113,0.92533,4.48390,5.08767,SPOT_UNSTABLE|EMISSION_ASSOC
8.410000,emission,49.99268,0.184169,0.54452,25.0162,0.92832,4.49587,5.10784,SPOT_UNSTABLE|EMISSION_ASSOC
8.420000,emission,49.99839,0.184622,0.53086,25.0076,0.93171,4.54323,5.09990,SPOT_UNSTABLE|EMISSION_ASSOC
8.430000,emission,49.99934,0.185906,0.54045,25.0170,0.93982,4.57240,5.08667,SPOT_UNSTABLE|EMISSION_ASSOC
8.440000,emission,50.00154,0.188169,0.50472,25.0109,0.94384,4.61189,5.09760,SPOT_UNSTABLE|EMISSION_ASSOC
8.450000,emission,50.00536,0.189385,0.46387,25.0218,0.95455,4.68779,5.11476,SPOT_UNSTABLE|EMISSION_ASSOC
8.460000,emission,49.99070,0.191266,0.51155,25.0253,0.96187,4.73953,5.09534,SPOT_UNSTABLE|EMISSION_ASSOC
8.470000,emission,49.99339,0.193305,0.47436,25.0141,0.96986,4.80009,5.08921,SPOT_UNSTABLE|EMISSION_ASSOC
8.480000,emission,49.99892,0.195213,0.50240,25.0116,0.98058,4.87277,5.08945,SPOT_UNSTABLE|EMISSION_ASSOC
8.490000,emission,49.99397,0.197519,0.48817,25.0181,0.99123,4.94277,5.08768,SPOT_UNSTABLE|EMISSION_ASSOC
8.500000,emission,49.99106,0.200313,0.48820,25.0096,1.00178,5.00033,5.11495,SPOT_UNSTABLE|EMISSION_ASSOC
8.510000,emission,49.99182,0.202524,0.53764,25.0204,1.00961,5.07671,5.10639,SPOT_UNSTABLE|EMISSION_ASSOC
8.520000,emission,49.99984,0.204723,0.47705,25.0188,1.01994,5.14177,5.09285,SPOT_UNSTABLE|EMISSION_ASSOC
8.530000,emission,49.99733,0.206538,0.46721,25.0080,1.02768,5.20129,5.08516,SPOT_UNSTABLE|EMISSION_ASSOC
8.540000,emission,49.99633,0.208839,0.52909,25.0180,1.03864,5.25681,5.08926,SPOT_UNSTABLE|EMISSION_ASSOC
8.550000,emission,49.99457,0.210851,0.46547,25.0197,1.04535,5.33494,5.09112,SPOT_UNSTABLE|EMISSION_ASSOC
8.560000,emission,50.00295,0.212075,0.49593,25.0133,1.05392,5.38603,5.10072,SPOT_UNSTABLE|EMISSION_ASSOC
8.570000,emission,50.00336,0.213607,0.49780,25.0262,1.06330,5.42911,5.08527,SPOT_UNSTABLE|EMISSION_ASSOC
8.580000,emission,50.00619,0.215267,0.52060,25.0214,1.06777,5.45519,5.09591,SPOT_UNSTABLE|EMISSION_ASSOC
8.590000,emission,49.99493,0.216120,0.46991,25.0119,1.07098,5.50158,5.09532,SPOT_UNSTABLE|EMISSION_ASSOC
8.600000,emission,50.00827,0.216717,0.54028,25.0187,1.07792,5.53192,5.09165,SPOT_UNSTABLE|EMISSION_ASSOC
8.610000,emission,49.99047,0.217514,0.52213,25.0107,1.07672,5.53930,5.11102,SPOT_UNSTABLE|EMISSION_ASSOC
8.620000,emission,50.00791,0.217642,0.49115,25.0239,1.07831,5.54656,5.11493,SPOT_UNSTABLE|EMISSION_ASSOC
8.630000,emission,50.00998,0.217788,0.48728,25.0125,1.07911,5.55764,5.09639,SPOT_UNSTABLE|EMISSION_ASSOC
8.640000,emission,50.00738,0.217659,0.54256,25.0209,1.07695,5.55516,5.11247,SPOT_UNSTABLE|EMISSION_ASSOC
8.650000,emission,49.99665,0.217603,0.54419,25.0236,1.07434,5.51527,5.11351,SPOT_UNSTABLE|EMISSION_ASSOC
8.660000,emission,50.00116,0.216345,0.51759,25.0116,1.07186,5.49501,5.08899,SPOT_UNSTABLE|EMISSION_ASSOC
8.670000,emission,50.00124,0.214962,0.52414,25.0222,1.06608,5.46274,5.08738,SPOT_UNSTABLE|EMISSION_ASSOC
8.680000,emission,49.99784,0.214076,0.47113,25.0100,1.06080,5.41679,5.09468,SPOT_UNSTABLE|EMISSION_ASSOC
8.690000,emission,50.00243,0.211935,0.48143,25.0246,1.05349,5.37099,5.08663,SPOT_UNSTABLE|EMISSION_ASSOC
8.700000,emission,49.99769,0.210678,0.52516,25.0205,1.04525,5.33613,5.08540,SPOT_UNSTABLE|EMISSION_ASSOC
8.710000,emission,50.00382,0.208274,0.48149,25.0209,1.04048,5.27429,5.11349,SPOT_UNSTABLE|EMISSION_ASSOC
8.720000,emission,49.99918,0.206133,0.48556,25.0139,1.02764,5.19646,5.10517,SPOT_UNSTABLE|EMISSION_ASSOC
8.730000,emission,49.99849,0.204745,0.49392,25.0210,1.02038,5.13361,5.11476,SPOT_UNSTABLE|EMISSION_ASSOC
8.740000,emission,49.99544,0.202092,0.51674,25.0177,1.00949,5.05734,5.09462,SPOT_UNSTABLE|EMISSION_ASSOC
8.750000,emission,50.00775,0.199821,0.46187,25.0240,0.99842,4.99168,5.09507,SPOT_UNSTABLE|EMISSION_ASSOC
8.760000,emission,49.99261,0.197443,0.51137,25.0235,0.98902,4.94443,5.08972,SPOT_UNSTABLE|EMISSION_ASSOC
8.770000,emission,49.99398,0.195559,0.45807,25.0268,0.98093,4.86338,5.09246,SPOT_UNSTABLE|EMISSION_ASSOC
8.780000,emission,49.99176,0.193121,0.49248,25.0157,0.97059,4.80096,5.08707,SPOT_UNSTABLE|EMISSION_ASSOC
8.790000,emission,49.99973,0.191696,0.48901,25.0242,0.96176,4.74480,5.09486,SPOT_UNSTABLE|EMISSION_ASSOC
8.800000,emission,49.99149,0.189885,0.50731,25.0088,0.95445,4.68263,5.09507,SPOT_UNSTABLE|EMISSION_ASSOC
8.810000,emission,50.00632,0.187652,0.47718,25.0263,0.94720,4.61494,5.09229,SPOT_UNSTABLE|EMISSION_ASSOC
8.820000,emission,50.00558,0.186403,0.54571,25.0253,0.93907,4.58029,5.08802,SPOT_UNSTABLE|EMISSION_ASSOC
8.830000,emission,49.99880,0.184932,0.49487,25.0276,0.93311,4.54585,5.10446,SPOT_UNSTABLE|EMISSION_ASSOC
8.840000,emission,49.99500,0.183811,0.52383,25.0162,0.92704,4.51489,5.10264,SPOT_UNSTABLE|EMISSION_ASSOC
8.850000,emission,49.99859,0.182827,0.54606,25.0226,0.92376,4.46334,5.08506,SPOT_UNSTABLE|EMISSION_ASSOC
8.860000,emission,50.00304,0.182466,0.54600,25.0149,0.92005,4.44770,5.09742,SPOT_UNSTABLE|EMISSION_ASSOC
8.870000,emission,50.00441,0.181983,0.45358,25.0179,0.92216,4.45173,5.11286,SPOT_UNSTABLE|EMISSION_ASSOC
8.880000,emission,50.00200,0.181960,0.47604,25.0164,0.91863,4.45404,5.11497,SPOT_UNSTABLE|EMISSION_ASSOC
8.890000,emission,49.99540,0.182757,0.51174,25.0176,0.92331,4.45584,5.09355,SPOT_UNSTABLE|EMISSION_ASSOC
8.900000,emission,50.00640,0.183214,0.54545,25.0137,0.92506,4.47155,5.10918,SPOT_UNSTABLE|EMISSION_ASSOC
8.910000,emission,50.00025,0.184114,0.46703,25.0261,0.92731,4.49165,5.08707,SPOT_UNSTABLE|EMISSION_ASSOC
8.920000,emission,50.00730,0.184610,0.47973,25.0220,0.93399,4.54138,5.09288,SPOT_UNSTABLE|EMISSION_ASSOC
8.930000,emission,49.99307,0.186370,0.49764,25.0140,0.93763,4.56764,5.09880,SPOT_UNSTABLE|EMISSION_ASSOC
8.940000,emission,49.99074,0.187259,0.46899,25.0150,0.94348,4.63542,5.10217,SPOT_UNSTABLE|EMISSION_ASSOC
8.950000,emission,50.00238,0.189270,0.53184,25.0105,0.95310,4.68151,5.10258,SPOT_UNSTABLE|EMISSION_ASSOC
8.960000,emission,50.00765,0.191746,0.52373,25.0161,0.96238,4.72987,5.09932,SPOT_UNSTABLE|EMISSION_ASSOC
8.970000,emission,50.00523,0.192964,0.48325,25.0158,0.97111,4.80594,5.10537,SPOT_UNSTABLE|EMISSION_ASSOC
8.980000,emission,49.99846,0.195460,0.47474,25.0278,0.98023,4.86903,5.09212,SPOT_UNSTABLE|EMISSION_ASSOC
8.990000,emission,50.00493,0.198205,0.54238,25.0137,0.98889,4.94182,5.08870,SPOT_UNSTABLE|EMISSION_ASSOC
9.000000,emission,50.00944,0.200170,0.47721,25.0191,0.99952,4.99842,5.11316,SPOT_UNSTABLE|EMISSION_ASSOC
9.010000,emission,50.00964,0.201907,0.45663,25.0277,1.00833,5.07185,5.08941,SPOT_UNSTABLE|EMISSION_ASSOC
9.020000,emission,50.00584,0.204208,0.49528,25.0238,1.01921,5.12582,5.10177,SPOT_UNSTABLE|EMISSION_ASSOC
9.030000,emission,50.00205,0.206835,0.50946,25.0117,1.03072,5.19197,5.10158,SPOT_UNSTABLE|EMISSION_ASSOC
9.040000,emission,49.99550,0.208701,0.45527,25.0263,1.03975,5.26972,5.09364,SPOT_UNSTABLE|EMISSION_ASSOC
9.050000,emission,50.00719,0.210986,0.48177,25.0193,1.04827,5.32578,5.10100,SPOT_UNSTABLE|EMISSION_ASSOC
9.060000,emission,50.00177,0.212181,0.49588,25.0159,1.05654,5.36756,5.09361,SPOT_UNSTABLE|EMISSION_ASSOC
9.070000,emission,50.00928,0.213959,0.49948,25.0132,1.06142,5.41872,5.09499,SPOT_UNSTABLE|EMISSION_ASSOC
9.080000,emission,49.99301,0.214776,0.49117,25.0131,1.06683,5.46011,5.10373,SPOT_UNSTABLE|EMISSION_ASSOC
9.090000,emission,50.00913,0.216653,0.54814,25.0258,1.07430,5.49711,5.10958,SPOT_UNSTABLE|EMISSION_ASSOC
9.100000,emission,50.00299,0.217491,0.51054,25.0269,1.07651,5.53252,5.09728,SPOT_UNSTABLE|EMISSION_ASSOC
9.110000,emission,49.99302,0.217705,0.52364,25.0111,1.08033,5.55350,5.08644,SPOT_UNSTABLE|EMISSION_ASSOC
9.120000,emission,50.00987,0.218003,0.48892,25.0104,1.08078,5.54638,5.09841,SPOT_UNSTABLE|EMISSION_ASSOC
9.130000,emission,49.99332,0.217632,0.49453,25.0199,1.07810,5.54634,5.08904,SPOT_UNSTABLE|EMISSION_ASSOC
9.140000,emission,49.99576,0.217396,0.54174,25.0144,1.08012,5.54083,5.11125,SPOT_UNSTABLE|EMISSION_ASSOC
9.150000,emission,50.00132,0.217300,0.53197,25.0167,1.07534,5.51018,5.09401,SPOT_UNSTABLE|EMISSION_ASSOC
9.160000,emission,49.99155,0.216443,0.45429,25.0167,1.07104,5.51178,5.10082,SPOT_UNSTABLE|EMISSION_ASSOC
9.170000,emission,49.99550,0.215637,0.52441,25.0170,1.06852,5.46531,5.09621,SPOT_UNSTABLE|EMISSION_ASSOC
9.180000,emission,49.99856,0.213990,0.53498,25.0199,1.06109,5.42837,5.08563,SPOT_UNSTABLE|EMISSION_ASSOC
9.190000,emission,49.99464,0.212047,0.49180,25.0088,1.05495,5.38315,5.09625,SPOT_UNSTABLE|EMISSION_ASSOC
9.200000,emission,49.99577,0.210709,0.52800,25.0201,1.04761,5.31235,5.08730,SPOT_UNSTABLE|EMISSION_ASSOC
9.210000,emission,50.00653,0.208212,0.45495,25.0192,1.03782,5.27983,5.10424,SPOT_UNSTABLE|EMISSION_ASSOC
9.220000,emission,50.00547,0.206614,0.46394,25.0184,1.02941,5.19975,5.09088,SPOT_UNSTABLE|EMISSION_ASSOC
9.230000,emission,49.99982,0.204676,0.45543,25.0161,1.01930,5.12486,5.09563,SPOT_UNSTABLE|EMISSION_ASSOC
9.240000,emission,50.00706,0.202251,0.46934,25.0260,1.01071,5.07344,5.10958,SPOT_UNSTABLE|EMISSION_ASSOC
9.250000,emission,49.99155,0.200028,0.46698,25.0090,0.99877,5.00856,5.10975,SPOT_UNSTABLE|EMISSION_ASSOC
9.260000,emission,49.99500,0.198005,0.48717,25.0269,0.99196,4.93032,5.09422,SPOT_UNSTABLE|EMISSION_ASSOC
9.270000,emission,49.99582,0.195568,0.54657,25.0172,0.97832,4.86119,5.10291,SPOT_UNSTABLE|EMISSION_ASSOC
9.280000,emission,49.99851,0.193532,0.46376,25.0144,0.96915,4.80631,5.10973,SPOT_UNSTABLE|EMISSION_ASSOC
9.290000,emission,49.99192,0.191294,0.54794,25.0279,0.95946,4.72137,5.11018,SPOT_UNSTABLE|EMISSION_ASSOC
9.300000,emission,49.99402,0.189556,0.46239,25.0179,0.95273,4.66640,5.09343,SPOT_UNSTABLE|EMISSION_ASSOC
9.310000,emission,50.00470,0.187651,0.52044,25.0256,0.94657,4.61290,5.10778,SPOT_UNSTABLE|EMISSION_ASSOC
9.320000,emission,49.99277,0.186092,0.45277,25.0121,0.93870,4.56371,5.09140,SPOT_UNSTABLE|EMISSION_ASSOC
9.330000,emission,49.99596,0.185237,0.54512,25.0227,0.93213,4.54981,5.09524,SPOT_UNSTABLE|EMISSION_ASSOC
9.340000,emission,49.99142,0.183334,0.52916,25.0256,0.92869,4.49260,5.10497,SPOT_UNSTABLE|EMISSION_ASSOC
9.350000,emission,50.00607,0.183085,0.47696,25.0140,0.92549,4.47975,5.10834,SPOT_UNSTABLE|EMISSION_ASSOC
9.360000,emission,49.99962,0.182816,0.50965,25.0143,0.92096,4.46230,5.08788,SPOT_UNSTABLE|EMISSION_ASSOC
9.370000,emission,50.00941,0.181890,0.47138,25.0240,0.92103,4.45068,5.11381,SPOT_UNSTABLE|EMISSION_ASSOC
9.380000,emission,50.00132,0.181788,0.49601,25.0217,0.91827,4.45260,5.11108,SPOT_UNSTABLE|EMISSION_ASSOC
9.390000,emission,49.99875,0.182092,0.53195,25.0154,0.92077,4.46252,5.09960,SPOT_UNSTABLE|EMISSION_ASSOC
9.400000,emission,49.99218,0.182939,0.50946,25.0099,0.92423,4.48735,5.09551,SPOT_UNSTABLE|EMISSION_ASSOC
9.410000,emission,50.00148,0.183681,0.53042,25.0273,0.92777,4.49129,5.09532,SPOT_UNSTABLE|EMISSION_ASSOC
9.420000,emission,50.00041,0.184322,0.49286,25.0187,0.93253,4.52774,5.10767,SPOT_UNSTABLE|EMISSION_ASSOC
9.430000,emission,49.99780,0.186541,0.47586,25.0260,0.93970,4.57462,5.10861,SPOT_UNSTABLE|EMISSION_ASSOC
9.440000,emission,50.00901,0.187598,0.46665,25.0152,0.94487,4.63205,5.08800,SPOT_UNSTABLE|EMISSION_ASSOC
9.450000,emission,50.00758,0.189530,0.45393,25.0147,0.95324,4.69133,5.10188,SPOT_UNSTABLE|EMISSION_ASSOC
9.460000,emission,50.00906,0.191116,0.47472,25.0265,0.95972,4.73343,5.10284,SPOT_UNSTABLE|EMISSION_ASSOC
9.470000,emission,50.00054,0.193098,0.47484,25.0162,0.96986,4.79144,5.10148,SPOT_UNSTABLE|EMISSION_ASSOC
9.480000,emission,49.99431,0.195878,0.53882,25.0223,0.98026,4.84954,5.08508,SPOT_UNSTABLE|EMISSION_ASSOC
9.490000,emission,49.99444,0.197354,0.46772,25.0162,0.99191,4.93241,5.10512,SPOT_UNSTABLE|EMISSION_ASSOC
9.500000,emission,49.99114,0.199769,0.48764,25.0112,0.99890,5.00958,5.10273,SPOT_UNSTABLE|EMISSION_ASSOC
9.510000,emission,49.99990,0.201923,0.49374,25.0249,1.00947,5.08085,5.10483,SPOT_UNSTABLE|EMISSION_ASSOC
9.520000,emission,49.99333,0.204544,0.52003,25.0138,1.02137,5.14129,5.10618,SPOT_UNSTABLE|EMISSION_ASSOC
9.530000,emission,49.99883,0.207072,0.52905,25.0176,1.03120,5.21123,5.09923,SPOT_UNSTABLE|EMISSION_ASSOC
9.540000,emission,49.99187,0.208511,0.53271,25.0119,1.03879,5.27618,5.09951,SPOT_UNSTABLE|EMISSION_ASSOC
9.550000,emission,50.00859,0.210102,0.54577,25.0153,1.04832,5.31401,5.11191,SPOT_UNSTABLE|EMISSION_ASSOC
9.560000,emission,50.00524,0.212795,0.47208,25.0218,1.05343,5.39113,5.08756,SPOT_UNSTABLE|EMISSION_ASSOC
9.570000,emission,49.99552,0.214367,0.50228,25.0253,1.06112,5.43852,5.10895,SPOT_UNSTABLE|EMISSION_ASSOC
9.580000,emission,49.99871,0.214943,0.48923,25.0139,1.06692,5.46136,5.11333,SPOT_UNSTABLE|EMISSION_ASSOC
9.590000,emission,50.00252,0.216184,0.49858,25.0139,1.07087,5.49127,5.10101,SPOT_UNSTABLE|EMISSION_ASSOC
9.600000,emission,50.00066,0.217587,0.46725,25.0128,1.07417,5.52006,5.08841,SPOT_UNSTABLE|EMISSION_ASSOC
9.610000,emission,49.99573,0.217709,0.46524,25.0245,1.08033,5.55175,5.10902,SPOT_UNSTABLE|EMISSION_ASSOC
9.620000,emission,49.99481,0.218464,0.48289,25.0232,1.07886,5.55544,5.10795,SPOT_UNSTABLE|EMISSION_ASSOC
9.630000,emission,49.99684,0.218421,0.49125,25.0242,1.07837,5.55494,5.11130,SPOT_UNSTABLE|EMISSION_ASSOC
9.640000,emission,49.99591,0.217329,0.54084,25.0268,1.08005,5.55421,5.09952,SPOT_UNSTABLE|EMISSION_ASSOC
9.650000,emission,50.00171,0.217342,0.46314,25.0114,1.07778,5.51717,5.08897,SPOT_UNSTABLE|EMISSION_ASSOC
9.660000,emission,49.99971,0.215803,0.50981,25.0137,1.07039,5.51220,5.08690,SPOT_UNSTABLE|EMISSION_ASSOC
9.670000,emission,49.99316,0.215576,0.54213,25.0254,1.06726,5.47838,5.08879,SPOT_UNSTABLE|EMISSION_ASSOC
9.680000,emission,50.00139,0.213988,0.47711,25.0208,1.05970,5.41621,5.09504,SPOT_UNSTABLE|EMISSION_ASSOC
9.690000,emission,50.00862,0.212251,0.45262,25.0253,1.05406,5.37478,5.11469,SPOT_UNSTABLE|EMISSION_ASSOC
9.700000,emission,49.99708,0.210349,0.45265,25.0188,1.04872,5.33699,5.11482,SPOT_UNSTABLE|EMISSION_ASSOC
9.710000,emission,50.00127,0.208435,0.45199,25.0169,1.03902,5.27935,5.09259,SPOT_UNSTABLE|EMISSION_ASSOC
9.720000,emission,50.00607,0.206961,0.47686,25.0158,1.03136,5.18907,5.10578,SPOT_UNSTABLE|EMISSION_ASSOC
9.730000,emission,50.00954,0.204409,0.50278,25.0123,1.01983,5.12898,5.09561,SPOT_UNSTABLE|EMISSION_ASSOC
9.740000,emission,49.99405,0.202295,0.54938,25.0099,1.01185,5.08047,5.10601,SPOT_UNSTABLE|EMISSION_ASSOC
9.750000,emission,50.00392,0.200494,0.53233,25.0105,1.00131,5.00550,5.10899,SPOT_UNSTABLE|EMISSION_ASSOC
9.760000,emission,50.00536,0.197379,0.48023,25.0288,0.99011,4.93134,5.09970,SPOT_UNSTABLE|EMISSION_ASSOC
9.770000,emission,50.00451,0.195910,0.54565,25.0144,0.97828,4.86729,5.11396,SPOT_UNSTABLE|EMISSION_ASSOC
9.780000,emission,50.00197,0.192905,0.50089,25.0247,0.97073,4.79661,5.09963,SPOT_UNSTABLE|EMISSION_ASSOC
9.790000,emission,49.99789,0.191597,0.51347,25.0197,0.96178,4.74858,5.10877,SPOT_UNSTABLE|EMISSION_ASSOC
9.800000,emission,50.00462,0.189812,0.54315,25.0165,0.95216,4.69168,5.09298,SPOT_UNSTABLE|EMISSION_ASSOC
9.810000,emission,49.99963,0.187933,0.49303,25.0285,0.94336,4.62877,5.11000,SPOT_UNSTABLE|EMISSION_ASSOC
9.820000,emission,49.99310,0.186545,0.52837,25.0160,0.93799,4.56247,5.09865,SPOT_UNSTABLE|EMISSION_ASSOC
9.830000,emission,49.99009,0.184592,0.51206,25.0192,0.93338,4.54415,5.09008,SPOT_UNSTABLE|EMISSION_ASSOC
9.840000,emission,49.99529,0.183672,0.49072,25.0234,0.92854,4.51002,5.11244,SPOT_UNSTABLE|EMISSION_ASSOC
9.850000,emission,50.00716,0.182762,0.46217,25.0171,0.92316,4.48291,5.09461,SPOT_UNSTABLE|EMISSION_ASSOC
9.860000,emission,49.99311,0.182406,0.51619,25.0150,0.92031,4.45656,5.08716,SPOT_UNSTABLE|EMISSION_ASSOC
9.870000,emission,49.99186,0.182396,0.46281,25.0125,0.91867,4.44120,5.09732,SPOT_UNSTABLE|EMISSION_ASSOC
9.880000,emission,50.00610,0.181855,0.49625,25.0119,0.92182,4.44095,5.08745,SPOT_UNSTABLE|EMISSION_ASSOC
9.890000,emission,50.00238,0.182348,0.47721,25.0255,0.92272,4.44757,5.08818,SPOT_UNSTABLE|EMISSION_ASSOC
9.900000,emission,49.99395,0.183084,0.50153,25.0292,0.92431,4.48983,5.09781,SPOT_UNSTABLE|EMISSION_ASSOC
9.910000,emission,49.99998,0.184061,0.54406,25.0123,0.92609,4.49422,5.09351,SPOT_UNSTABLE|EMISSION_ASSOC
9.920000,emission,49.99636,0.184432,0.45907,25.0153,0.93230,4.52197,5.08736,SPOT_UNSTABLE|EMISSION_ASSOC
9.930000,emission,49.99847,0.186158,0.53871,25.0183,0.93738,4.57170,5.10214,SPOT_UNSTABLE|EMISSION_ASSOC
9.940000,emission,49.99686,0.187439,0.49637,25.0192,0.94710,4.61035,5.08930,SPOT_UNSTABLE|EMISSION_ASSOC
9.950000,emission,49.99797,0.189689,0.45183,25.0207,0.95173,4.67640,5.11140,SPOT_UNSTABLE|EMISSION_ASSOC
9.960000,emission,50.00350,0.191389,0.47979,25.0224,0.96100,4.73576,5.09750,SPOT_UNSTABLE|EMISSION_ASSOC
9.970000,emission,50.00497,0.193224,0.47851,25.0181,0.96885,4.79456,5.09718,SPOT_UNSTABLE|EMISSION_ASSOC
9.980000,emission,50.00006,0.195332,0.45304,25.0249,0.97902,4.84870,5.09051,SPOT_UNSTABLE|EMISSION_ASSOC
9.990000,emission,49.99590,0.198218,0.50216,25.0240,0.98906,4.92855,5.09591,SPOT_UNSTABLE|EMISSION_ASSOC
10.000000,emission,50.00221,0.199619,0.45636,25.0248,1.00145,4.99111,5.09461,SPOT_UNSTABLE|EMISSION_ASSOC
10.010000,emission,50.00111,0.202527,0.54194,25.0117,1.00853,5.06874,5.09934,SPOT_UNSTABLE|EMISSION_ASSOC
10.020000,emission,49.99107,0.204029,0.50917,25.0147,1.01896,5.13629,5.08624,SPOT_UNSTABLE|EMISSION_ASSOC
10.030000,emission,49.99230,0.206283,0.46636,25.0191,1.02954,5.20376,5.08807,SPOT_UNSTABLE|EMISSION_ASSOC
10.040000,emission,49.99722,0.208540,0.54931,25.0243,1.03723,5.27255,5.11010,SPOT_UNSTABLE|EMISSION_ASSOC
10.050000,emission,49.99963,0.211006,0.46469,25.0147,1.04570,5.30970,5.09308,SPOT_UNSTABLE|EMISSION_ASSOC
10.060000,emission,50.00806,0.212242,0.47287,25.0181,1.05557,5.38474,5.08618,SPOT_UNSTABLE|EMISSION_ASSOC
10.070000,emission,50.00654,0.213563,0.46876,25.0164,1.06209,5.43341,5.08819,SPOT_UNSTABLE|EMISSION_ASSOC
10.080000,emission,49.99699,0.214923,0.48972,25.0233,1.06641,5.45478,5.09670,SPOT_UNSTABLE|EMISSION_ASSOC
10.090000,emission,50.00234,0.216695,0.53652,25.0105,1.07065,5.49061,5.09769,SPOT_UNSTABLE|EMISSION_ASSOC
10.100000,emission,50.00006,0.216991,0.53430,25.0264,1.07599,5.52019,5.10703,SPOT_UNSTABLE|EMISSION_ASSOC
10.110000,emission,49.99515,0.217203,0.50189,25.0265,1.07993,5.52651,5.11327,SPOT_UNSTABLE|EMISSION_ASSOC
10.120000,emission,50.00042,0.217700,0.52828,25.0243,1.07963,5.54400,5.11193,SPOT_UNSTABLE|EMISSION_ASSOC
10.130000,emission,49.99309,0.217714,0.46893,25.0246,1.07984,5.54783,5.09081,SPOT_UNSTABLE|EMISSION_ASSOC
10.140000,emission,50.00083,0.217700,0.51438,25.0107,1.07721,5.53363,5.10442,SPOT_UNSTABLE|EMISSION_ASSOC
10.150000,emission,49.99048,0.217182,0.53851,25.0248,1.07640,5.52151,5.10148,SPOT_UNSTABLE|EMISSION_ASSOC
10.160000,emission,49.99383,0.215821,0.54893,25.0114,1.07091,5.49632,5.10922,SPOT_UNSTABLE|EMISSION_ASSOC
10.170000,emission,49.99920,0.215102,0.50907,25.0199,1.06735,5.46023,5.11070,SPOT_UNSTABLE|EMISSION_ASSOC
10.180000,emission,49.99577,0.214191,0.48665,25.0123,1.05972,5.43625,5.10952,SPOT_UNSTABLE|EMISSION_ASSOC
10.190000,emission,50.00521,0.212737,0.54536,25.0119,1.05652,5.38793,5.10372,SPOT_UNSTABLE|EMISSION_ASSOC
10.200000,emission,50.00046,0.210459,0.49543,25.0106,1.04572,5.33148,5.10474,SPOT_UNSTABLE|EMISSION_ASSOC
10.210000,emission,49.99735,0.208750,0.46698,25.0250,1.03976,5.27426,5.09592,SPOT_UNSTABLE|EMISSION_ASSOC
10.220000,emission,50.00688,0.206571,0.53323,25.0253,1.02878,5.19779,5.11210,SPOT_UNSTABLE|EMISSION_ASSOC
10.230000,emission,49.99101,0.204271,0.52826,25.0143,1.02014,5.12457,5.09998,SPOT_UNSTABLE|EMISSION_ASSOC
10.240000,emission,50.00945,0.202199,0.48443,25.0121,1.00823,5.06948,5.08597,SPOT_UNSTABLE|EMISSION_ASSOC
10.250000,emission,50.00478,0.200038,0.54846,25.0297,1.00112,5.00600,5.10905,SPOT_UNSTABLE|EMISSION_ASSOC
10.260000,emission,50.00526,0.197288,0.52079,25.0153,0.98956,4.93523,5.10969,SPOT_UNSTABLE|EMISSION_ASSOC
10.270000,emission,50.00500,0.195497,0.46324,25.0119,0.98196,4.85000,5.10569,SPOT_UNSTABLE|EMISSION_ASSOC
10.280000,emission,49.99676,0.193172,0.50331,25.0198,0.97057,4.80749,5.08516,SPOT_UNSTABLE|EMISSION_ASSOC
10.290000,emission,50.00170,0.191060,0.51060,25.0302,0.95991,4.72104,5.09818,SPOT_UNSTABLE|EMISSION_ASSOC
10.300000,emission,50.00590,0.188951,0.50747,25.0251,0.95191,4.66877,5.08989,SPOT_UNSTABLE|EMISSION_ASSOC
10.310000,emission,50.00219,0.187866,0.49334,25.0280,0.94691,4.62116,5.10064,SPOT_UNSTABLE|EMISSION_ASSOC
10.320000,emission,49.99505,0.186369,0.51645,25.0220,0.93659,4.57326,5.09842,SPOT_UNSTABLE|EMISSION_ASSOC
10.330000,emission,49.99595,0.184654,0.48235,25.0290,0.93101,4.53215,5.09767,SPOT_UNSTABLE|EMISSION_ASSOC
10.340000,emission,50.00443,0.183851,0.51671,25.0212,0.92569,4.50112,5.11031,SPOT_UNSTABLE|EMISSION_ASSOC
10.350000,emission,49.99757,0.182635,0.49591,25.0188,0.92457,4.47426,5.10066,SPOT_UNSTABLE|EMISSION_ASSOC
10.360000,emission,49.99475,0.182706,0.52808,25.0203,0.92148,4.47073,5.10888,SPOT_UNSTABLE|EMISSION_ASSOC
10.370000,emission,50.00587,0.181731,0.51716,25.0213,0.91906,4.44344,5.09709,SPOT_UNSTABLE|EMISSION_ASSOC
10.380000,emission,50.00059,0.182328,0.53890,25.0204,0.92063,4.46431,5.10815,SPOT_UNSTABLE|EMISSION_ASSOC
10.390000,emission,50.00614,0.182199,0.54995,25.0258,0.91956,4.47046,5.09976,SPOT_UNSTABLE|EMISSION_ASSOC
10.400000,emission,50.00350,0.182628,0.47546,25.0173,0.92591,4.47038,5.08954,SPOT_UNSTABLE|EMISSION_ASSOC
10.410000,emission,50.00213,0.183628,0.46994,25.0223,0.92646,4.51686,5.10465,SPOT_UNSTABLE|EMISSION_ASSOC
10.420000,emission,49.99795,0.184434,0.54680,25.0232,0.93384,4.54560,5.09905,SPOT_UNSTABLE|EMISSION_ASSOC
10.430000,emission,49.99439,0.186528,0.45821,25.0208,0.93937,4.56582,5.09781,SPOT_UNSTABLE|EMISSION_ASSOC
10.440000,emission,49.99619,0.187293,0.45056,25.0125,0.94409,4.61445,5.10916,SPOT_UNSTABLE|EMISSION_ASSOC
10.450000,emission,49.99464,0.189466,0.51557,25.0183,0.95405,4.67378,5.09920,SPOT_UNSTABLE|EMISSION_ASSOC
10.460000,emission,49.99477,0.191513,0.53570,25.0207,0.96062,4.72024,5.11214,SPOT_UNSTABLE|EMISSION_ASSOC
10.470000,emission,50.00161,0.193784,0.50388,25.0151,0.97041,4.79090,5.10646,SPOT_UNSTABLE|EMISSION_ASSOC
10.480000,emission,49.99272,0.195567,0.47385,25.0167,0.98179,4.85251,5.10203,SPOT_UNSTABLE|EMISSION_ASSOC
10.490000,emission,49.99545,0.197643,0.45101,25.0260,0.99148,4.91980,5.11201,SPOT_UNSTABLE|EMISSION_ASSOC
10.500000,emission,50.00549,0.199521,0.52414,25.0125,1.00132,5.00450,5.08588,SPOT_UNSTABLE|EMISSION_ASSOC
10.510000,emission,49.99454,0.202343,0.54627,25.0131,1.00931,5.06114,5.09345,SPOT_UNSTABLE|EMISSION_ASSOC
10.520000,emission,50.00569,0.204237,0.46855,25.0237,1.02148,5.13858,5.09975,SPOT_UNSTABLE|EMISSION_ASSOC
10.530000,emission,49.99348,0.206806,0.54841,25.0118,1.03071,5.19668,5.08740,SPOT_UNSTABLE|EMISSION_ASSOC
10.540000,emission,49.99771,0.209094,0.47631,25.0135,1.03733,5.27791,5.10669,SPOT_UNSTABLE|EMISSION_ASSOC
10.550000,emission,50.00376,0.210664,0.48551,25.0124,1.04548,5.32448,5.10297,SPOT_UNSTABLE|EMISSION_ASSOC
10.560000,emission,50.00530,0.212045,0.50885,25.0202,1.05602,5.37646,5.11095,SPOT_UNSTABLE|EMISSION_ASSOC
10.570000,emission,50.00212,0.213834,0.45117,25.0268,1.06104,5.42064,5.10846,SPOT_UNSTABLE|EMISSION_ASSOC
10.580000,emission,49.99419,0.215562,0.53192,25.0148,1.06630,5.46928,5.08993,SPOT_UNSTABLE|EMISSION_ASSOC
10.590000,emission,49.99518,0.216619,0.45063,25.0199,1.07164,5.49870,5.10725,SPOT_UNSTABLE|EMISSION_ASSOC
10.600000,emission,49.99344,0.217343,0.54039,25.0213,1.07729,5.52609,5.10217,SPOT_UNSTABLE|EMISSION_ASSOC
10.610000,emission,50.00561,0.217539,0.53034,25.0177,1.07680,5.55286,5.11199,SPOT_UNSTABLE|EMISSION_ASSOC
10.620000,emission,49.99470,0.218322,0.45452,25.0292,1.07934,5.53767,5.11020,SPOT_UNSTABLE|EMISSION_ASSOC
10.630000,emission,49.99525,0.218132,0.49099,25.0162,1.07985,5.55763,5.11190,SPOT_UNSTABLE|EMISSION_ASSOC
10.640000,emission,50.00443,0.217415,0.49670,25.0249,1.07929,5.53069,5.09064,SPOT_UNSTABLE|EMISSION_ASSOC
10.650000,emission,49.99506,0.217089,0.54341,25.0214,1.07765,5.52498,5.11385,SPOT_UNSTABLE|EMISSION_ASSOC
10.660000,emission,49.99732,0.216237,0.53424,25.0139,1.07227,5.49699,5.10562,SPOT_UNSTABLE|EMISSION_ASSOC
10.670000,emission,49.99315,0.215256,0.47555,25.0281,1.06578,5.47312,5.08542,SPOT_UNSTABLE|EMISSION_ASSOC
10.680000,emission,49.99430,0.213752,0.45973,25.0205,1.05990,5.42238,5.09737,SPOT_UNSTABLE|EMISSION_ASSOC
10.690000,emission,49.99021,0.212386,0.46276,25.0117,1.05492,5.39086,5.11371,SPOT_UNSTABLE|EMISSION_ASSOC
10.700000,emission,50.00390,0.211008,0.50585,25.0128,1.04762,5.32126,5.08797,SPOT_UNSTABLE|EMISSION_ASSOC
10.710000,emission,50.00851,0.209052,0.52972,25.0313,1.03685,5.26852,5.10024,SPOT_UNSTABLE|EMISSION_ASSOC
10.720000,emission,50.00606,0.206900,0.53813,25.0160,1.03102,5.19315,5.10611,SPOT_UNSTABLE|EMISSION_ASSOC
10.730000,emission,50.00771,0.204953,0.46587,25.0169,1.01819,5.12486,5.08567,SPOT_UNSTABLE|EMISSION_ASSOC
10.740000,emission,49.99934,0.201777,0.46809,25.0206,1.00987,5.05706,5.10829,SPOT_UNSTABLE|EMISSION_ASSOC
10.750000,emission,49.99800,0.200012,0.46459,25.0124,1.00150,4.99850,5.09071,SPOT_UNSTABLE|EMISSION_ASSOC
10.760000,emission,50.00300,0.197770,0.46164,25.0291,0.98802,4.92710,5.09177,SPOT_UNSTABLE|EMISSION_ASSOC
10.770000,emission,50.00192,0.195201,0.50466,25.0261,0.98203,4.87631,5.10855,SPOT_UNSTABLE|EMISSION_ASSOC
10.780000,emission,49.99944,0.193530,0.51518,25.0205,0.96937,4.78899,5.10503,SPOT_UNSTABLE|EMISSION_ASSOC
10.790000,emission,49.99934,0.191034,0.47803,25.0240,0.96185,4.75001,5.11041,SPOT_UNSTABLE|EMISSION_ASSOC
10.800000,emission,50.00725,0.189669,0.51498,25.0149,0.95461,4.67981,5.09873,SPOT_UNSTABLE|EMISSION_ASSOC
10.810000,emission,50.00921,0.187256,0.49585,25.0131,0.94574,4.60964,5.09732,SPOT_UNSTABLE|EMISSION_ASSOC
10.820000,emission,50.00699,0.186187,0.51655,25.0284,0.93980,4.56344,5.09912,SPOT_UNSTABLE|EMISSION_ASSOC
10.830000,emission,49.99609,0.185282,0.53249,25.0306,0.93339,4.52794,5.08931,SPOT_UNSTABLE|EMISSION_ASSOC
10.840000,emission,50.00574,0.183554,0.45984,25.0286,0.92859,4.49944,5.08767,SPOT_UNSTABLE|EMISSION_ASSOC
10.850000,emission,49.99159,0.182829,0.49984,25.0270,0.92443,4.46816,5.10455,SPOT_UNSTABLE|EMISSION_ASSOC
10.860000,emission,50.00071,0.182544,0.50557,25.0243,0.92313,4.47473,5.09821,SPOT_UNSTABLE|EMISSION_ASSOC
10.870000,emission,49.99166,0.181555,0.53916,25.0291,0.92048,4.43789,5.10801,SPOT_UNSTABLE|EMISSION_ASSOC
10.880000,emission,49.99086,0.182335,0.51815,25.0231,0.91909,4.45275,5.08636,SPOT_UNSTABLE|EMISSION_ASSOC
10.890000,emission,50.00074,0.181860,0.48008,25.0256,0.92269,4.44768,5.09829,SPOT_UNSTABLE|EMISSION_ASSOC
10.900000,emission,50.00684,0.182508,0.46335,25.0155,0.92518,4.46541,5.09942,SPOT_UNSTABLE|EMISSION_ASSOC
10.910000,emission,50.00603,0.184026,0.50319,25.0119,0.92951,4.50593,5.11461,SPOT_UNSTABLE|EMISSION_ASSOC
10.920000,emission,50.00790,0.185270,0.51533,25.0311,0.93062,4.52611,5.10803,SPOT_UNSTABLE|EMISSION_ASSOC
10.930000,emission,50.00826,0.185931,0.46023,25.0137,0.93906,4.58322,5.11035,SPOT_UNSTABLE|EMISSION_ASSOC
10.940000,emission,50.00800,0.187280,0.50845,25.0212,0.94559,4.62904,5.10768,SPOT_UNSTABLE|EMISSION_ASSOC
10.950000,emission,49.99358,0.189437,0.50950,25.0275,0.95418,4.68140,5.08657,SPOT_UNSTABLE|EMISSION_ASSOC
10.960000,emission,50.00645,0.191705,0.50679,25.0222,0.96247,4.72818,5.08780,SPOT_UNSTABLE|EMISSION_ASSOC
10.970000,emission,49.99314,0.193626,0.52126,25.0303,0.97027,4.78797,5.09622,SPOT_UNSTABLE|EMISSION_ASSOC
10.980000,emission,50.00898,0.195329,0.52857,25.0128,0.97907,4.86019,5.09434,SPOT_UNSTABLE|EMISSION_ASSOC
10.990000,emission,50.00542,0.198017,0.45422,25.0145,0.98839,4.94512,5.08788,SPOT_UNSTABLE|EMISSION_ASSOC
11.000000,emission,49.99810,0.199614,0.53616,25.0129,1.00033,5.00642,5.09565,SPOT_UNSTABLE|EMISSION_ASSOC
11.010000,emission,50.00240,0.202191,0.50562,25.0182,1.00910,5.07934,5.08573,SPOT_UNSTABLE|EMISSION_ASSOC
11.020000,emission,50.00430,0.204214,0.51494,25.0301,1.02114,5.13121,5.09780,SPOT_UNSTABLE|EMISSION_ASSOC
11.030000,emission,50.00476,0.206597,0.45099,25.0155,1.03089,5.21023,5.09914,SPOT_UNSTABLE|EMISSION_ASSOC
11.040000,emission,50.00739,0.208565,0.49872,25.0312,1.03795,5.25497,5.10165,SPOT_UNSTABLE|EMISSION_ASSOC
11.050000,emission,50.00576,0.211068,0.52084,25.0291,1.04610,5.31238,5.10079,SPOT_UNSTABLE|EMISSION_ASSOC
11.060000,emission,49.99696,0.212461,0.48563,25.0181,1.05660,5.37146,5.10596,SPOT_UNSTABLE|EMISSION_ASSOC
11.070000,emission,50.00869,0.213554,0.46726,25.0162,1.06220,5.42901,5.10574,SPOT_UNSTABLE|EMISSION_ASSOC
11.080000,emission,50.00845,0.214930,0.50846,25.0240,1.06742,5.45742,5.10667,SPOT_UNSTABLE|EMISSION_ASSOC
11.090000,emission,49.99041,0.216037,0.45949,25.0273,1.07059,5.49664,5.10396,SPOT_UNSTABLE|EMISSION_ASSOC
11.100000,emission,50.00340,0.216937,0.50845,25.0136,1.07760,5.52041,5.08739,SPOT_UNSTABLE|EMISSION_ASSOC
11.110000,emission,49.99487,0.217461,0.46989,25.0256,1.07987,5.54498,5.09671,SPOT_UNSTABLE|EMISSION_ASSOC
11.120000,emission,50.00430,0.218397,0.49213,25.0183,1.08124,5.53423,5.10950,SPOT_UNSTABLE|EMISSION_ASSOC
11.130000,emission,50.00662,0.217948,0.47800,25.0169,1.07885,5.55957,5.09958,SPOT_UNSTABLE|EMISSION_ASSOC
11.140000,emission,50.00401,0.217370,0.45956,25.0168,1.07914,5.55317,5.09570,SPOT_UNSTABLE|EMISSION_ASSOC
11.150000,emission,49.99637,0.217521,0.48500,25.0147,1.07416,5.53708,5.11457,SPOT_UNSTABLE|EMISSION_ASSOC
11.160000,emission,49.99111,0.216047,0.45882,25.0141,1.07070,5.49236,5.10850,SPOT_UNSTABLE|EMISSION_ASSOC
11.170000,emission,50.00037,0.215271,0.50119,25.0243,1.06668,5.46702,5.09602,SPOT_UNSTABLE|EMISSION_ASSOC
11.180000,emission,50.00422,0.213954,0.47861,25.0273,1.06096,5.43493,5.10935,SPOT_UNSTABLE|EMISSION_ASSOC
11.190000,emission,49.99347,0.212176,0.50168,25.0173,1.05637,5.39067,5.11358,SPOT_UNSTABLE|EMISSION_ASSOC
11.200000,emission,49.99467,0.210600,0.51847,25.0307,1.04599,5.31275,5.10360,SPOT_UNSTABLE|EMISSION_ASSOC
11.210000,emission,49.99372,0.208997,0.54499,25.0301,1.03675,5.27019,5.09570,SPOT_UNSTABLE|EMISSION_ASSOC
11.220000,emission,49.99552,0.206256,0.50646,25.0289,1.02978,5.20980,5.08615,SPOT_UNSTABLE|EMISSION_ASSOC
11.230000,emission,49.99544,0.204565,0.47417,25.0207,1.02022,5.13960,5.11181,SPOT_UNSTABLE|EMISSION_ASSOC
11.240000,emission,49.99102,0.202681,0.54774,25.0146,1.00884,5.07112,5.10211,SPOT_UNSTABLE|EMISSION_ASSOC
11.250000,emission,49.99902,0.199707,0.47434,25.0138,1.00007,4.98798,5.10671,SPOT_UNSTABLE|EMISSION_ASSOC
11.260000,emission,49.99140,0.197962,0.51632,25.0142,0.98954,4.92890,5.08970,SPOT_UNSTABLE|EMISSION_ASSOC
11.270000,emission,49.99104,0.195816,0.50233,25.0211,0.97900,4.86268,5.10952,SPOT_UNSTABLE|EMISSION_ASSOC
11.280000,emission,50.00877,0.193328,0.52666,25.0195,0.96963,4.80635,5.10876,SPOT_UNSTABLE|EMISSION_ASSOC
11.290000,emission,49.99773,0.190982,0.53858,25.0155,0.96072,4.72282,5.08736,SPOT_UNSTABLE|EMISSION_ASSOC
11.300000,emission,49.99771,0.189329,0.47427,25.0217,0.95210,4.67218,5.11224,SPOT_UNSTABLE|EMISSION_ASSOC
11.310000,emission,49.99105,0.187488,0.49495,25.0208,0.94563,4.61768,5.09407,SPOT_UNSTABLE|EMISSION_ASSOC
11.320000,emission,49.99494,0.186235,0.49454,25.0172,0.93848,4.59092,5.08868,SPOT_UNSTABLE|EMISSION_ASSOC
11.330000,emission,50.00000,0.184590,0.45146,25.0261,0.93379,4.54766,5.10268,SPOT_UNSTABLE|EMISSION_ASSOC
11.340000,emission,50.00214,0.183486,0.49016,25.0265,0.92643,4.50735,5.09589,SPOT_UNSTABLE|EMISSION_ASSOC
11.350000,emission,49.99128,0.182764,0.54574,25.0317,0.92449,4.48474,5.09893,SPOT_UNSTABLE|EMISSION_ASSOC
11.360000,emission,49.99180,0.182528,0.49852,25.0211,0.92058,4.45586,5.10872,SPOT_UNSTABLE|EMISSION_ASSOC
11.370000,emission,50.00576,0.182210,0.50791,25.0217,0.91984,4.46018,5.10927,SPOT_UNSTABLE|EMISSION_ASSOC
11.380000,emission,49.99264,0.182014,0.54474,25.0294,0.92139,4.44793,5.09184,SPOT_UNSTABLE|EMISSION_ASSOC
11.390000,emission,50.00948,0.182256,0.47651,25.0326,0.92092,4.44911,5.11215,SPOT_UNSTABLE|EMISSION_ASSOC
11.400000,emission,49.99673,0.183142,0.53332,25.0285,0.92356,4.49079,5.09065,SPOT_UNSTABLE|EMISSION_ASSOC
11.410000,emission,49.99336,0.183666,0.45490,25.0240,0.92822,4.49767,5.11226,SPOT_UNSTABLE|EMISSION_ASSOC
11.420000,emission,49.99928,0.184495,0.50400,25.0326,0.93391,4.53908,5.11461,SPOT_UNSTABLE|EMISSION_ASSOC
11.430000,emission,49.99467,0.186545,0.52744,25.0142,0.93883,4.58011,5.08670,SPOT_UNSTABLE|EMISSION_ASSOC
11.440000,emission,50.00230,0.188066,0.49543,25.0155,0.94507,4.63645,5.08689,SPOT_UNSTABLE|EMISSION_ASSOC
11.450000,emission,50.00659,0.189902,0.45843,25.0309,0.95427,4.66267,5.09599,SPOT_UNSTABLE|EMISSION_ASSOC
11.460000,emission,49.99940,0.190899,0.45668,25.0188,0.95960,4.72684,5.09570,SPOT_UNSTABLE|EMISSION_ASSOC
11.470000,emission,49.99223,0.193737,0.49886,25.0308,0.97023,4.79933,5.10298,SPOT_UNSTABLE|EMISSION_ASSOC
11.480000,emission,49.99888,0.195949,0.50035,25.0207,0.98196,4.86268,5.10710,SPOT_UNSTABLE|EMISSION_ASSOC
11.490000,emission,49.99627,0.198069,0.53395,25.0303,0.98833,4.94530,5.09719,SPOT_UNSTABLE|EMISSION_ASSOC
11.500000,emission,49.99064,0.199875,0.53584,25.0311,0.99916,5.01155,5.10891,SPOT_UNSTABLE|EMISSION_ASSOC
11.510000,emission,49.99326,0.202553,0.47454,25.0204,1.00866,5.06661,5.11113,SPOT_UNSTABLE|EMISSION_ASSOC
11.520000,emission,50.00677,0.204720,0.53627,25.0197,1.01882,5.14069,5.09143,SPOT_UNSTABLE|EMISSION_ASSOC
11.530000,emission,49.99695,0.206334,0.53226,25.0317,1.03121,5.19325,5.10706,SPOT_UNSTABLE|EMISSION_ASSOC
11.540000,emission,50.00155,0.208229,0.51047,25.0207,1.03902,5.25175,5.08671,SPOT_UNSTABLE|EMISSION_ASSOC
11.550000,emission,50.00155,0.210612,0.48090,25.0243,1.04765,5.31783,5.09831,SPOT_UNSTABLE|EMISSION_ASSOC
11.560000,emission,49.99026,0.212076,0.45257,25.0189,1.05462,5.37363,5.09358,SPOT_UNSTABLE|EMISSION_ASSOC
11.570000,emission,50.00505,0.214174,0.49827,25.0165,1.06321,5.42669,5.09626,SPOT_UNSTABLE|EMISSION_ASSOC
11.580000,emission,49.99457,0.214998,0.45799,25.0303,1.06906,5.46090,5.11469,SPOT_UNSTABLE|EMISSION_ASSOC
11.590000,emission,49.99676,0.215788,0.46199,25.0166,1.07372,5.48442,5.09357,SPOT_UNSTABLE|EMISSION_ASSOC
11.600000,emission,49.99059,0.216890,0.50662,25.0185,1.07476,5.51585,5.11472,SPOT_UNSTABLE|EMISSION_ASSOC
11.610000,emission,50.00915,0.218138,0.54464,25.0141,1.07908,5.55092,5.10407,SPOT_UNSTABLE|EMISSION_ASSOC
11.620000,emission,50.00086,0.217824,0.45376,25.0285,1.08128,5.55543,5.08868,SPOT_UNSTABLE|EMISSION_ASSOC
11.630000,emission,49.99706,0.217745,0.47484,25.0249,1.08072,5.54125,5.09044,SPOT_UNSTABLE|EMISSION_ASSOC
11.640000,emission,50.00016,0.217824,0.51739,25.0247,1.07688,5.54816,5.08623,SPOT_UNSTABLE|EMISSION_ASSOC
11.650000,emission,50.00839,0.217301,0.50753,25.0332,1.07779,5.52748,5.10078,SPOT_UNSTABLE|EMISSION_ASSOC
11.660000,emission,49.99188,0.216514,0.53834,25.0152,1.07040,5.50024,5.10657,SPOT_UNSTABLE|EMISSION_ASSOC
11.670000,emission,50.00981,0.215000,0.53499,25.0232,1.06889,5.47740,5.09504,SPOT_UNSTABLE|EMISSION_ASSOC
11.680000,emission,50.00514,0.213711,0.49914,25.0307,1.05992,5.43417,5.08725,SPOT_UNSTABLE|EMISSION_ASSOC
11.690000,emission,50.00001,0.211909,0.47674,25.0253,1.05346,5.36220,5.08959,SPOT_UNSTABLE|EMISSION_ASSOC
11.700000,emission,49.99726,0.211001,0.54852,25.0222,1.04624,5.33642,5.09432,SPOT_UNSTABLE|EMISSION_ASSOC
11.710000,emission,50.00368,0.209167,0.46670,25.0272,1.03774,5.27285,5.09467,SPOT_UNSTABLE|EMISSION_ASSOC
11.720000,emission,50.00857,0.206531,0.47379,25.0154,1.03092,5.19214,5.11032,SPOT_UNSTABLE|EMISSION_ASSOC
11.730000,emission,50.00185,0.204029,0.51729,25.0212,1.01880,5.14804,5.11197,SPOT_UNSTABLE|EMISSION_ASSOC
11.740000,emission,50.00380,0.202205,0.52308,25.0192,1.00922,5.06491,5.11319,SPOT_UNSTABLE|EMISSION_ASSOC
11.750000,emission,50.00055,0.200344,0.53773,25.0247,0.99847,5.00365,5.10969,SPOT_UNSTABLE|EMISSION_ASSOC
11.760000,emission,49.99126,0.198169,0.48531,25.0317,0.98957,4.92574,5.10576,SPOT_UNSTABLE|EMISSION_ASSOC
11.770000,emission,50.00089,0.195297,0.52469,25.0262,0.98180,4.87003,5.09795,SPOT_UNSTABLE|EMISSION_ASSOC
11.780000,emission,49.99505,0.193617,0.51922,25.0191,0.96947,4.78967,5.10276,SPOT_UNSTABLE|EMISSION_ASSOC
11.790000,emission,49.99083,0.190906,0.48319,25.0194,0.96171,4.72768,5.10874,SPOT_UNSTABLE|EMISSION_ASSOC
11.800000,emission,49.99267,0.189428,0.46460,25.0204,0.95165,4.66717,5.11319,SPOT_UNSTABLE|EMISSION_ASSOC
11.810000,emission,50.00358,0.187229,0.48116,25.0244,0.94569,4.61897,5.11014,SPOT_UNSTABLE|EMISSION_ASSOC
11.820000,emission,49.99643,0.185740,0.50051,25.0233,0.93944,4.57305,5.10178,SPOT_UNSTABLE|EMISSION_ASSOC
11.830000,emission,50.00042,0.184310,0.54832,25.0318,0.93277,4.53218,5.08509,SPOT_UNSTABLE|EMISSION_ASSOC
11.840000,emission,49.99883,0.184063,0.51832,25.0333,0.92576,4.49458,5.08591,SPOT_UNSTABLE|EMISSION_ASSOC
11.850000,emission,50.00911,0.182784,0.50483,25.0299,0.92344,4.48971,5.09795,SPOT_UNSTABLE|EMISSION_ASSOC
11.860000,emission,49.99536,0.182808,0.48238,25.0306,0.92297,4.45493,5.10629,SPOT_UNSTABLE|EMISSION_ASSOC
11.870000,emission,50.00287,0.181754,0.50477,25.0258,0.92061,4.44296,5.08908,SPOT_UNSTABLE|EMISSION_ASSOC
11.880000,emission,50.00964,0.181919,0.54004,25.0327,0.91898,4.46464,5.10150,SPOT_UNSTABLE|EMISSION_ASSOC
11.890000,emission,49.99135,0.182216,0.50923,25.0233,0.92292,4.46748,5.08588,SPOT_UNSTABLE|EMISSION_ASSOC
11.900000,emission,49.99125,0.182467,0.54614,25.0207,0.92479,4.46488,5.11219,SPOT_UNSTABLE|EMISSION_ASSOC
11.910000,emission,49.99521,0.183818,0.52006,25.0140,0.92691,4.50251,5.10950,SPOT_UNSTABLE|EMISSION_ASSOC
11.920000,emission,50.00269,0.184445,0.46724,25.0180,0.93181,4.53768,5.09924,SPOT_UNSTABLE|EMISSION_ASSOC
11.930000,emission,50.00058,0.186405,0.51524,25.0214,0.94016,4.58310,5.10737,SPOT_UNSTABLE|EMISSION_ASSOC
11.940000,emission,49.99487,0.187322,0.45727,25.0253,0.94557,4.61335,5.08661,SPOT_UNSTABLE|EMISSION_ASSOC
11.950000,emission,50.00075,0.189419,0.48504,25.0203,0.95114,4.67084,5.09395,SPOT_UNSTABLE|EMISSION_ASSOC
11.960000,emission,49.99569,0.191114,0.53253,25.0182,0.95981,4.73972,5.09292,SPOT_UNSTABLE|EMISSION_ASSOC
11.970000,emission,50.00078,0.193127,0.48266,25.0305,0.97055,4.78375,5.10299,SPOT_UNSTABLE|EMISSION_ASSOC
11.980000,emission,50.00198,0.195458,0.54912,25.0283,0.97995,4.85374,5.10030,SPOT_UNSTABLE|EMISSION_ASSOC
11.990000,emission,50.00739,0.197610,0.52884,25.0237,0.99190,4.92861,5.10589,SPOT_UNSTABLE|EMISSION_ASSOC
