time_s,scenario,kv_meas,tube_ma,return_ua,temp_c,flux,spot_x_um,spot_y_um,flags
0.000000,kv-ripple,50.00308,0.199971,0.54153,24.9936,1.00190,4.98719,5.10883,NONE
0.010000,kv-ripple,50.09116,0.199819,0.45052,24.9919,1.00078,5.04977,5.13169,NONE
0.020000,kv-ripple,50.19102,0.200358,0.53944,24.9946,1.00077,5.11003,5.18067,NONE
0.030000,kv-ripple,50.27249,0.200076,0.48499,25.0026,0.99833,5.17291,5.22372,NONE
0.040000,kv-ripple,50.35602,0.200005,0.48340,25.0051,1.00085,5.22560,5.24844,NONE
0.050000,kv-ripple,50.44807,0.199544,0.47572,24.9960,1.00068,5.26472,5.27341,NONE
0.060000,kv-ripple,50.51835,0.200078,0.49867,25.0100,0.99949,5.30313,5.30436,NONE
0.070000,kv-ripple,50.58333,0.200147,0.52391,24.9933,1.00081,5.35015,5.31873,NONE
0.080000,kv-ripple,50.63276,0.200153,0.52926,24.9985,0.99952,5.39308,5.35569,NONE
0.090000,kv-ripple,50.68437,0.199880,0.50867,25.0089,1.00018,5.41123,5.36130,NONE
0.100000,kv-ripple,50.71017,0.199605,0.47020,24.9939,0.99800,5.42669,5.37088,NONE
0.110000,kv-ripple,50.73201,0.200488,0.51248,24.9909,1.00030,5.44245,5.40099,NONE
0.120000,kv-ripple,50.75558,0.200469,0.54065,24.9930,0.99862,5.44778,5.40327,NONE
0.130000,kv-ripple,50.74796,0.200094,0.51598,24.9913,0.99820,5.44659,5.38809,NONE
0.140000,kv-ripple,50.73791,0.200115,0.51817,24.9956,1.00041,5.45701,5.38473,NONE
0.150000,kv-ripple,50.71031,0.200254,0.51241,24.9931,1.00085,5.41888,5.37448,NONE
0.160000,kv-ripple,50.67055,0.200459,0.51373,25.0014,1.00118,5.39721,5.36599,NONE
0.170000,kv-ripple,50.63472,0.199952,0.54857,25.0030,0.99989,5.37978,5.35788,NONE
0.180000,kv-ripple,50.58583,0.199948,0.47813,24.9976,0.99916,5.34714,5.31921,NONE
0.190000,kv-ripple,50.50816,0.200240,0.52949,24.9936,0.99992,5.31920,5.30439,NONE
0.200000,kv-ripple,50.43958,0.200257,0.47591,25.0015,1.00062,5.26726,5.26198,NONE
0.210000,kv-ripple,50.35461,0.199992,0.53512,25.0092,1.00101,5.22320,5.23229,NONE
0.220000,kv-ripple,50.27825,0.200038,0.47222,24.9989,1.00138,5.17605,5.22467,NONE
0.230000,kv-ripple,50.18849,0.200281,0.54523,25.0078,0.99948,5.12613,5.17502,NONE
0.240000,kv-ripple,50.08895,0.200329,0.53467,25.0051,1.00166,5.04670,5.12319,NONE
0.250000,kv-ripple,50.00257,0.199666,0.45922,24.9943,1.00089,4.99270,5.09197,NONE
0.260000,kv-ripple,49.90635,0.199812,0.48489,25.0071,1.00190,4.94328,5.05286,NONE
0.270000,kv-ripple,49.80468,0.199791,0.48762,25.0006,0.99929,4.88376,5.03166,NONE
0.280000,kv-ripple,49.71746,0.200144,0.52682,25.0049,0.99913,4.84904,5.00391,NONE
0.290000,kv-ripple,49.63156,0.199719,0.48745,24.9966,1.00135,4.77127,4.95304,NONE
0.300000,kv-ripple,49.56169,0.199615,0.46033,25.0004,1.00055,4.75028,4.91076,NONE
0.310000,kv-ripple,49.49190,0.199936,0.47072,25.0015,1.00053,4.69219,4.90547,NONE
0.320000,kv-ripple,49.41502,0.200476,0.54166,24.9991,1.00052,4.64301,4.87449,NONE
0.330000,kv-ripple,49.37310,0.200398,0.54045,24.9980,0.99851,4.62108,4.85653,NONE
0.340000,kv-ripple,49.33056,0.199937,0.50728,25.0037,1.00194,4.58920,4.81491,NONE
0.350000,kv-ripple,49.29083,0.200173,0.45787,24.9959,1.00087,4.57698,4.82840,NONE
0.360000,kv-ripple,49.26921,0.200268,0.51656,25.0022,0.99919,4.56105,4.79563,NONE
0.370000,kv-ripple,49.25647,0.200374,0.52434,25.0103,0.99897,4.55654,4.80690,NONE
0.380000,kv-ripple,49.24958,0.200006,0.52239,25.0086,1.00139,4.55737,4.79582,NONE
0.390000,kv-ripple,49.26782,0.200131,0.52800,25.0048,0.99930,4.57031,4.80310,NONE
0.400000,kv-ripple,49.28241,0.200215,0.52829,24.9944,0.99835,4.58322,4.81631,NONE
0.410000,kv-ripple,49.32317,0.200464,0.46448,25.0044,1.00126,4.58884,4.83324,NONE
0.420000,kv-ripple,49.36746,0.199540,0.46797,24.9917,1.00132,4.61347,4.85883,NONE
0.430000,kv-ripple,49.41986,0.200085,0.54997,24.9915,1.00173,4.65747,4.86995,NONE
0.440000,kv-ripple,49.48650,0.199502,0.52864,25.0053,0.99845,4.68052,4.88546,NONE
0.450000,kv-ripple,49.55657,0.199527,0.50891,24.9923,1.00003,4.73878,4.91376,NONE
0.460000,kv-ripple,49.64117,0.199700,0.46502,24.9914,0.99956,4.79755,4.94512,NONE
0.470000,kv-ripple,49.71584,0.200485,0.49443,25.0000,0.99981,4.84880,5.00011,NONE
0.480000,kv-ripple,49.80448,0.200361,0.49763,24.9957,0.99826,4.88814,5.01403,NONE
0.490000,kv-ripple,49.90947,0.200136,0.49365,24.9992,0.99990,4.95120,5.05056,NONE
0.500000,kv-ripple,49.99732,0.199543,0.48756,25.0073,1.00001,5.01339,5.10257,NONE
0.510000,kv-ripple,50.08792,0.200298,0.53797,24.9917,0.99985,5.04308,5.14979,NONE
0.520000,kv-ripple,50.19101,0.200375,0.51294,25.0037,1.00030,5.11470,5.18074,NONE
0.530000,kv-ripple,50.27447,0.199890,0.48688,25.0058,0.99837,5.17966,5.21827,NONE
0.540000,kv-ripple,50.35160,0.199526,0.46918,24.9929,1.00113,5.21702,5.24310,NONE
0.550000,kv-ripple,50.44896,0.200130,0.53930,24.9956,1.00031,5.25419,5.27761,NONE
0.560000,kv-ripple,50.50599,0.199689,0.45884,25.0083,1.00065,5.30962,5.29098,NONE
0.570000,kv-ripple,50.58448,0.200470,0.45447,25.0060,0.99881,5.34646,5.33645,NONE
0.580000,kv-ripple,50.64200,0.199855,0.45773,24.9946,0.99867,5.39194,5.33910,NONE
0.590000,kv-ripple,50.67499,0.200370,0.49204,25.0093,1.00083,5.39914,5.37313,NONE
0.600000,kv-ripple,50.71836,0.199568,0.52307,25.0057,1.00023,5.41712,5.38518,NONE
0.610000,kv-ripple,50.73404,0.199803,0.51375,24.9931,0.99891,5.42925,5.39261,NONE
0.620000,kv-ripple,50.75488,0.199721,0.47905,24.9982,1.00001,5.44757,5.38896,NONE
0.630000,kv-ripple,50.75540,0.199839,0.48385,24.9939,0.99909,5.44229,5.40225,SPOT_UNSTABLE|KV_ASSOC
0.640000,kv-ripple,50.74175,0.199954,0.45519,25.0031,0.99915,5.45219,5.40019,SPOT_UNSTABLE|KV_ASSOC
0.650000,kv-ripple,50.71675,0.199943,0.46792,25.0087,1.00154,5.42293,5.40003,SPOT_UNSTABLE|KV_ASSOC
0.660000,kv-ripple,50.68817,0.199728,0.49579,25.0071,1.00073,5.39555,5.35903,SPOT_UNSTABLE|KV_ASSOC
0.670000,kv-ripple,50.63930,0.199677,0.51662,24.9931,1.00075,5.37849,5.35229,SPOT_UNSTABLE|KV_ASSOC
0.680000,kv-ripple,50.56912,0.199962,0.48484,24.9951,1.00146,5.35221,5.32496,SPOT_UNSTABLE|KV_ASSOC
0.690000,kv-ripple,50.52029,0.199524,0.53819,24.9946,0.99944,5.29362,5.30229,SPOT_UNSTABLE|KV_ASSOC
0.700000,kv-ripple,50.44230,0.200058,0.47213,25.0022,0.99860,5.26650,5.28728,SPOT_UNSTABLE|KV_ASSOC
0.710000,kv-ripple,50.35249,0.200457,0.46741,25.0080,1.00046,5.20620,5.23809,SPOT_UNSTABLE|KV_ASSOC
0.720000,kv-ripple,50.28071,0.200475,0.52318,24.9961,1.00189,5.16609,5.22011,SPOT_UNSTABLE|KV_ASSOC
0.730000,kv-ripple,50.18748,0.199903,0.53590,24.9968,0.99869,5.11035,5.18529,SPOT_UNSTABLE|KV_ASSOC
0.740000,kv-ripple,50.09675,0.200163,0.48042,24.9963,1.00168,5.04875,5.14264,SPOT_UNSTABLE|KV_ASSOC
0.750000,kv-ripple,50.00789,0.199754,0.49471,25.0065,1.00136,4.99075,5.08889,SPOT_UNSTABLE|KV_ASSOC
0.760000,kv-ripple,49.90685,0.200258,0.49616,25.0049,0.99979,4.95226,5.05948,SPOT_UNSTABLE|KV_ASSOC
0.770000,kv-ripple,49.81960,0.200340,0.54169,25.0085,0.99848,4.88915,5.02540,SPOT_UNSTABLE|KV_ASSOC
0.780000,kv-ripple,49.71797,0.200041,0.51064,25.0066,0.99976,4.82003,5.00238,SPOT_UNSTABLE|KV_ASSOC
0.790000,kv-ripple,49.63917,0.199654,0.51990,24.9917,1.00106,4.79707,4.94421,SPOT_UNSTABLE|KV_ASSOC
0.800000,kv-ripple,49.55559,0.200282,0.48296,25.0052,0.99801,4.72577,4.93047,SPOT_UNSTABLE|KV_ASSOC
0.810000,kv-ripple,49.48617,0.199837,0.48408,25.0110,1.00194,4.68333,4.89169,SPOT_UNSTABLE|KV_ASSOC
0.820000,kv-ripple,49.43200,0.200386,0.46864,25.0054,1.00166,4.65172,4.85853,SPOT_UNSTABLE|KV_ASSOC
0.830000,kv-ripple,49.37544,0.199948,0.53844,24.9967,1.00143,4.61018,4.83571,SPOT_UNSTABLE|KV_ASSOC
0.840000,kv-ripple,49.32160,0.200151,0.45800,25.0068,1.00175,4.59378,4.81821,SPOT_UNSTABLE|KV_ASSOC
0.850000,kv-ripple,49.29175,0.200485,0.53446,24.9924,1.00160,4.56266,4.81799,SPOT_UNSTABLE|KV_ASSOC
0.860000,kv-ripple,49.26169,0.200162,0.47409,25.0023,1.00194,4.56418,4.81250,SPOT_UNSTABLE|KV_ASSOC
0.870000,kv-ripple,49.26082,0.199979,0.54053,24.9996,1.00034,4.54992,4.79971,SPOT_UNSTABLE|KV_ASSOC
0.880000,kv-ripple,49.25929,0.199827,0.46005,25.0030,1.00136,4.53651,4.79668,SPOT_UNSTABLE|KV_ASSOC
0.890000,kv-ripple,49.25669,0.200440,0.46086,25.0097,1.00043,4.55164,4.79835,SPOT_UNSTABLE|KV_ASSOC
0.900000,kv-ripple,49.29385,0.200390,0.49406,25.0104,1.00120,4.57895,4.80459,SPOT_UNSTABLE|KV_ASSOC
0.910000,kv-ripple,49.32767,0.200388,0.54597,24.9967,1.00045,4.58402,4.82282,SPOT_UNSTABLE|KV_ASSOC
0.920000,kv-ripple,49.36749,0.200069,0.53678,24.9973,0.99991,4.61842,4.83699,SPOT_UNSTABLE|KV_ASSOC
0.930000,kv-ripple,49.41243,0.199873,0.50756,25.0060,1.00180,4.66445,4.85704,SPOT_UNSTABLE|KV_ASSOC
0.940000,kv-ripple,49.48549,0.200217,0.47319,24.9976,1.00167,4.68096,4.89232,SPOT_UNSTABLE|KV_ASSOC
0.950000,kv-ripple,49.55630,0.200239,0.48278,24.9988,0.99941,4.75036,4.92994,SPOT_UNSTABLE|KV_ASSOC
0.960000,kv-ripple,49.63665,0.200250,0.53827,25.0058,0.99954,4.77049,4.95029,SPOT_UNSTABLE|KV_ASSOC
0.970000,kv-ripple,49.71547,0.199513,0.49271,24.9978,0.99934,4.82049,5.00044,SPOT_UNSTABLE|KV_ASSOC
0.980000,kv-ripple,49.82137,0.199528,0.54638,25.0065,1.00034,4.89963,5.02812,SPOT_UNSTABLE|KV_ASSOC
0.990000,kv-ripple,49.89604,0.200260,0.46451,24.9968,0.99849,4.95506,5.06051,SPOT_UNSTABLE|KV_ASSOC
1.000000,kv-ripple,49.99155,0.200483,0.45787,24.9994,1.00155,5.00081,5.09875,SPOT_UNSTABLE|KV_ASSOC
1.010000,kv-ripple,50.08627,0.199643,0.54133,24.9947,0.99824,5.06015,5.13499,SPOT_UNSTABLE|KV_ASSOC
1.020000,kv-ripple,50.17715,0.199689,0.54495,24.9936,0.99918,5.12394,5.18310,SPOT_UNSTABLE|KV_ASSOC
1.030000,kv-ripple,50.28530,0.200181,0.54558,25.0120,0.99997,5.15919,5.22520,SPOT_UNSTABLE|KV_ASSOC
1.040000,kv-ripple,50.36521,0.200220,0.54387,24.9990,1.00009,5.21625,5.24491,SPOT_UNSTABLE|KV_ASSOC
1.050000,kv-ripple,50.44161,0.199653,0.49563,24.9959,1.00070,5.25649,5.28175,SPOT_UNSTABLE|KV_ASSOC
1.060000,kv-ripple,50.50473,0.200179,0.53214,25.0016,1.00088,5.32233,5.29042,SPOT_UNSTABLE|KV_ASSOC
1.070000,kv-ripple,50.57031,0.200404,0.45971,25.0085,1.00034,5.33270,5.33181,SPOT_UNSTABLE|KV_ASSOC
1.080000,kv-ripple,50.64189,0.199762,0.53040,25.0016,0.99850,5.37411,5.34587,SPOT_UNSTABLE|KV_ASSOC
1.090000,kv-ripple,50.67176,0.199515,0.47002,24.9952,1.00124,5.41451,5.37437,SPOT_UNSTABLE|KV_ASSOC
1.100000,kv-ripple,50.71958,0.200190,0.52903,25.0054,0.99939,5.43439,5.38811,SPOT_UNSTABLE|KV_ASSOC
1.110000,kv-ripple,50.74580,0.200493,0.47079,25.0113,0.99964,5.43063,5.39590,SPOT_UNSTABLE|KV_ASSOC
1.120000,kv-ripple,50.75103,0.200326,0.46101,24.9983,0.99805,5.45947,5.40604,SPOT_UNSTABLE|KV_ASSOC
1.130000,kv-ripple,50.75780,0.199779,0.54295,25.0111,0.99851,5.43679,5.40493,SPOT_UNSTABLE|KV_ASSOC
1.140000,kv-ripple,50.73417,0.200471,0.51667,24.9955,0.99998,5.43901,5.38888,SPOT_UNSTABLE|KV_ASSOC
1.150000,kv-ripple,50.70536,0.200214,0.49119,24.9992,0.99997,5.41411,5.38906,SPOT_UNSTABLE|KV_ASSOC
1.160000,kv-ripple,50.67872,0.199612,0.50335,25.0121,0.99828,5.42132,5.37946,SPOT_UNSTABLE|KV_ASSOC
1.170000,kv-ripple,50.62981,0.199964,0.50269,25.0012,0.99942,5.37184,5.33929,SPOT_UNSTABLE|KV_ASSOC
1.180000,kv-ripple,50.58705,0.199968,0.52540,25.0095,1.00002,5.36070,5.32163,SPOT_UNSTABLE|KV_ASSOC
1.190000,kv-ripple,50.51550,0.200111,0.54691,25.0042,0.99950,5.31660,5.30567,SPOT_UNSTABLE|KV_ASSOC
1.200000,kv-ripple,50.44990,0.200037,0.47842,25.0077,1.00062,5.26891,5.29086,SPOT_UNSTABLE|KV_ASSOC
1.210000,kv-ripple,50.35324,0.200447,0.48937,25.0090,1.00004,5.21998,5.25192,SPOT_UNSTABLE|KV_ASSOC
1.220000,kv-ripple,50.28444,0.200069,0.54739,25.0053,0.99895,5.16538,5.21829,SPOT_UNSTABLE|KV_ASSOC
1.230000,kv-ripple,50.19433,0.199855,0.49444,24.9984,1.00111,5.12482,5.16739,SPOT_UNSTABLE|KV_ASSOC
1.240000,kv-ripple,50.10162,0.200055,0.45281,25.0099,1.00043,5.05860,5.14308,SPOT_UNSTABLE|KV_ASSOC
1.250000,kv-ripple,49.99832,0.200199,0.50035,25.0116,1.00123,5.00077,5.08875,SPOT_UNSTABLE|KV_ASSOC
1.260000,kv-ripple,49.89855,0.200474,0.53317,24.9972,0.99907,4.95518,5.05769,SPOT_UNSTABLE|KV_ASSOC
1.270000,kv-ripple,49.80362,0.199844,0.51902,25.0096,0.99980,4.88277,5.02299,SPOT_UNSTABLE|KV_ASSOC
1.280000,kv-ripple,49.71569,0.200227,0.46733,24.9937,1.00123,4.84095,4.99688,SPOT_UNSTABLE|KV_ASSOC
1.290000,kv-ripple,49.63523,0.199996,0.45120,25.0070,1.00146,4.77487,4.94517,SPOT_UNSTABLE|KV_ASSOC
1.300000,kv-ripple,49.55470,0.200024,0.45826,24.9974,0.99929,4.74170,4.91705,SPOT_UNSTABLE|KV_ASSOC
1.310000,kv-ripple,49.49084,0.199796,0.46885,24.9950,0.99817,4.68642,4.89020,SPOT_UNSTABLE|KV_ASSOC
1.320000,kv-ripple,49.42642,0.199989,0.50056,25.0120,0.99817,4.64637,4.86819,SPOT_UNSTABLE|KV_ASSOC
1.330000,kv-ripple,49.36507,0.199955,0.50938,24.9991,0.99863,4.62261,4.83458,SPOT_UNSTABLE|KV_ASSOC
1.340000,kv-ripple,49.32666,0.199994,0.47071,24.9951,1.00151,4.58532,4.82988,SPOT_UNSTABLE|KV_ASSOC
1.350000,kv-ripple,49.28447,0.200311,0.50505,25.0065,1.00003,4.57545,4.80389,SPOT_UNSTABLE|KV_ASSOC
1.360000,kv-ripple,49.26604,0.200255,0.49065,24.9950,0.99871,4.56658,4.81528,SPOT_UNSTABLE|KV_ASSOC
1.370000,kv-ripple,49.24304,0.200497,0.54292,25.0088,1.00162,4.55926,4.79127,SPOT_UNSTABLE|KV_ASSOC
1.380000,kv-ripple,49.24524,0.199686,0.45554,25.0056,0.99800,4.54682,4.78713,SPOT_UNSTABLE|KV_ASSOC
1.390000,kv-ripple,49.27163,0.199648,0.47206,25.0056,1.00142,4.54607,4.81321,SPOT_UNSTABLE|KV_ASSOC
1.400000,kv-ripple,49.29536,0.200304,0.46388,24.9964,1.00124,4.57656,4.81676,SPOT_UNSTABLE|KV_ASSOC
1.410000,kv-ripple,49.31522,0.200110,0.45116,25.0003,1.00105,4.58511,4.83862,SPOT_UNSTABLE|KV_ASSOC
1.420000,kv-ripple,49.37036,0.200341,0.47703,25.0109,1.00116,4.62448,4.84564,SPOT_UNSTABLE|KV_ASSOC
1.430000,kv-ripple,49.43157,0.200187,0.51815,25.0123,0.99919,4.64626,4.86726,SPOT_UNSTABLE|KV_ASSOC
1.440000,kv-ripple,49.49169,0.199612,0.54340,25.0098,1.00185,4.67864,4.88766,SPOT_UNSTABLE|KV_ASSOC
1.450000,kv-ripple,49.55402,0.199515,0.46991,24.9999,0.99819,4.74464,4.93070,SPOT_UNSTABLE|KV_ASSOC
1.460000,kv-ripple,49.63960,0.199678,0.48477,24.9954,0.99816,4.79652,4.95496,SPOT_UNSTABLE|KV_ASSOC
1.470000,kv-ripple,49.72128,0.200320,0.52059,24.9946,0.99834,4.82096,4.98566,SPOT_UNSTABLE|KV_ASSOC
1.480000,kv-ripple,49.80835,0.199552,0.53658,25.0024,1.00001,4.87662,5.01818,SPOT_UNSTABLE|KV_ASSOC
1.490000,kv-ripple,49.90002,0.200093,0.46798,25.0072,0.99958,4.95553,5.07183,SPOT_UNSTABLE|KV_ASSOC
1.500000,kv-ripple,50.00925,0.199612,0.49440,25.0062,1.00189,4.99465,5.10993,SPOT_UNSTABLE|KV_ASSOC
1.510000,kv-ripple,50.09220,0.199761,0.49548,24.9941,1.00030,5.05079,5.12674,SPOT_UNSTABLE|KV_ASSOC
1.520000,kv-ripple,50.18287,0.200132,0.52439,24.9979,0.99910,5.12353,5.18543,SPOT_UNSTABLE|KV_ASSOC
1.530000,kv-ripple,50.28000,0.199687,0.47752,25.0050,1.00198,5.15373,5.22519,SPOT_UNSTABLE|KV_ASSOC
1.540000,kv-ripple,50.36558,0.199933,0.47904,24.9944,0.99868,5.23038,5.24283,SPOT_UNSTABLE|KV_ASSOC
1.550000,kv-ripple,50.43893,0.200486,0.49659,25.0050,0.99931,5.25354,5.28275,SPOT_UNSTABLE|KV_ASSOC
1.560000,kv-ripple,50.51277,0.200196,0.50132,25.0058,0.99888,5.30277,5.30550,SPOT_UNSTABLE|KV_ASSOC
1.570000,kv-ripple,50.57352,0.200127,0.52517,24.9996,1.00150,5.34716,5.31783,SPOT_UNSTABLE|KV_ASSOC
1.580000,kv-ripple,50.62702,0.200007,0.53222,24.9947,0.99809,5.38175,5.35555,SPOT_UNSTABLE|KV_ASSOC
1.590000,kv-ripple,50.68389,0.199816,0.53314,25.0098,0.99917,5.41404,5.37767,SPOT_UNSTABLE|KV_ASSOC
1.600000,kv-ripple,50.72142,0.199762,0.53916,24.9999,1.00158,5.42839,5.38943,SPOT_UNSTABLE|KV_ASSOC
1.610000,kv-ripple,50.74384,0.200110,0.45631,25.0058,1.00149,5.44672,5.38645,SPOT_UNSTABLE|KV_ASSOC
1.620000,kv-ripple,50.74144,0.199792,0.48844,25.0097,0.99943,5.44482,5.40914,SPOT_UNSTABLE|KV_ASSOC
1.630000,kv-ripple,50.74571,0.200362,0.46102,25.0010,0.99946,5.45481,5.39071,SPOT_UNSTABLE|KV_ASSOC
1.640000,kv-ripple,50.74025,0.200409,0.47317,25.0117,0.99887,5.44762,5.39430,SPOT_UNSTABLE|KV_ASSOC
1.650000,kv-ripple,50.71332,0.200267,0.46953,24.9992,0.99890,5.44093,5.37559,SPOT_UNSTABLE|KV_ASSOC
1.660000,kv-ripple,50.68775,0.199709,0.51209,25.0078,0.99827,5.41190,5.36543,SPOT_UNSTABLE|KV_ASSOC
1.670000,kv-ripple,50.62456,0.199810,0.52737,25.0012,1.00145,5.38761,5.35598,SPOT_UNSTABLE|KV_ASSOC
1.680000,kv-ripple,50.57987,0.199897,0.53412,25.0129,0.99930,5.35666,5.31813,SPOT_UNSTABLE|KV_ASSOC
1.690000,kv-ripple,50.50990,0.199545,0.50358,25.0008,1.00180,5.31846,5.30785,SPOT_UNSTABLE|KV_ASSOC
1.700000,kv-ripple,50.43735,0.200171,0.49084,25.0102,1.00147,5.26651,5.27378,SPOT_UNSTABLE|KV_ASSOC
1.710000,kv-ripple,50.36428,0.199801,0.47293,25.0013,1.00088,5.21452,5.25707,SPOT_UNSTABLE|KV_ASSOC
1.720000,kv-ripple,50.26889,0.200436,0.47442,25.0024,1.00149,5.17912,5.19565,SPOT_UNSTABLE|KV_ASSOC
1.730000,kv-ripple,50.17793,0.200260,0.54394,25.0047,0.99972,5.11153,5.17402,SPOT_UNSTABLE|KV_ASSOC
1.740000,kv-ripple,50.09850,0.199825,0.49426,25.0053,1.00008,5.05447,5.12426,SPOT_UNSTABLE|KV_ASSOC
1.750000,kv-ripple,49.99864,0.200372,0.52205,24.9983,0.99987,4.98619,5.11376,SPOT_UNSTABLE|KV_ASSOC
1.760000,kv-ripple,49.90762,0.200275,0.46205,25.0013,0.99868,4.93598,5.05066,SPOT_UNSTABLE|KV_ASSOC
1.770000,kv-ripple,49.81491,0.200425,0.54116,25.0060,1.00162,4.90258,5.03969,SPOT_UNSTABLE|KV_ASSOC
1.780000,kv-ripple,49.71411,0.199781,0.48386,24.9967,0.99867,4.84911,4.97709,SPOT_UNSTABLE|KV_ASSOC
1.790000,kv-ripple,49.63694,0.199696,0.51503,25.0039,0.99898,4.77411,4.96674,SPOT_UNSTABLE|KV_ASSOC
1.800000,kv-ripple,49.55099,0.199530,0.54059,25.0022,1.00187,4.74493,4.92913,SPOT_UNSTABLE|KV_ASSOC
1.810000,kv-ripple,49.48290,0.200215,0.45829,25.0080,1.00092,4.70547,4.88351,SPOT_UNSTABLE|KV_ASSOC
1.820000,kv-ripple,49.43155,0.200398,0.48518,25.0131,1.00042,4.64810,4.86697,SPOT_UNSTABLE|KV_ASSOC
1.830000,kv-ripple,49.37152,0.200118,0.46235,24.9944,0.99980,4.62261,4.83459,SPOT_UNSTABLE|KV_ASSOC
1.840000,kv-ripple,49.32261,0.200436,0.47871,25.0053,1.00128,4.59550,4.81576,SPOT_UNSTABLE|KV_ASSOC
1.850000,kv-ripple,49.29061,0.199685,0.48942,24.9968,1.00063,4.56121,4.80044,SPOT_UNSTABLE|KV_ASSOC
1.860000,kv-ripple,49.26913,0.200415,0.45813,24.9967,1.00045,4.54769,4.79881,SPOT_UNSTABLE|KV_ASSOC
1.870000,kv-ripple,49.25606,0.199697,0.52560,25.0025,1.00112,4.55472,4.81546,SPOT_UNSTABLE|KV_ASSOC
1.880000,kv-ripple,49.24763,0.200432,0.45779,24.9985,0.99913,4.55510,4.81440,SPOT_UNSTABLE|KV_ASSOC
1.890000,kv-ripple,49.26763,0.200085,0.51663,25.0120,0.99994,4.56618,4.80110,SPOT_UNSTABLE|KV_ASSOC
1.900000,kv-ripple,49.28981,0.200469,0.52637,25.0069,1.00088,4.55777,4.82925,SPOT_UNSTABLE|KV_ASSOC
1.910000,kv-ripple,49.32860,0.199769,0.45475,25.0133,1.00097,4.59333,4.82311,SPOT_UNSTABLE|KV_ASSOC
1.920000,kv-ripple,49.35694,0.199747,0.47081,25.0043,0.99978,4.60770,4.84032,SPOT_UNSTABLE|KV_ASSOC
1.930000,kv-ripple,49.41691,0.200400,0.49753,25.0113,1.00110,4.64775,4.85572,SPOT_UNSTABLE|KV_ASSOC
1.940000,kv-ripple,49.49608,0.200302,0.45175,25.0071,1.00190,4.68832,4.90519,SPOT_UNSTABLE|KV_ASSOC
1.950000,kv-ripple,49.55680,0.200237,0.53648,25.0134,1.00157,4.73611,4.92442,SPOT_UNSTABLE|KV_ASSOC
1.960000,kv-ripple,49.63850,0.200432,0.53125,24.9987,0.99996,4.77396,4.96893,SPOT_UNSTABLE|KV_ASSOC
1.970000,kv-ripple,49.71411,0.199961,0.50052,25.0091,1.00041,4.83885,4.99776,SPOT_UNSTABLE|KV_ASSOC
1.980000,kv-ripple,49.82344,0.200209,0.46460,25.0021,1.00047,4.89365,5.03747,SPOT_UNSTABLE|KV_ASSOC
1.990000,kv-ripple,49.90564,0.199591,0.53321,25.0066,0.99956,4.94825,5.06136,SPOT_UNSTABLE|KV_ASSOC
2.000000,kv-ripple,49.99392,0.199981,0.51518,24.9976,0.99925,4.99719,5.10231,SPOT_UNSTABLE|KV_ASSOC
2.010000,kv-ripple,50.08552,0.200237,0.53001,24.9948,0.99967,5.06842,5.12869,SPOT_UNSTABLE|KV_ASSOC
2.020000,kv-ripple,50.19157,0.199513,0.48608,25.0016,1.00102,5.09707,5.16394,SPOT_UNSTABLE|KV_ASSOC
2.030000,kv-ripple,50.27000,0.199881,0.51751,24.9941,1.00059,5.15342,5.19745,SPOT_UNSTABLE|KV_ASSOC
2.040000,kv-ripple,50.36085,0.199982,0.48514,25.0037,0.99954,5.21561,5.23099,SPOT_UNSTABLE|KV_ASSOC
2.050000,kv-ripple,50.43771,0.200182,0.50874,25.0020,1.00015,5.26118,5.28195,SPOT_UNSTABLE|KV_ASSOC
2.060000,kv-ripple,50.51494,0.200118,0.50318,25.0099,0.99949,5.31420,5.29287,SPOT_UNSTABLE|KV_ASSOC
2.070000,kv-ripple,50.57688,0.200140,0.53166,25.0034,0.99843,5.35891,5.34476,SPOT_UNSTABLE|KV_ASSOC
2.080000,kv-ripple,50.62429,0.200466,0.46919,25.0007,0.99962,5.38721,5.35523,SPOT_UNSTABLE|KV_ASSOC
2.090000,kv-ripple,50.67552,0.199718,0.50949,25.0054,1.00148,5.40568,5.37066,SPOT_UNSTABLE|KV_ASSOC
2.100000,kv-ripple,50.71761,0.200443,0.48268,25.0053,0.99933,5.41960,5.38422,SPOT_UNSTABLE|KV_ASSOC
2.110000,kv-ripple,50.74538,0.199974,0.52701,25.0134,0.99988,5.42762,5.38459,SPOT_UNSTABLE|KV_ASSOC
2.120000,kv-ripple,50.74337,0.199870,0.49358,24.9975,0.99962,5.45055,5.39674,SPOT_UNSTABLE|KV_ASSOC
2.130000,kv-ripple,50.74866,0.200252,0.45316,25.0044,1.00133,5.43711,5.40071,SPOT_UNSTABLE|KV_ASSOC
2.140000,kv-ripple,50.74123,0.200274,0.53463,25.0001,0.99874,5.42861,5.39343,SPOT_UNSTABLE|KV_ASSOC
2.150000,kv-ripple,50.71752,0.200322,0.46270,25.0105,1.00163,5.42685,5.38213,SPOT_UNSTABLE|KV_ASSOC
2.160000,kv-ripple,50.68544,0.199794,0.49244,24.9983,0.99942,5.42188,5.37968,SPOT_UNSTABLE|KV_ASSOC
2.170000,kv-ripple,50.63253,0.200294,0.51573,25.0012,1.00048,5.38843,5.33855,SPOT_UNSTABLE|KV_ASSOC
2.180000,kv-ripple,50.58100,0.200340,0.46160,24.9953,1.00165,5.34399,5.34044,SPOT_UNSTABLE|KV_ASSOC
2.190000,kv-ripple,50.51849,0.199608,0.46870,25.0123,0.99820,5.30192,5.30363,SPOT_UNSTABLE|KV_ASSOC
2.200000,kv-ripple,50.44557,0.199965,0.54300,25.0132,0.99989,5.26766,5.26723,SPOT_UNSTABLE|KV_ASSOC
2.210000,kv-ripple,50.35569,0.199575,0.51089,25.0038,0.99896,5.22250,5.24113,SPOT_UNSTABLE|KV_ASSOC
2.220000,kv-ripple,50.27121,0.199653,0.45450,25.0096,1.00193,5.15563,5.21473,SPOT_UNSTABLE|KV_ASSOC
2.230000,kv-ripple,50.19253,0.199769,0.50255,25.0042,1.00123,5.12142,5.18256,SPOT_UNSTABLE|KV_ASSOC
2.240000,kv-ripple,50.09674,0.200092,0.49969,25.0130,1.00080,5.07040,5.13923,SPOT_UNSTABLE|KV_ASSOC
2.250000,kv-ripple,49.99388,0.200238,0.54091,25.0086,0.99803,4.99640,5.09407,SPOT_UNSTABLE|KV_ASSOC
2.260000,kv-ripple,49.90979,0.199911,0.52084,25.0076,0.99915,4.93103,5.07561,SPOT_UNSTABLE|KV_ASSOC
2.270000,kv-ripple,49.80818,0.199906,0.45474,24.9960,0.99928,4.90011,5.02019,SPOT_UNSTABLE|KV_ASSOC
2.280000,kv-ripple,49.72421,0.199518,0.52567,24.9949,0.99862,4.84459,4.99415,SPOT_UNSTABLE|KV_ASSOC
2.290000,kv-ripple,49.63813,0.199997,0.53266,25.0058,0.99958,4.78856,4.95246,SPOT_UNSTABLE|KV_ASSOC
2.300000,kv-ripple,49.55880,0.199513,0.45655,24.9971,1.00141,4.73279,4.93601,SPOT_UNSTABLE|KV_ASSOC
2.310000,kv-ripple,49.49439,0.199523,0.48226,25.0129,1.00029,4.69461,4.88439,SPOT_UNSTABLE|KV_ASSOC
2.320000,kv-ripple,49.42457,0.199857,0.54505,25.0108,0.99974,4.65916,4.87804,SPOT_UNSTABLE|KV_ASSOC
2.330000,kv-ripple,49.37217,0.200341,0.50113,25.0115,0.99974,4.60825,4.84763,SPOT_UNSTABLE|KV_ASSOC
2.340000,kv-ripple,49.32532,0.199981,0.49710,25.0098,0.99967,4.58887,4.83588,SPOT_UNSTABLE|KV_ASSOC
2.350000,kv-ripple,49.29582,0.199610,0.47508,24.9981,0.99996,4.56552,4.80887,SPOT_UNSTABLE|KV_ASSOC
2.360000,kv-ripple,49.25719,0.200026,0.46449,24.9965,0.99850,4.56070,4.79045,SPOT_UNSTABLE|KV_ASSOC
2.370000,kv-ripple,49.26049,0.200167,0.50752,24.9986,0.99826,4.54527,4.80065,SPOT_UNSTABLE|KV_ASSOC
2.380000,kv-ripple,49.25280,0.199835,0.50905,25.0050,0.99901,4.53886,4.79969,SPOT_UNSTABLE|KV_ASSOC
2.390000,kv-ripple,49.26146,0.200034,0.48521,25.0119,1.00016,4.54779,4.79264,SPOT_UNSTABLE|KV_ASSOC
2.400000,kv-ripple,49.28064,0.200351,0.53737,25.0026,1.00156,4.57990,4.81567,SPOT_UNSTABLE|KV_ASSOC
2.410000,kv-ripple,49.31339,0.200432,0.50421,25.0021,0.99854,4.58495,4.84147,SPOT_UNSTABLE|KV_ASSOC
2.420000,kv-ripple,49.35808,0.200218,0.50778,25.0012,1.00125,4.60719,4.85948,SPOT_UNSTABLE|KV_ASSOC
2.430000,kv-ripple,49.42498,0.199987,0.47306,25.0147,0.99860,4.65796,4.87698,SPOT_UNSTABLE|KV_ASSOC
2.440000,kv-ripple,49.49094,0.199663,0.46908,24.9960,1.00180,4.69029,4.88420,SPOT_UNSTABLE|KV_ASSOC
2.450000,kv-ripple,49.55919,0.199703,0.48368,24.9995,1.00176,4.72082,4.90907,SPOT_UNSTABLE|KV_ASSOC
2.460000,kv-ripple,49.63208,0.199827,0.51247,25.0060,0.99832,4.77064,4.94203,SPOT_UNSTABLE|KV_ASSOC
2.470000,kv-ripple,49.71824,0.200469,0.45077,25.0080,0.99999,4.82337,4.98367,SPOT_UNSTABLE|KV_ASSOC
2.480000,kv-ripple,49.82129,0.199561,0.48696,25.0019,1.00164,4.89464,5.01620,SPOT_UNSTABLE|KV_ASSOC
2.490000,kv-ripple,49.89623,0.199697,0.47367,25.0130,1.00003,4.95261,5.05469,SPOT_UNSTABLE|KV_ASSOC
2.500000,kv-ripple,50.00514,0.199922,0.47421,24.9974,1.00097,4.99332,5.08512,SPOT_UNSTABLE|KV_ASSOC
2.510000,kv-ripple,50.10167,0.200042,0.52720,25.0110,0.99973,5.04452,5.13484,SPOT_UNSTABLE|KV_ASSOC
2.520000,kv-ripple,50.18494,0.200265,0.52306,25.0065,0.99866,5.11021,5.16523,SPOT_UNSTABLE|KV_ASSOC
2.530000,kv-ripple,50.27952,0.200179,0.54569,25.0030,0.99803,5.15384,5.20683,SPOT_UNSTABLE|KV_ASSOC
2.540000,kv-ripple,50.35979,0.200496,0.53826,24.9975,1.00005,5.22830,5.25414,SPOT_UNSTABLE|KV_ASSOC
2.550000,kv-ripple,50.43779,0.200338,0.48428,24.9970,1.00053,5.26715,5.27109,SPOT_UNSTABLE|KV_ASSOC
2.560000,kv-ripple,50.50552,0.199720,0.48350,24.9990,0.99946,5.30992,5.31662,SPOT_UNSTABLE|KV_ASSOC
2.570000,kv-ripple,50.57940,0.199825,0.52907,25.0107,0.99805,5.33863,5.32273,SPOT_UNSTABLE|KV_ASSOC
2.580000,kv-ripple,50.63666,0.199870,0.52617,25.0030,0.99897,5.38109,5.35697,SPOT_UNSTABLE|KV_ASSOC
2.590000,kv-ripple,50.67643,0.200054,0.53936,24.9982,0.99893,5.40725,5.36125,SPOT_UNSTABLE|KV_ASSOC
2.600000,kv-ripple,50.72199,0.199888,0.50259,25.0035,1.00079,5.42296,5.39191,SPOT_UNSTABLE|KV_ASSOC
2.610000,kv-ripple,50.73289,0.199915,0.54784,25.0091,0.99990,5.45426,5.40838,SPOT_UNSTABLE|KV_ASSOC
2.620000,kv-ripple,50.74260,0.200278,0.54904,25.0014,1.00072,5.44681,5.40201,SPOT_UNSTABLE|KV_ASSOC
2.630000,kv-ripple,50.74475,0.200428,0.47329,25.0112,1.00010,5.43888,5.39419,SPOT_UNSTABLE|KV_ASSOC
2.640000,kv-ripple,50.73979,0.200391,0.50526,25.0108,1.00179,5.43526,5.38790,SPOT_UNSTABLE|KV_ASSOC
2.650000,kv-ripple,50.71308,0.199952,0.52247,25.0096,1.00055,5.42303,5.37599,SPOT_UNSTABLE|KV_ASSOC
2.660000,kv-ripple,50.67539,0.200234,0.48757,25.0091,1.00178,5.41043,5.36163,SPOT_UNSTABLE|KV_ASSOC
2.670000,kv-ripple,50.64007,0.200413,0.52899,25.0026,0.99997,5.37247,5.36072,SPOT_UNSTABLE|KV_ASSOC
2.680000,kv-ripple,50.58541,0.199922,0.52623,25.0081,1.00029,5.35825,5.31653,SPOT_UNSTABLE|KV_ASSOC
2.690000,kv-ripple,50.50790,0.199587,0.50379,25.0137,0.99906,5.29529,5.31621,SPOT_UNSTABLE|KV_ASSOC
2.700000,kv-ripple,50.44538,0.199729,0.49994,25.0099,0.99862,5.25778,5.27149,SPOT_UNSTABLE|KV_ASSOC
2.710000,kv-ripple,50.37047,0.200052,0.50997,24.9984,0.99893,5.22959,5.25174,SPOT_UNSTABLE|KV_ASSOC
2.720000,kv-ripple,50.26847,0.200113,0.45944,25.0081,0.99921,5.16314,5.21017,SPOT_UNSTABLE|KV_ASSOC
2.730000,kv-ripple,50.18681,0.200431,0.53123,25.0078,1.00162,5.11424,5.18039,SPOT_UNSTABLE|KV_ASSOC
2.740000,kv-ripple,50.10235,0.199552,0.54352,24.9982,1.00087,5.06394,5.14450,SPOT_UNSTABLE|KV_ASSOC
2.750000,kv-ripple,49.99544,0.199774,0.53378,25.0046,1.00028,5.00951,5.10755,SPOT_UNSTABLE|KV_ASSOC
2.760000,kv-ripple,49.90333,0.199764,0.53593,25.0066,1.00179,4.93674,5.07553,SPOT_UNSTABLE|KV_ASSOC
2.770000,kv-ripple,49.82178,0.199648,0.53249,24.9998,0.99823,4.88213,5.03699,SPOT_UNSTABLE|KV_ASSOC
2.780000,kv-ripple,49.72293,0.200284,0.52122,24.9986,0.99896,4.83473,4.97699,SPOT_UNSTABLE|KV_ASSOC
2.790000,kv-ripple,49.64681,0.199606,0.51984,25.0129,0.99964,4.77174,4.95144,SPOT_UNSTABLE|KV_ASSOC
2.800000,kv-ripple,49.54960,0.199612,0.45394,24.9977,0.99984,4.74429,4.92786,SPOT_UNSTABLE|KV_ASSOC
2.810000,kv-ripple,49.49633,0.200403,0.50704,25.0046,0.99988,4.69688,4.88480,SPOT_UNSTABLE|KV_ASSOC
2.820000,kv-ripple,49.42218,0.199765,0.48853,25.0141,0.99842,4.65628,4.86287,SPOT_UNSTABLE|KV_ASSOC
2.830000,kv-ripple,49.35752,0.199526,0.51648,25.0105,1.00049,4.60791,4.83957,SPOT_UNSTABLE|KV_ASSOC
2.840000,kv-ripple,49.31850,0.200066,0.50938,25.0067,0.99977,4.59338,4.83563,SPOT_UNSTABLE|KV_ASSOC
2.850000,kv-ripple,49.28376,0.199558,0.46032,25.0102,1.00169,4.56644,4.81378,SPOT_UNSTABLE|KV_ASSOC
2.860000,kv-ripple,49.25916,0.200072,0.48213,25.0047,0.99833,4.54581,4.82010,SPOT_UNSTABLE|KV_ASSOC
2.870000,kv-ripple,49.25216,0.200448,0.49677,24.9967,1.00001,4.55442,4.78684,SPOT_UNSTABLE|KV_ASSOC
2.880000,kv-ripple,49.25766,0.199571,0.50026,25.0016,1.00036,4.54127,4.79355,SPOT_UNSTABLE|KV_ASSOC
2.890000,kv-ripple,49.26095,0.200191,0.48119,24.9982,0.99903,4.55649,4.81218,SPOT_UNSTABLE|KV_ASSOC
2.900000,kv-ripple,49.29172,0.200318,0.45599,24.9993,1.00044,4.57474,4.81118,SPOT_UNSTABLE|KV_ASSOC
2.910000,kv-ripple,49.31807,0.199572,0.47797,25.0145,0.99842,4.59510,4.81614,SPOT_UNSTABLE|KV_ASSOC
2.920000,kv-ripple,49.37202,0.199532,0.50353,25.0095,1.00127,4.60514,4.84957,SPOT_UNSTABLE|KV_ASSOC
2.930000,kv-ripple,49.42876,0.199831,0.47947,25.0017,0.99992,4.64377,4.87593,SPOT_UNSTABLE|KV_ASSOC
2.940000,kv-ripple,49.47985,0.199801,0.53602,25.0122,1.00033,4.70195,4.90641,SPOT_UNSTABLE|KV_ASSOC
2.950000,kv-ripple,49.55977,0.200079,0.54413,25.0124,0.99803,4.72944,4.93537,SPOT_UNSTABLE|KV_ASSOC
2.960000,kv-ripple,49.64149,0.199963,0.54765,25.0124,0.99820,4.77134,4.95778,SPOT_UNSTABLE|KV_ASSOC
2.970000,kv-ripple,49.73293,0.200494,0.52607,25.0054,0.99872,4.82412,5.00279,SPOT_UNSTABLE|KV_ASSOC
2.980000,kv-ripple,49.81970,0.200322,0.52895,24.9978,1.00102,4.90146,5.03562,SPOT_UNSTABLE|KV_ASSOC
2.990000,kv-ripple,49.90160,0.200417,0.47662,25.0122,0.99918,4.93841,5.06293,SPOT_UNSTABLE|KV_ASSOC
3.000000,kv-ripple,49.99853,0.200285,0.52943,24.9976,1.00164,4.98573,5.08620,SPOT_UNSTABLE|KV_ASSOC
3.010000,kv-ripple,50.10172,0.199890,0.46262,24.9994,1.00061,5.06979,5.14042,SPOT_UNSTABLE|KV_ASSOC
3.020000,kv-ripple,50.19246,0.199698,0.54674,25.0032,0.99856,5.12422,5.16008,SPOT_UNSTABLE|KV_ASSOC
3.030000,kv-ripple,50.26633,0.199642,0.52228,25.0080,1.00117,5.15530,5.19900,SPOT_UNSTABLE|KV_ASSOC
3.040000,kv-ripple,50.35137,0.199949,0.54858,25.0050,1.00109,5.22285,5.24432,SPOT_UNSTABLE|KV_ASSOC
3.050000,kv-ripple,50.43895,0.200409,0.47300,25.0023,0.99960,5.27672,5.28369,SPOT_UNSTABLE|KV_ASSOC
3.060000,kv-ripple,50.51499,0.199778,0.53208,25.0045,1.00191,5.30005,5.29300,SPOT_UNSTABLE|KV_ASSOC
3.070000,kv-ripple,50.57916,0.199576,0.45384,25.0053,1.00158,5.35546,5.33637,SPOT_UNSTABLE|KV_ASSOC
3.080000,kv-ripple,50.64058,0.199795,0.45827,25.0002,1.00177,5.37801,5.34217,SPOT_UNSTABLE|KV_ASSOC
3.090000,kv-ripple,50.67372,0.199741,0.53382,25.0141,1.00183,5.40845,5.38344,SPOT_UNSTABLE|KV_ASSOC
3.100000,kv-ripple,50.72168,0.199514,0.49623,25.0150,0.99874,5.44187,5.37364,SPOT_UNSTABLE|KV_ASSOC
3.110000,kv-ripple,50.73069,0.199734,0.50230,25.0115,0.99988,5.43480,5.39123,SPOT_UNSTABLE|KV_ASSOC
3.120000,kv-ripple,50.74105,0.200336,0.45540,25.0036,1.00175,5.45282,5.39940,SPOT_UNSTABLE|KV_ASSOC
3.130000,kv-ripple,50.75215,0.200250,0.48617,25.0064,0.99867,5.45057,5.39578,SPOT_UNSTABLE|KV_ASSOC
3.140000,kv-ripple,50.73181,0.199865,0.50493,25.0008,0.99932,5.44140,5.39731,SPOT_UNSTABLE|KV_ASSOC
3.150000,kv-ripple,50.71637,0.200289,0.46596,24.9982,1.00079,5.42468,5.38203,SPOT_UNSTABLE|KV_ASSOC
3.160000,kv-ripple,50.68587,0.200369,0.45868,25.0138,0.99836,5.40227,5.37061,SPOT_UNSTABLE|KV_ASSOC
3.170000,kv-ripple,50.64183,0.200449,0.49564,24.9989,0.99953,5.36679,5.35871,SPOT_UNSTABLE|KV_ASSOC
3.180000,kv-ripple,50.58199,0.199598,0.47340,25.0041,1.00020,5.35366,5.34133,SPOT_UNSTABLE|KV_ASSOC
3.190000,kv-ripple,50.51654,0.199527,0.52589,24.9982,1.00138,5.30866,5.31207,SPOT_UNSTABLE|KV_ASSOC
3.200000,kv-ripple,50.43523,0.199601,0.54828,25.0068,1.00192,5.24989,5.27090,SPOT_UNSTABLE|KV_ASSOC
3.210000,kv-ripple,50.36638,0.200192,0.49300,24.9996,0.99888,5.22669,5.24114,SPOT_UNSTABLE|KV_ASSOC
3.220000,kv-ripple,50.27040,0.200286,0.45641,24.9966,1.00195,5.17597,5.21526,SPOT_UNSTABLE|KV_ASSOC
3.230000,kv-ripple,50.18792,0.199551,0.52229,25.0047,0.99922,5.12536,5.18006,SPOT_UNSTABLE|KV_ASSOC
3.240000,kv-ripple,50.10086,0.200204,0.46527,24.9993,0.99963,5.06629,5.12428,SPOT_UNSTABLE|KV_ASSOC
3.250000,kv-ripple,49.99490,0.200441,0.51257,25.0088,1.00125,4.99408,5.09765,SPOT_UNSTABLE|KV_ASSOC
3.260000,kv-ripple,49.90722,0.200022,0.54423,25.0162,1.00050,4.93650,5.06225,SPOT_UNSTABLE|KV_ASSOC
3.270000,kv-ripple,49.80545,0.200204,0.47167,25.0082,0.99969,4.88107,5.01155,SPOT_UNSTABLE|KV_ASSOC
3.280000,kv-ripple,49.72413,0.200471,0.49437,25.0070,1.00161,4.83559,4.98629,SPOT_UNSTABLE|KV_ASSOC
3.290000,kv-ripple,49.63903,0.199718,0.47059,25.0132,1.00094,4.79386,4.96118,SPOT_UNSTABLE|KV_ASSOC
3.300000,kv-ripple,49.55319,0.199687,0.50054,24.9981,1.00036,4.74643,4.92704,SPOT_UNSTABLE|KV_ASSOC
3.310000,kv-ripple,49.48092,0.200453,0.52945,25.0068,1.00168,4.70461,4.90244,SPOT_UNSTABLE|KV_ASSOC
3.320000,kv-ripple,49.41378,0.200000,0.47847,25.0156,0.99809,4.66340,4.88029,SPOT_UNSTABLE|KV_ASSOC
3.330000,kv-ripple,49.35772,0.199605,0.45066,25.0007,0.99803,4.62458,4.84422,SPOT_UNSTABLE|KV_ASSOC
3.340000,kv-ripple,49.31571,0.199777,0.50315,25.0023,0.99941,4.59858,4.81453,SPOT_UNSTABLE|KV_ASSOC
3.350000,kv-ripple,49.29171,0.199710,0.52756,25.0159,1.00187,4.57576,4.80431,SPOT_UNSTABLE|KV_ASSOC
3.360000,kv-ripple,49.25548,0.200072,0.53827,25.0074,1.00152,4.55828,4.79547,SPOT_UNSTABLE|KV_ASSOC
3.370000,kv-ripple,49.25611,0.199887,0.48855,25.0128,1.00143,4.56185,4.80703,SPOT_UNSTABLE|KV_ASSOC
3.380000,kv-ripple,49.25775,0.200124,0.47345,25.0021,0.99945,4.54359,4.79053,SPOT_UNSTABLE|KV_ASSOC
3.390000,kv-ripple,49.25885,0.199837,0.54197,25.0044,0.99877,4.55632,4.80897,SPOT_UNSTABLE|KV_ASSOC
3.400000,kv-ripple,49.29118,0.200143,0.49557,25.0090,1.00073,4.58659,4.81215,SPOT_UNSTABLE|KV_ASSOC
3.410000,kv-ripple,49.32977,0.200217,0.47345,25.0143,0.99868,4.58560,4.81901,SPOT_UNSTABLE|KV_ASSOC
3.420000,kv-ripple,49.35934,0.200027,0.50566,25.0011,0.99807,4.62196,4.84399,SPOT_UNSTABLE|KV_ASSOC
3.430000,kv-ripple,49.41767,0.199808,0.46954,25.0104,0.99861,4.66020,4.86680,SPOT_UNSTABLE|KV_ASSOC
3.440000,kv-ripple,49.49004,0.199638,0.52364,25.0144,0.99889,4.67726,4.88677,SPOT_UNSTABLE|KV_ASSOC
3.450000,kv-ripple,49.54967,0.200404,0.50799,25.0063,1.00113,4.73045,4.92629,SPOT_UNSTABLE|KV_ASSOC
3.460000,kv-ripple,49.63519,0.199607,0.53160,25.0169,0.99830,4.77665,4.94661,SPOT_UNSTABLE|KV_ASSOC
3.470000,kv-ripple,49.72754,0.200263,0.51914,25.0167,0.99853,4.82499,4.98036,SPOT_UNSTABLE|KV_ASSOC
3.480000,kv-ripple,49.81531,0.200440,0.47301,24.9990,1.00038,4.88939,5.03606,SPOT_UNSTABLE|KV_ASSOC
3.490000,kv-ripple,49.90519,0.199670,0.49407,25.0152,0.99821,4.94504,5.07514,SPOT_UNSTABLE|KV_ASSOC
3.500000,kv-ripple,49.99400,0.200431,0.48219,25.0077,1.00139,5.00720,5.09222,SPOT_UNSTABLE|KV_ASSOC
3.510000,kv-ripple,50.08957,0.200454,0.54658,25.0070,0.99892,5.06360,5.15097,SPOT_UNSTABLE|KV_ASSOC
3.520000,kv-ripple,50.19430,0.199781,0.54621,25.0072,1.00040,5.10134,5.16581,SPOT_UNSTABLE|KV_ASSOC
3.530000,kv-ripple,50.28541,0.199515,0.53680,25.0113,0.99958,5.16143,5.20716,SPOT_UNSTABLE|KV_ASSOC
3.540000,kv-ripple,50.36741,0.199695,0.53130,25.0091,1.00123,5.22187,5.25493,SPOT_UNSTABLE|KV_ASSOC
3.550000,kv-ripple,50.44313,0.200288,0.48806,25.0140,0.99836,5.25030,5.26249,SPOT_UNSTABLE|KV_ASSOC
3.560000,kv-ripple,50.52026,0.200423,0.51994,25.0011,1.00028,5.30599,5.29650,SPOT_UNSTABLE|KV_ASSOC
3.570000,kv-ripple,50.58068,0.200018,0.48368,24.9989,1.00056,5.33223,5.31875,SPOT_UNSTABLE|KV_ASSOC
3.580000,kv-ripple,50.63931,0.199521,0.53323,25.0089,0.99979,5.39052,5.36123,SPOT_UNSTABLE|KV_ASSOC
3.590000,kv-ripple,50.67527,0.200484,0.47187,25.0101,1.00122,5.41166,5.36318,SPOT_UNSTABLE|KV_ASSOC
3.600000,kv-ripple,50.71879,0.200327,0.53791,25.0025,1.00045,5.42292,5.38442,SPOT_UNSTABLE|KV_ASSOC
3.610000,kv-ripple,50.73048,0.199706,0.54120,25.0049,0.99995,5.43909,5.39410,SPOT_UNSTABLE|KV_ASSOC
3.620000,kv-ripple,50.74951,0.200158,0.48943,25.0164,1.00009,5.43755,5.40856,SPOT_UNSTABLE|KV_ASSOC
3.630000,kv-ripple,50.74071,0.200056,0.51299,25.0016,1.00114,5.44981,5.40340,SPOT_UNSTABLE|KV_ASSOC
3.640000,kv-ripple,50.73493,0.200216,0.52305,25.0044,0.99999,5.43574,5.38448,SPOT_UNSTABLE|KV_ASSOC
3.650000,kv-ripple,50.70760,0.200336,0.53610,25.0151,0.99952,5.42391,5.39852,SPOT_UNSTABLE|KV_ASSOC
3.660000,kv-ripple,50.67120,0.200144,0.50567,25.0039,0.99808,5.40193,5.36010,SPOT_UNSTABLE|KV_ASSOC
3.670000,kv-ripple,50.63562,0.199611,0.52028,25.0077,1.00059,5.39323,5.35493,SPOT_UNSTABLE|KV_ASSOC
3.680000,kv-ripple,50.58347,0.199711,0.48231,25.0161,1.00067,5.35039,5.33830,SPOT_UNSTABLE|KV_ASSOC
3.690000,kv-ripple,50.51524,0.200214,0.51345,25.0147,1.00013,5.30190,5.31641,SPOT_UNSTABLE|KV_ASSOC
3.700000,kv-ripple,50.44757,0.199706,0.52542,25.0071,0.99984,5.25927,5.26366,SPOT_UNSTABLE|KV_ASSOC
3.710000,kv-ripple,50.35516,0.200205,0.47096,25.0146,0.99964,5.20853,5.23540,SPOT_UNSTABLE|KV_ASSOC
3.720000,kv-ripple,50.27153,0.199961,0.50259,25.0068,0.99849,5.16897,5.21988,SPOT_UNSTABLE|KV_ASSOC
3.730000,kv-ripple,50.18046,0.199889,0.48871,25.0150,0.99800,5.12474,5.16716,SPOT_UNSTABLE|KV_ASSOC
3.740000,kv-ripple,50.10074,0.199972,0.45045,25.0121,0.99966,5.07024,5.15108,SPOT_UNSTABLE|KV_ASSOC
3.750000,kv-ripple,49.99187,0.199733,0.53207,25.0166,1.00026,4.98610,5.11029,SPOT_UNSTABLE|KV_ASSOC
3.760000,kv-ripple,49.91013,0.199937,0.46129,25.0013,0.99862,4.93291,5.05932,SPOT_UNSTABLE|KV_ASSOC
3.770000,kv-ripple,49.81530,0.200358,0.49596,25.0104,0.99802,4.89093,5.03027,SPOT_UNSTABLE|KV_ASSOC
3.780000,kv-ripple,49.73353,0.199770,0.48455,25.0057,0.99930,4.83855,5.00295,SPOT_UNSTABLE|KV_ASSOC
3.790000,kv-ripple,49.64048,0.200085,0.53357,25.0037,1.00116,4.79120,4.94307,SPOT_UNSTABLE|KV_ASSOC
3.800000,kv-ripple,49.55959,0.199810,0.49971,25.0054,0.99858,4.74825,4.91385,SPOT_UNSTABLE|KV_ASSOC
3.810000,kv-ripple,49.48444,0.200114,0.49959,24.9984,1.00145,4.68977,4.87984,SPOT_UNSTABLE|KV_ASSOC
3.820000,kv-ripple,49.41256,0.200068,0.46140,25.0068,1.00195,4.64083,4.86233,SPOT_UNSTABLE|KV_ASSOC
3.830000,kv-ripple,49.36132,0.199562,0.52284,24.9989,0.99946,4.62147,4.83314,SPOT_UNSTABLE|KV_ASSOC
3.840000,kv-ripple,49.32028,0.200097,0.53301,25.0019,1.00182,4.59463,4.83394,SPOT_UNSTABLE|KV_ASSOC
3.850000,kv-ripple,49.28549,0.199672,0.46147,25.0172,0.99916,4.56400,4.81699,SPOT_UNSTABLE|KV_ASSOC
3.860000,kv-ripple,49.26749,0.200357,0.54238,25.0049,0.99928,4.54911,4.79889,SPOT_UNSTABLE|KV_ASSOC
3.870000,kv-ripple,49.24151,0.200281,0.45511,25.0128,1.00044,4.55972,4.80854,SPOT_UNSTABLE|KV_ASSOC
3.880000,kv-ripple,49.24669,0.200475,0.49496,25.0044,1.00043,4.53792,4.79976,SPOT_UNSTABLE|KV_ASSOC
3.890000,kv-ripple,49.25331,0.200414,0.48094,25.0028,1.00159,4.54384,4.79616,SPOT_UNSTABLE|KV_ASSOC
3.900000,kv-ripple,49.28666,0.199516,0.49539,25.0149,0.99907,4.56468,4.82290,SPOT_UNSTABLE|KV_ASSOC
3.910000,kv-ripple,49.31768,0.199552,0.49974,25.0104,1.00137,4.58879,4.81857,SPOT_UNSTABLE|KV_ASSOC
3.920000,kv-ripple,49.36709,0.200459,0.54103,25.0033,0.99898,4.62335,4.85109,SPOT_UNSTABLE|KV_ASSOC
3.930000,kv-ripple,49.42426,0.199863,0.54966,25.0104,0.99855,4.65275,4.86877,SPOT_UNSTABLE|KV_ASSOC
3.940000,kv-ripple,49.49356,0.199960,0.49052,25.0032,1.00181,4.69834,4.88530,SPOT_UNSTABLE|KV_ASSOC
3.950000,kv-ripple,49.56784,0.200462,0.46684,25.0073,1.00081,4.74144,4.91800,SPOT_UNSTABLE|KV_ASSOC
3.960000,kv-ripple,49.63469,0.200346,0.45817,25.0177,1.00051,4.78289,4.95026,SPOT_UNSTABLE|KV_ASSOC
3.970000,kv-ripple,49.71951,0.199767,0.48871,25.0131,0.99833,4.84086,4.99441,SPOT_UNSTABLE|KV_ASSOC
3.980000,kv-ripple,49.81109,0.200116,0.47363,25.0036,0.99975,4.88908,5.01698,SPOT_UNSTABLE|KV_ASSOC
3.990000,kv-ripple,49.90259,0.200153,0.48397,24.9994,1.00142,4.94495,5.07116,SPOT_UNSTABLE|KV_ASSOC
4.000000,kv-ripple,49.99860,0.200111,0.45480,24.9987,1.00047,5.00624,5.11443,SPOT_UNSTABLE|KV_ASSOC
4.010000,kv-ripple,50.08849,0.199568,0.45986,25.0109,1.00075,5.04867,5.12599,SPOT_UNSTABLE|KV_ASSOC
4.020000,kv-ripple,50.18286,0.199531,0.50361,25.0098,1.00076,5.11819,5.18656,SPOT_UNSTABLE|KV_ASSOC
4.030000,kv-ripple,50.26801,0.199530,0.47766,25.0141,0.99957,5.15524,5.21078,SPOT_UNSTABLE|KV_ASSOC
4.040000,kv-ripple,50.36477,0.200167,0.52943,25.0090,0.99967,5.22096,5.24970,SPOT_UNSTABLE|KV_ASSOC
4.050000,kv-ripple,50.43617,0.200147,0.46850,25.0137,1.00006,5.27889,5.26191,SPOT_UNSTABLE|KV_ASSOC
4.060000,kv-ripple,50.50345,0.200140,0.46439,25.0122,1.00055,5.30259,5.30249,SPOT_UNSTABLE|KV_ASSOC
4.070000,kv-ripple,50.57510,0.200371,0.53943,25.0172,0.99984,5.33188,5.32276,SPOT_UNSTABLE|KV_ASSOC
4.080000,kv-ripple,50.64031,0.200169,0.54129,25.0119,1.00009,5.38311,5.35626,SPOT_UNSTABLE|KV_ASSOC
4.090000,kv-ripple,50.68041,0.199934,0.50012,25.0024,0.99818,5.41080,5.37472,SPOT_UNSTABLE|KV_ASSOC
4.100000,kv-ripple,50.71212,0.199520,0.48760,25.0147,0.99959,5.42661,5.37209,SPOT_UNSTABLE|KV_ASSOC
4.110000,kv-ripple,50.73391,0.200092,0.48088,25.0126,1.00168,5.44143,5.39478,SPOT_UNSTABLE|KV_ASSOC
4.120000,kv-ripple,50.75768,0.200277,0.53145,25.0075,1.00054,5.44638,5.40059,SPOT_UNSTABLE|KV_ASSOC
4.130000,kv-ripple,50.74985,0.199753,0.45774,25.0003,0.99804,5.45828,5.40305,SPOT_UNSTABLE|KV_ASSOC
4.140000,kv-ripple,50.72914,0.200147,0.54678,25.0114,0.99824,5.44939,5.38727,SPOT_UNSTABLE|KV_ASSOC
4.150000,kv-ripple,50.71529,0.199636,0.50773,25.0000,0.99839,5.41423,5.37441,SPOT_UNSTABLE|KV_ASSOC
4.160000,kv-ripple,50.68053,0.199552,0.46793,25.0164,0.99807,5.39566,5.35840,SPOT_UNSTABLE|KV_ASSOC
4.170000,kv-ripple,50.63792,0.200006,0.49243,25.0095,0.99973,5.39035,5.35101,SPOT_UNSTABLE|KV_ASSOC
4.180000,kv-ripple,50.57943,0.199975,0.50917,25.0062,1.00044,5.34230,5.32443,SPOT_UNSTABLE|KV_ASSOC
4.190000,kv-ripple,50.50902,0.200232,0.46731,25.0170,1.00159,5.31749,5.31988,SPOT_UNSTABLE|KV_ASSOC
4.200000,kv-ripple,50.43931,0.200412,0.51309,25.0004,0.99811,5.26864,5.27992,SPOT_UNSTABLE|KV_ASSOC
4.210000,kv-ripple,50.35537,0.200057,0.54402,25.0144,0.99913,5.23171,5.24759,SPOT_UNSTABLE|KV_ASSOC
4.220000,kv-ripple,50.27520,0.199870,0.45589,25.0079,1.00153,5.16991,5.20443,SPOT_UNSTABLE|KV_ASSOC
4.230000,kv-ripple,50.19439,0.199994,0.54937,25.0014,1.00140,5.11662,5.18517,SPOT_UNSTABLE|KV_ASSOC
4.240000,kv-ripple,50.09201,0.200311,0.53684,25.0105,1.00127,5.06852,5.14747,SPOT_UNSTABLE|KV_ASSOC
4.250000,kv-ripple,49.99111,0.199928,0.53430,25.0174,1.00162,4.99948,5.08699,SPOT_UNSTABLE|KV_ASSOC
4.260000,kv-ripple,49.89690,0.199704,0.50654,25.0130,1.00044,4.95682,5.07702,SPOT_UNSTABLE|KV_ASSOC
4.270000,kv-ripple,49.80709,0.199611,0.54465,25.0097,1.00146,4.87580,5.03991,SPOT_UNSTABLE|KV_ASSOC
4.280000,kv-ripple,49.73339,0.200071,0.52415,25.0007,0.99963,4.83979,4.99435,SPOT_UNSTABLE|KV_ASSOC
4.290000,kv-ripple,49.63923,0.199659,0.47981,25.0182,1.00077,4.79197,4.96963,SPOT_UNSTABLE|KV_ASSOC
4.300000,kv-ripple,49.55958,0.200153,0.50918,25.0160,1.00195,4.72201,4.92264,SPOT_UNSTABLE|KV_ASSOC
4.310000,kv-ripple,49.49376,0.199601,0.49122,25.0171,1.00106,4.69780,4.88280,SPOT_UNSTABLE|KV_ASSOC
4.320000,kv-ripple,49.42326,0.199532,0.45017,25.0089,1.00070,4.64817,4.86186,SPOT_UNSTABLE|KV_ASSOC
4.330000,kv-ripple,49.35699,0.199955,0.51649,25.0123,1.00044,4.63372,4.86163,SPOT_UNSTABLE|KV_ASSOC
4.340000,kv-ripple,49.31892,0.200496,0.48145,25.0144,0.99921,4.59115,4.83309,SPOT_UNSTABLE|KV_ASSOC
4.350000,kv-ripple,49.29265,0.199866,0.46299,25.0064,1.00151,4.58197,4.80568,SPOT_UNSTABLE|KV_ASSOC
4.360000,kv-ripple,49.27162,0.200445,0.52148,25.0125,1.00170,4.54424,4.81018,SPOT_UNSTABLE|KV_ASSOC
4.370000,kv-ripple,49.24544,0.199960,0.45331,25.0106,1.00018,4.55983,4.80910,SPOT_UNSTABLE|KV_ASSOC
4.380000,kv-ripple,49.25724,0.199961,0.51408,25.0145,1.00007,4.54527,4.79015,SPOT_UNSTABLE|KV_ASSOC
4.390000,kv-ripple,49.26449,0.199535,0.48023,24.9998,0.99892,4.56680,4.80324,SPOT_UNSTABLE|KV_ASSOC
4.400000,kv-ripple,49.28304,0.199787,0.50688,25.0108,0.99829,4.56804,4.81593,SPOT_UNSTABLE|KV_ASSOC
4.410000,kv-ripple,49.32888,0.200284,0.49707,25.0039,1.00051,4.58977,4.83075,SPOT_UNSTABLE|KV_ASSOC
4.420000,kv-ripple,49.37434,0.200415,0.47236,25.0155,1.00173,4.63172,4.83901,SPOT_UNSTABLE|KV_ASSOC
4.430000,kv-ripple,49.42193,0.200326,0.54674,25.0119,0.99868,4.66114,4.88054,SPOT_UNSTABLE|KV_ASSOC
4.440000,kv-ripple,49.48732,0.199903,0.50621,25.0114,1.00065,4.67884,4.90658,SPOT_UNSTABLE|KV_ASSOC
4.450000,kv-ripple,49.55341,0.199640,0.51563,25.0056,1.00180,4.72776,4.91929,SPOT_UNSTABLE|KV_ASSOC
4.460000,kv-ripple,49.63164,0.200447,0.45685,25.0107,0.99893,4.78966,4.95974,SPOT_UNSTABLE|KV_ASSOC
4.470000,kv-ripple,49.72897,0.199917,0.54338,25.0065,0.99967,4.82388,4.97705,SPOT_UNSTABLE|KV_ASSOC
4.480000,kv-ripple,49.80597,0.200163,0.53056,25.0031,0.99881,4.89031,5.01848,SPOT_UNSTABLE|KV_ASSOC
4.490000,kv-ripple,49.90701,0.199686,0.53167,25.0079,0.99946,4.95270,5.04889,SPOT_UNSTABLE|KV_ASSOC
4.500000,kv-ripple,50.00010,0.200142,0.50899,25.0093,1.00037,5.00842,5.08702,SPOT_UNSTABLE|KV_ASSOC
4.510000,kv-ripple,50.08431,0.200048,0.53263,25.0076,1.00155,5.04823,5.13263,SPOT_UNSTABLE|KV_ASSOC
4.520000,kv-ripple,50.18621,0.200050,0.49236,25.0018,1.00017,5.11739,5.18160,SPOT_UNSTABLE|KV_ASSOC
4.530000,kv-ripple,50.26629,0.199957,0.46418,25.0105,0.99905,5.16660,5.21203,SPOT_UNSTABLE|KV_ASSOC
4.540000,kv-ripple,50.36515,0.200083,0.47273,25.0107,1.00066,5.22275,5.25417,SPOT_UNSTABLE|KV_ASSOC
4.550000,kv-ripple,50.44448,0.200352,0.45389,25.0158,1.00118,5.25241,5.27719,SPOT_UNSTABLE|KV_ASSOC
4.560000,kv-ripple,50.51679,0.199843,0.52873,25.0018,0.99918,5.29697,5.29058,SPOT_UNSTABLE|KV_ASSOC
4.570000,kv-ripple,50.57704,0.199964,0.45998,25.0113,1.00009,5.34646,5.33576,SPOT_UNSTABLE|KV_ASSOC
4.580000,kv-ripple,50.62400,0.200393,0.54803,25.0043,1.00019,5.37530,5.36461,SPOT_UNSTABLE|KV_ASSOC
4.590000,kv-ripple,50.68573,0.200149,0.51412,25.0099,1.00147,5.40484,5.38216,SPOT_UNSTABLE|KV_ASSOC
4.600000,kv-ripple,50.72288,0.200337,0.50663,25.0104,1.00015,5.42064,5.37834,SPOT_UNSTABLE|KV_ASSOC
4.610000,kv-ripple,50.73937,0.199853,0.48229,25.0063,0.99822,5.43078,5.38425,SPOT_UNSTABLE|KV_ASSOC
4.620000,kv-ripple,50.75458,0.199852,0.49725,25.0150,0.99850,5.45304,5.39051,SPOT_UNSTABLE|KV_ASSOC
4.630000,kv-ripple,50.74750,0.199670,0.50369,25.0173,1.00074,5.44864,5.39940,SPOT_UNSTABLE|KV_ASSOC
4.640000,kv-ripple,50.74142,0.200249,0.48316,25.0074,0.99894,5.45526,5.39595,SPOT_UNSTABLE|KV_ASSOC
4.650000,kv-ripple,50.71277,0.200209,0.54860,25.0176,1.00039,5.43959,5.39164,SPOT_UNSTABLE|KV_ASSOC
4.660000,kv-ripple,50.68045,0.200391,0.49017,25.0193,0.99948,5.40209,5.36586,SPOT_UNSTABLE|KV_ASSOC
4.670000,kv-ripple,50.62561,0.200469,0.49192,25.0001,0.99993,5.37813,5.35053,SPOT_UNSTABLE|KV_ASSOC
4.680000,kv-ripple,50.58433,0.200244,0.51945,25.0159,0.99882,5.34464,5.33972,SPOT_UNSTABLE|KV_ASSOC
4.690000,kv-ripple,50.52243,0.199874,0.53515,25.0089,1.00076,5.31464,5.29746,SPOT_UNSTABLE|KV_ASSOC
4.700000,kv-ripple,50.44205,0.199507,0.49890,25.0013,0.99990,5.25365,5.26956,SPOT_UNSTABLE|KV_ASSOC
4.710000,kv-ripple,50.37010,0.199991,0.48214,25.0123,1.00163,5.22852,5.24778,SPOT_UNSTABLE|KV_ASSOC
4.720000,kv-ripple,50.28362,0.199757,0.47162,25.0186,0.99998,5.17442,5.19551,SPOT_UNSTABLE|KV_ASSOC
4.730000,kv-ripple,50.19533,0.199885,0.48998,25.0141,1.00198,5.11540,5.18484,SPOT_UNSTABLE|KV_ASSOC
4.740000,kv-ripple,50.09242,0.200403,0.47829,25.0037,1.00161,5.05259,5.14218,SPOT_UNSTABLE|KV_ASSOC
4.750000,kv-ripple,50.00993,0.199534,0.53089,25.0053,1.00029,4.98877,5.10631,SPOT_UNSTABLE|KV_ASSOC
4.760000,kv-ripple,49.90040,0.200017,0.50727,25.0147,1.00010,4.93146,5.04801,SPOT_UNSTABLE|KV_ASSOC
4.770000,kv-ripple,49.82248,0.199901,0.52194,25.0119,0.99967,4.89559,5.03081,SPOT_UNSTABLE|KV_ASSOC
4.780000,kv-ripple,49.72303,0.199887,0.49298,25.0132,1.00100,4.81947,4.97892,SPOT_UNSTABLE|KV_ASSOC
4.790000,kv-ripple,49.63496,0.200097,0.46097,25.0053,0.99983,4.78716,4.95619,SPOT_UNSTABLE|KV_ASSOC
4.800000,kv-ripple,49.56708,0.199965,0.52079,25.0008,0.99953,4.73791,4.93198,SPOT_UNSTABLE|KV_ASSOC
4.810000,kv-ripple,49.49118,0.199711,0.45773,24.9998,1.00058,4.70410,4.88605,SPOT_UNSTABLE|KV_ASSOC
4.820000,kv-ripple,49.41300,0.200341,0.47699,25.0047,0.99803,4.66597,4.87978,SPOT_UNSTABLE|KV_ASSOC
4.830000,kv-ripple,49.37252,0.199835,0.52307,25.0111,0.99959,4.62761,4.86085,SPOT_UNSTABLE|KV_ASSOC
4.840000,kv-ripple,49.31991,0.199971,0.54615,25.0029,0.99824,4.58932,4.82045,SPOT_UNSTABLE|KV_ASSOC
4.850000,kv-ripple,49.27827,0.199698,0.48422,25.0105,0.99827,4.56287,4.82021,SPOT_UNSTABLE|KV_ASSOC
4.860000,kv-ripple,49.26177,0.200297,0.53671,25.0151,1.00029,4.56178,4.80595,SPOT_UNSTABLE|KV_ASSOC
4.870000,kv-ripple,49.24268,0.200117,0.48550,25.0066,0.99911,4.55344,4.80698,SPOT_UNSTABLE|KV_ASSOC
4.880000,kv-ripple,49.24432,0.199528,0.49042,25.0112,1.00043,4.55384,4.79299,SPOT_UNSTABLE|KV_ASSOC
4.890000,kv-ripple,49.26081,0.200363,0.51816,25.0153,0.99894,4.55194,4.81628,SPOT_UNSTABLE|KV_ASSOC
4.900000,kv-ripple,49.29028,0.200422,0.53333,24.9998,0.99861,4.57920,4.82933,SPOT_UNSTABLE|KV_ASSOC
4.910000,kv-ripple,49.32100,0.200420,0.45703,25.0045,1.00074,4.59269,4.81809,SPOT_UNSTABLE|KV_ASSOC
4.920000,kv-ripple,49.36064,0.200354,0.53655,25.0152,0.99966,4.62724,4.83427,SPOT_UNSTABLE|KV_ASSOC
4.930000,kv-ripple,49.42534,0.200266,0.47060,25.0064,0.99912,4.65942,4.86503,SPOT_UNSTABLE|KV_ASSOC
4.940000,kv-ripple,49.48025,0.199954,0.50560,25.0134,0.99954,4.67821,4.90896,SPOT_UNSTABLE|KV_ASSOC
4.950000,kv-ripple,49.56133,0.199528,0.47210,25.0069,0.99827,4.74548,4.93100,SPOT_UNSTABLE|KV_ASSOC
4.960000,kv-ripple,49.64102,0.199554,0.48880,25.0012,0.99859,4.79473,4.95034,SPOT_UNSTABLE|KV_ASSOC
4.970000,kv-ripple,49.71935,0.199992,0.49803,25.0132,1.00187,4.84011,4.97702,SPOT_UNSTABLE|KV_ASSOC
4.980000,kv-ripple,49.82325,0.199894,0.51882,25.0168,1.00121,4.90116,5.03488,SPOT_UNSTABLE|KV_ASSOC
4.990000,kv-ripple,49.91395,0.199799,0.49350,25.0094,1.00092,4.95065,5.07133,SPOT_UNSTABLE|KV_ASSOC
5.000000,kv-ripple,49.99070,0.199780,0.45936,25.0193,0.99809,4.98664,5.09618,SPOT_UNSTABLE|KV_ASSOC
5.010000,kv-ripple,50.09154,0.200014,0.45761,25.0143,0.99924,5.04246,5.13637,SPOT_UNSTABLE|KV_ASSOC
5.020000,kv-ripple,50.19429,0.200491,0.45108,25.0040,0.99999,5.11205,5.17624,SPOT_UNSTABLE|KV_ASSOC
5.030000,kv-ripple,50.27627,0.200458,0.51191,25.0029,0.99865,5.15393,5.19998,SPOT_UNSTABLE|KV_ASSOC
5.040000,kv-ripple,50.36918,0.199562,0.51940,25.0130,0.99977,5.22079,5.25465,SPOT_UNSTABLE|KV_ASSOC
5.050000,kv-ripple,50.44924,0.199544,0.50856,25.0103,1.00160,5.26958,5.28655,SPOT_UNSTABLE|KV_ASSOC
5.060000,kv-ripple,50.50630,0.199824,0.45263,25.0189,1.00042,5.31112,5.31714,SPOT_UNSTABLE|KV_ASSOC
5.070000,kv-ripple,50.57603,0.200162,0.54715,25.0122,1.00022,5.33651,5.32946,SPOT_UNSTABLE|KV_ASSOC
5.080000,kv-ripple,50.62921,0.200213,0.46323,25.0066,0.99891,5.39059,5.35348,SPOT_UNSTABLE|KV_ASSOC
5.090000,kv-ripple,50.68442,0.199745,0.52689,25.0095,0.99960,5.41600,5.38547,SPOT_UNSTABLE|KV_ASSOC
5.100000,kv-ripple,50.70536,0.199527,0.53933,25.0061,1.00175,5.43214,5.39010,SPOT_UNSTABLE|KV_ASSOC
5.110000,kv-ripple,50.73016,0.200320,0.48077,25.0132,0.99994,5.42903,5.40555,SPOT_UNSTABLE|KV_ASSOC
5.120000,kv-ripple,50.75553,0.200007,0.45881,25.0147,1.00153,5.45435,5.40391,SPOT_UNSTABLE|KV_ASSOC
5.130000,kv-ripple,50.74359,0.199905,0.52575,25.0008,1.00137,5.43888,5.39389,SPOT_UNSTABLE|KV_ASSOC
5.140000,kv-ripple,50.73073,0.199947,0.50613,25.0167,0.99968,5.45644,5.40442,SPOT_UNSTABLE|KV_ASSOC
5.150000,kv-ripple,50.70717,0.199905,0.47469,25.0192,0.99855,5.43350,5.38727,SPOT_UNSTABLE|KV_ASSOC
5.160000,kv-ripple,50.66982,0.199523,0.48314,25.0196,1.00080,5.40899,5.38205,SPOT_UNSTABLE|KV_ASSOC
5.170000,kv-ripple,50.64232,0.200444,0.49852,25.0167,1.00077,5.38007,5.33897,SPOT_UNSTABLE|KV_ASSOC
5.180000,kv-ripple,50.56935,0.200295,0.47146,25.0018,0.99853,5.33604,5.32470,SPOT_UNSTABLE|KV_ASSOC
5.190000,kv-ripple,50.50685,0.199737,0.45549,25.0071,1.00017,5.30356,5.29598,SPOT_UNSTABLE|KV_ASSOC
5.200000,kv-ripple,50.43520,0.200359,0.46595,25.0097,1.00050,5.24967,5.28208,SPOT_UNSTABLE|KV_ASSOC
5.210000,kv-ripple,50.35165,0.199847,0.52685,25.0106,1.00123,5.21384,5.24303,SPOT_UNSTABLE|KV_ASSOC
5.220000,kv-ripple,50.28158,0.199574,0.48861,25.0063,0.99856,5.15669,5.22254,SPOT_UNSTABLE|KV_ASSOC
5.230000,kv-ripple,50.17840,0.200474,0.46923,25.0053,1.00076,5.10254,5.16271,SPOT_UNSTABLE|KV_ASSOC
5.240000,kv-ripple,50.10046,0.199601,0.49016,25.0151,0.99859,5.06550,5.14890,SPOT_UNSTABLE|KV_ASSOC
5.250000,kv-ripple,49.99140,0.199893,0.52076,25.0203,1.00096,5.01423,5.10589,SPOT_UNSTABLE|KV_ASSOC
5.260000,kv-ripple,49.90239,0.200338,0.48482,25.0030,0.99953,4.93060,5.06353,SPOT_UNSTABLE|KV_ASSOC
5.270000,kv-ripple,49.80571,0.199797,0.53624,25.0032,1.00001,4.88774,5.02164,SPOT_UNSTABLE|KV_ASSOC
5.280000,kv-ripple,49.73253,0.199754,0.52246,25.0038,1.00085,4.83113,4.99644,SPOT_UNSTABLE|KV_ASSOC
5.290000,kv-ripple,49.63286,0.199793,0.48317,25.0135,0.99819,4.77507,4.95792,SPOT_UNSTABLE|KV_ASSOC
5.300000,kv-ripple,49.55015,0.199575,0.51426,25.0135,0.99930,4.73826,4.90993,SPOT_UNSTABLE|KV_ASSOC
5.310000,kv-ripple,49.49637,0.199519,0.46083,25.0136,0.99808,4.67857,4.89607,SPOT_UNSTABLE|KV_ASSOC
5.320000,kv-ripple,49.41271,0.200034,0.47255,25.0043,0.99938,4.66248,4.85630,SPOT_UNSTABLE|KV_ASSOC
5.330000,kv-ripple,49.36111,0.200084,0.51586,25.0156,1.00015,4.63466,4.85940,SPOT_UNSTABLE|KV_ASSOC
5.340000,kv-ripple,49.32229,0.200265,0.53564,25.0030,0.99862,4.59692,4.82795,SPOT_UNSTABLE|KV_ASSOC
5.350000,kv-ripple,49.27765,0.199611,0.47532,25.0200,0.99926,4.57477,4.82143,SPOT_UNSTABLE|KV_ASSOC
5.360000,kv-ripple,49.25935,0.200201,0.50439,25.0080,1.00007,4.54401,4.81970,SPOT_UNSTABLE|KV_ASSOC
5.370000,kv-ripple,49.25326,0.200396,0.50911,25.0075,1.00047,4.55548,4.78975,SPOT_UNSTABLE|KV_ASSOC
5.380000,kv-ripple,49.24314,0.200409,0.45045,25.0049,1.00066,4.55206,4.78629,SPOT_UNSTABLE|KV_ASSOC
5.390000,kv-ripple,49.26863,0.200362,0.52338,25.0068,1.00172,4.55889,4.80783,SPOT_UNSTABLE|KV_ASSOC
5.400000,kv-ripple,49.28454,0.200352,0.54802,25.0080,0.99990,4.58197,4.82315,SPOT_UNSTABLE|KV_ASSOC
5.410000,kv-ripple,49.31409,0.200456,0.48227,25.0015,0.99862,4.58664,4.82771,SPOT_UNSTABLE|KV_ASSOC
5.420000,kv-ripple,49.37378,0.199567,0.46289,25.0158,0.99879,4.62486,4.84024,SPOT_UNSTABLE|KV_ASSOC
5.430000,kv-ripple,49.42182,0.200185,0.51209,25.0177,1.00166,4.66431,4.86183,SPOT_UNSTABLE|KV_ASSOC
5.440000,kv-ripple,49.47675,0.200352,0.48515,25.0168,0.99993,4.68551,4.89550,SPOT_UNSTABLE|KV_ASSOC
5.450000,kv-ripple,49.55406,0.199924,0.46738,25.0139,1.00019,4.74374,4.92056,SPOT_UNSTABLE|KV_ASSOC
5.460000,kv-ripple,49.63731,0.200225,0.54717,25.0038,0.99891,4.79571,4.94219,SPOT_UNSTABLE|KV_ASSOC
5.470000,kv-ripple,49.73080,0.199773,0.48764,25.0089,1.00083,4.84632,4.98361,SPOT_UNSTABLE|KV_ASSOC
5.480000,kv-ripple,49.80395,0.199821,0.50732,25.0093,1.00113,4.89342,5.03067,SPOT_UNSTABLE|KV_ASSOC
5.490000,kv-ripple,49.89747,0.199939,0.45301,25.0142,1.00161,4.95646,5.07694,SPOT_UNSTABLE|KV_ASSOC
5.500000,kv-ripple,49.99525,0.199500,0.53342,25.0010,0.99983,4.99946,5.10603,SPOT_UNSTABLE|KV_ASSOC
5.510000,kv-ripple,50.10258,0.199610,0.51417,25.0110,0.99990,5.06987,5.15255,SPOT_UNSTABLE|KV_ASSOC
5.520000,kv-ripple,50.19398,0.199840,0.46966,25.0044,0.99871,5.11014,5.17656,SPOT_UNSTABLE|KV_ASSOC
5.530000,kv-ripple,50.27057,0.200464,0.53059,25.0161,1.00009,5.18059,5.20429,SPOT_UNSTABLE|KV_ASSOC
5.540000,kv-ripple,50.35297,0.200026,0.54783,25.0143,1.00018,5.20405,5.24928,SPOT_UNSTABLE|KV_ASSOC
5.550000,kv-ripple,50.43580,0.200065,0.46060,25.0193,1.00058,5.26319,5.29031,SPOT_UNSTABLE|KV_ASSOC
5.560000,kv-ripple,50.51138,0.199818,0.48905,25.0017,1.00017,5.30075,5.29736,SPOT_UNSTABLE|KV_ASSOC
5.570000,kv-ripple,50.58201,0.199810,0.51033,25.0026,0.99832,5.35659,5.31840,SPOT_UNSTABLE|KV_ASSOC
5.580000,kv-ripple,50.63475,0.200027,0.46829,25.0149,1.00123,5.38010,5.36336,SPOT_UNSTABLE|KV_ASSOC
5.590000,kv-ripple,50.68855,0.199553,0.52495,25.0134,1.00088,5.39298,5.37722,SPOT_UNSTABLE|KV_ASSOC
5.600000,kv-ripple,50.71304,0.200172,0.45981,25.0156,1.00074,5.43072,5.38299,SPOT_UNSTABLE|KV_ASSOC
5.610000,kv-ripple,50.73125,0.199932,0.49899,25.0204,0.99873,5.44378,5.38927,SPOT_UNSTABLE|KV_ASSOC
5.620000,kv-ripple,50.75269,0.199895,0.48118,25.0099,1.00002,5.44603,5.40928,SPOT_UNSTABLE|KV_ASSOC
5.630000,kv-ripple,50.74376,0.200496,0.45107,25.0175,1.00060,5.44341,5.39496,SPOT_UNSTABLE|KV_ASSOC
5.640000,kv-ripple,50.72891,0.199752,0.48567,25.0141,0.99938,5.43365,5.40665,SPOT_UNSTABLE|KV_ASSOC
5.650000,kv-ripple,50.70539,0.200364,0.45660,25.0044,0.99907,5.43611,5.38507,SPOT_UNSTABLE|KV_ASSOC
5.660000,kv-ripple,50.67874,0.199824,0.45042,25.0077,1.00039,5.40041,5.36368,SPOT_UNSTABLE|KV_ASSOC
5.670000,kv-ripple,50.62520,0.200073,0.51725,25.0124,0.99925,5.38921,5.34604,SPOT_UNSTABLE|KV_ASSOC
5.680000,kv-ripple,50.58035,0.200187,0.45111,25.0140,0.99911,5.34766,5.32937,SPOT_UNSTABLE|KV_ASSOC
5.690000,kv-ripple,50.51065,0.199903,0.47447,25.0185,1.00174,5.30407,5.30368,SPOT_UNSTABLE|KV_ASSOC
5.700000,kv-ripple,50.43526,0.200276,0.53463,25.0094,0.99816,5.26179,5.27803,SPOT_UNSTABLE|KV_ASSOC
5.710000,kv-ripple,50.36408,0.199989,0.50151,25.0190,1.00163,5.23138,5.24878,SPOT_UNSTABLE|KV_ASSOC
5.720000,kv-ripple,50.27502,0.199557,0.48084,25.0111,1.00070,5.17031,5.19859,SPOT_UNSTABLE|KV_ASSOC
5.730000,kv-ripple,50.19207,0.200397,0.54145,25.0039,0.99884,5.11554,5.16986,SPOT_UNSTABLE|KV_ASSOC
5.740000,kv-ripple,50.08725,0.200350,0.51344,25.0079,0.99804,5.04516,5.13234,SPOT_UNSTABLE|KV_ASSOC
5.750000,kv-ripple,50.00351,0.199745,0.45329,25.0163,0.99918,4.99329,5.10510,SPOT_UNSTABLE|KV_ASSOC
5.760000,kv-ripple,49.90532,0.200083,0.46063,25.0055,0.99965,4.95056,5.06637,SPOT_UNSTABLE|KV_ASSOC
5.770000,kv-ripple,49.82281,0.200250,0.49088,25.0103,0.99945,4.87805,5.01449,SPOT_UNSTABLE|KV_ASSOC
5.780000,kv-ripple,49.72685,0.200330,0.50871,25.0187,1.00062,4.83323,4.99335,SPOT_UNSTABLE|KV_ASSOC
5.790000,kv-ripple,49.63603,0.200157,0.52610,25.0025,1.00040,4.79372,4.96693,SPOT_UNSTABLE|KV_ASSOC
5.800000,kv-ripple,49.56483,0.199743,0.51799,25.0109,1.00130,4.74561,4.91159,SPOT_UNSTABLE|KV_ASSOC
5.810000,kv-ripple,49.49189,0.199501,0.54520,25.0109,0.99890,4.70369,4.89101,SPOT_UNSTABLE|KV_ASSOC
5.820000,kv-ripple,49.42851,0.199976,0.51181,25.0116,0.99893,4.64997,4.85570,SPOT_UNSTABLE|KV_ASSOC
5.830000,kv-ripple,49.35689,0.200088,0.45094,25.0123,1.00039,4.61301,4.84547,SPOT_UNSTABLE|KV_ASSOC
5.840000,kv-ripple,49.32462,0.199995,0.48621,25.0192,0.99820,4.58938,4.81857,SPOT_UNSTABLE|KV_ASSOC
5.850000,kv-ripple,49.28637,0.199590,0.50054,25.0083,0.99870,4.58666,4.81256,SPOT_UNSTABLE|KV_ASSOC
5.860000,kv-ripple,49.25961,0.200343,0.45277,25.0189,1.00097,4.57211,4.81260,SPOT_UNSTABLE|KV_ASSOC
5.870000,kv-ripple,49.24171,0.199648,0.45511,25.0090,1.00080,4.54598,4.78578,SPOT_UNSTABLE|KV_ASSOC
5.880000,kv-ripple,49.25713,0.200015,0.50008,25.0180,0.99844,4.53739,4.80283,SPOT_UNSTABLE|KV_ASSOC
5.890000,kv-ripple,49.26942,0.200167,0.51847,25.0205,0.99881,4.56146,4.80088,SPOT_UNSTABLE|KV_ASSOC
5.900000,kv-ripple,49.27701,0.200180,0.47220,25.0190,0.99971,4.56217,4.80046,SPOT_UNSTABLE|KV_ASSOC
5.910000,kv-ripple,49.32277,0.200323,0.45614,25.0155,1.00038,4.60342,4.83646,SPOT_UNSTABLE|KV_ASSOC
5.920000,kv-ripple,49.36020,0.200145,0.49683,25.0033,0.99910,4.61991,4.85170,SPOT_UNSTABLE|KV_ASSOC
5.930000,kv-ripple,49.42029,0.199553,0.51699,25.0040,1.00095,4.66663,4.85529,SPOT_UNSTABLE|KV_ASSOC
5.940000,kv-ripple,49.48367,0.200204,0.48205,25.0205,1.00091,4.68341,4.90861,SPOT_UNSTABLE|KV_ASSOC
5.950000,kv-ripple,49.56119,0.199798,0.48546,25.0110,1.00123,4.75035,4.92124,SPOT_UNSTABLE|KV_ASSOC
5.960000,kv-ripple,49.63678,0.200446,0.52067,25.0134,0.99958,4.78225,4.94463,SPOT_UNSTABLE|KV_ASSOC
5.970000,kv-ripple,49.72515,0.199714,0.47811,25.0149,0.99864,4.83547,4.98710,SPOT_UNSTABLE|KV_ASSOC
5.980000,kv-ripple,49.82246,0.199800,0.52607,25.0168,1.00020,4.89334,5.03233,SPOT_UNSTABLE|KV_ASSOC
5.990000,kv-ripple,49.91538,0.200426,0.52160,25.0092,1.00102,4.94537,5.07581,SPOT_UNSTABLE|KV_ASSOC
6.000000,kv-ripple,50.00891,0.199550,0.45435,25.0183,0.99891,4.98640,5.09431,SPOT_UNSTABLE|KV_ASSOC
6.010000,kv-ripple,50.08991,0.199857,0.51405,25.0139,0.99862,5.05087,5.14076,SPOT_UNSTABLE|KV_ASSOC
6.020000,kv-ripple,50.18646,0.199938,0.47587,25.0043,0.99805,5.11810,5.17337,SPOT_UNSTABLE|KV_ASSOC
6.030000,kv-ripple,50.26803,0.199599,0.53754,25.0138,0.99833,5.16117,5.19971,SPOT_UNSTABLE|KV_ASSOC
6.040000,kv-ripple,50.36608,0.200220,0.52625,25.0199,1.00177,5.20470,5.24627,SPOT_UNSTABLE|KV_ASSOC
6.050000,kv-ripple,50.44883,0.200011,0.45934,25.0056,0.99941,5.26752,5.27981,SPOT_UNSTABLE|KV_ASSOC
6.060000,kv-ripple,50.50749,0.200356,0.52359,25.0069,1.00174,5.29625,5.29896,SPOT_UNSTABLE|KV_ASSOC
6.070000,kv-ripple,50.57649,0.199503,0.49183,25.0170,0.99929,5.34251,5.33935,SPOT_UNSTABLE|KV_ASSOC
6.080000,kv-ripple,50.63125,0.200294,0.46639,25.0060,0.99942,5.37172,5.36101,SPOT_UNSTABLE|KV_ASSOC
6.090000,kv-ripple,50.68505,0.200193,0.48104,25.0086,1.00163,5.42059,5.38217,SPOT_UNSTABLE|KV_ASSOC
6.100000,kv-ripple,50.70756,0.200309,0.45712,25.0079,1.00102,5.41646,5.38677,SPOT_UNSTABLE|KV_ASSOC
6.110000,kv-ripple,50.73482,0.199977,0.51835,25.0078,0.99880,5.44408,5.39539,SPOT_UNSTABLE|KV_ASSOC
6.120000,kv-ripple,50.75122,0.199935,0.50978,25.0051,1.00023,5.45758,5.40981,SPOT_UNSTABLE|KV_ASSOC
6.130000,kv-ripple,50.74346,0.200029,0.52413,25.0176,1.00180,5.45715,5.39654,SPOT_UNSTABLE|KV_ASSOC
6.140000,kv-ripple,50.74221,0.200428,0.52872,25.0216,1.00089,5.43099,5.39054,SPOT_UNSTABLE|KV_ASSOC
6.150000,kv-ripple,50.72023,0.200478,0.49426,25.0052,0.99830,5.42835,5.37475,SPOT_UNSTABLE|KV_ASSOC
6.160000,kv-ripple,50.68296,0.200360,0.47056,25.0145,1.00190,5.41342,5.38277,SPOT_UNSTABLE|KV_ASSOC
6.170000,kv-ripple,50.64167,0.199931,0.53438,25.0220,0.99829,5.39425,5.33896,SPOT_UNSTABLE|KV_ASSOC
6.180000,kv-ripple,50.57067,0.200482,0.45304,25.0188,0.99970,5.35467,5.31912,SPOT_UNSTABLE|KV_ASSOC
6.190000,kv-ripple,50.52279,0.200382,0.49080,25.0122,0.99958,5.32128,5.30562,SPOT_UNSTABLE|KV_ASSOC
6.200000,kv-ripple,50.43412,0.200466,0.53546,25.0188,0.99825,5.25774,5.26580,SPOT_UNSTABLE|KV_ASSOC
6.210000,kv-ripple,50.35132,0.200197,0.52587,25.0143,0.99913,5.20595,5.23736,SPOT_UNSTABLE|KV_ASSOC
6.220000,kv-ripple,50.27424,0.200101,0.49557,25.0044,0.99838,5.17755,5.20947,SPOT_UNSTABLE|KV_ASSOC
6.230000,kv-ripple,50.18453,0.200090,0.53677,25.0174,0.99856,5.10287,5.17224,SPOT_UNSTABLE|KV_ASSOC
6.240000,kv-ripple,50.10300,0.200028,0.54982,25.0201,0.99856,5.04170,5.13152,SPOT_UNSTABLE|KV_ASSOC
6.250000,kv-ripple,50.00959,0.199633,0.48528,25.0219,0.99836,5.01073,5.08976,SPOT_UNSTABLE|KV_ASSOC
6.260000,kv-ripple,49.91252,0.199744,0.53719,25.0141,0.99883,4.94886,5.05329,SPOT_UNSTABLE|KV_ASSOC
6.270000,kv-ripple,49.82165,0.199698,0.54927,25.0095,1.00028,4.87849,5.02463,SPOT_UNSTABLE|KV_ASSOC
6.280000,kv-ripple,49.73139,0.200394,0.49484,25.0085,0.99829,4.83024,4.98785,SPOT_UNSTABLE|KV_ASSOC
6.290000,kv-ripple,49.62872,0.199571,0.53025,25.0042,1.00056,4.77985,4.95085,SPOT_UNSTABLE|KV_ASSOC
6.300000,kv-ripple,49.55427,0.200469,0.52606,25.0177,0.99928,4.73879,4.92508,SPOT_UNSTABLE|KV_ASSOC
6.310000,kv-ripple,49.49131,0.200199,0.51138,25.0199,1.00151,4.70604,4.88723,SPOT_UNSTABLE|KV_ASSOC
6.320000,kv-ripple,49.43097,0.199836,0.47925,25.0046,1.00132,4.66522,4.87654,SPOT_UNSTABLE|KV_ASSOC
6.330000,kv-ripple,49.35847,0.200375,0.46383,25.0220,0.99838,4.62615,4.85009,SPOT_UNSTABLE|KV_ASSOC
6.340000,kv-ripple,49.32743,0.200296,0.45266,25.0056,0.99878,4.58346,4.81800,SPOT_UNSTABLE|KV_ASSOC
6.350000,kv-ripple,49.29140,0.200454,0.50152,25.0117,0.99977,4.57277,4.81851,SPOT_UNSTABLE|KV_ASSOC
6.360000,kv-ripple,49.27068,0.199999,0.49410,25.0099,0.99837,4.54503,4.79193,SPOT_UNSTABLE|KV_ASSOC
6.370000,kv-ripple,49.24299,0.199815,0.49243,25.0080,1.00055,4.55122,4.79227,SPOT_UNSTABLE|KV_ASSOC
6.380000,kv-ripple,49.25841,0.200208,0.50876,25.0165,1.00042,4.55668,4.81199,SPOT_UNSTABLE|KV_ASSOC
6.390000,kv-ripple,49.26734,0.200418,0.50419,25.0180,1.00132,4.54338,4.79154,SPOT_UNSTABLE|KV_ASSOC
6.400000,kv-ripple,49.27798,0.200098,0.50389,25.0098,0.99981,4.58303,4.80803,SPOT_UNSTABLE|KV_ASSOC
6.410000,kv-ripple,49.31848,0.199891,0.49924,25.0156,1.00128,4.60600,4.82921,SPOT_UNSTABLE|KV_ASSOC
6.420000,kv-ripple,49.37568,0.200099,0.51663,25.0121,0.99964,4.60919,4.85548,SPOT_UNSTABLE|KV_ASSOC
6.430000,kv-ripple,49.42445,0.200357,0.45670,25.0178,1.00110,4.65816,4.88263,SPOT_UNSTABLE|KV_ASSOC
6.440000,kv-ripple,49.49060,0.199806,0.47260,25.0139,1.00163,4.70388,4.90904,SPOT_UNSTABLE|KV_ASSOC
6.450000,kv-ripple,49.56170,0.200000,0.49044,25.0077,0.99856,4.74712,4.92815,SPOT_UNSTABLE|KV_ASSOC
6.460000,kv-ripple,49.63590,0.200200,0.53899,25.0082,1.00108,4.78284,4.94946,SPOT_UNSTABLE|KV_ASSOC
6.470000,kv-ripple,49.72705,0.200038,0.51163,25.0042,1.00086,4.82629,5.00183,SPOT_UNSTABLE|KV_ASSOC
6.480000,kv-ripple,49.81848,0.199988,0.54799,25.0074,1.00056,4.89323,5.01496,SPOT_UNSTABLE|KV_ASSOC
6.490000,kv-ripple,49.90210,0.199520,0.45636,25.0094,0.99818,4.93675,5.05889,SPOT_UNSTABLE|KV_ASSOC
6.500000,kv-ripple,49.99340,0.199788,0.50605,25.0170,1.00049,5.00289,5.08864,SPOT_UNSTABLE|KV_ASSOC
6.510000,kv-ripple,50.08840,0.200130,0.51973,25.0219,1.00068,5.05524,5.14576,SPOT_UNSTABLE|KV_ASSOC
6.520000,kv-ripple,50.17773,0.199709,0.45268,25.0103,0.99927,5.10178,5.16057,SPOT_UNSTABLE|KV_ASSOC
6.530000,kv-ripple,50.27221,0.200207,0.51478,25.0170,1.00104,5.17019,5.20824,SPOT_UNSTABLE|KV_ASSOC
6.540000,kv-ripple,50.35580,0.200231,0.52022,25.0193,1.00092,5.21757,5.25119,SPOT_UNSTABLE|KV_ASSOC
6.550000,kv-ripple,50.43737,0.200287,0.46288,25.0177,1.00003,5.25323,5.26922,SPOT_UNSTABLE|KV_ASSOC
6.560000,kv-ripple,50.52069,0.200191,0.45539,25.0060,0.99958,5.32100,5.31221,SPOT_UNSTABLE|KV_ASSOC
6.570000,kv-ripple,50.57395,0.199973,0.52849,25.0197,1.00052,5.36072,5.33667,SPOT_UNSTABLE|KV_ASSOC
6.580000,kv-ripple,50.63162,0.199647,0.52469,25.0132,1.00197,5.37011,5.34479,SPOT_UNSTABLE|KV_ASSOC
6.590000,kv-ripple,50.67061,0.199671,0.49187,25.0136,1.00163,5.40754,5.37922,SPOT_UNSTABLE|KV_ASSOC
6.600000,kv-ripple,50.70939,0.199639,0.52075,25.0075,0.99864,5.42381,5.39379,SPOT_UNSTABLE|KV_ASSOC
6.610000,kv-ripple,50.74129,0.199950,0.51440,25.0124,1.00161,5.43837,5.38898,SPOT_UNSTABLE|KV_ASSOC
6.620000,kv-ripple,50.73875,0.199747,0.54667,25.0072,1.00115,5.44509,5.41405,SPOT_UNSTABLE|KV_ASSOC
6.630000,kv-ripple,50.74330,0.199880,0.54862,25.0142,1.00022,5.44897,5.41150,SPOT_UNSTABLE|KV_ASSOC
6.640000,kv-ripple,50.74401,0.200106,0.46124,25.0131,1.00001,5.45080,5.38043,SPOT_UNSTABLE|KV_ASSOC
6.650000,kv-ripple,50.70471,0.199906,0.48635,25.0092,0.99836,5.42616,5.38821,SPOT_UNSTABLE|KV_ASSOC
6.660000,kv-ripple,50.68827,0.199642,0.45132,25.0131,1.00010,5.41850,5.37137,SPOT_UNSTABLE|KV_ASSOC
6.670000,kv-ripple,50.63643,0.199517,0.47757,25.0084,0.99946,5.37965,5.35792,SPOT_UNSTABLE|KV_ASSOC
6.680000,kv-ripple,50.58336,0.199814,0.53954,25.0080,1.00056,5.35039,5.32611,SPOT_UNSTABLE|KV_ASSOC
6.690000,kv-ripple,50.50880,0.200408,0.49876,25.0055,0.99954,5.29555,5.31983,SPOT_UNSTABLE|KV_ASSOC
6.700000,kv-ripple,50.44409,0.199669,0.46718,25.0192,1.00096,5.27914,5.26187,SPOT_UNSTABLE|KV_ASSOC
6.710000,kv-ripple,50.36558,0.199900,0.45595,25.0078,1.00116,5.23070,5.25064,SPOT_UNSTABLE|KV_ASSOC
6.720000,kv-ripple,50.28188,0.199621,0.49489,25.0150,0.99916,5.17006,5.19989,SPOT_UNSTABLE|KV_ASSOC
6.730000,kv-ripple,50.18155,0.200312,0.48339,25.0056,1.00099,5.10182,5.18159,SPOT_UNSTABLE|KV_ASSOC
6.740000,kv-ripple,50.08633,0.199527,0.46924,25.0060,0.99930,5.05809,5.13106,SPOT_UNSTABLE|KV_ASSOC
6.750000,kv-ripple,50.00352,0.199624,0.49754,25.0106,0.99997,4.99464,5.09813,SPOT_UNSTABLE|KV_ASSOC
6.760000,kv-ripple,49.91463,0.199534,0.49170,25.0209,0.99802,4.93483,5.07387,SPOT_UNSTABLE|KV_ASSOC
6.770000,kv-ripple,49.82160,0.200467,0.49630,25.0177,1.00047,4.88904,5.01323,SPOT_UNSTABLE|KV_ASSOC
6.780000,kv-ripple,49.71420,0.200278,0.53033,25.0176,1.00121,4.84190,4.98284,SPOT_UNSTABLE|KV_ASSOC
6.790000,kv-ripple,49.63689,0.199980,0.50964,25.0044,1.00186,4.77694,4.96604,SPOT_UNSTABLE|KV_ASSOC
6.800000,kv-ripple,49.55014,0.200449,0.51410,25.0114,1.00076,4.74828,4.92446,SPOT_UNSTABLE|KV_ASSOC
6.810000,kv-ripple,49.47743,0.199719,0.51731,25.0206,0.99973,4.70346,4.90853,SPOT_UNSTABLE|KV_ASSOC
6.820000,kv-ripple,49.43170,0.200001,0.47702,25.0205,1.00073,4.66445,4.87363,SPOT_UNSTABLE|KV_ASSOC
6.830000,kv-ripple,49.36437,0.200456,0.50807,25.0065,1.00137,4.61007,4.83503,SPOT_UNSTABLE|KV_ASSOC
6.840000,kv-ripple,49.31774,0.199549,0.45458,25.0103,0.99999,4.58039,4.81740,SPOT_UNSTABLE|KV_ASSOC
6.850000,kv-ripple,49.27936,0.199583,0.46905,25.0144,0.99933,4.58285,4.81060,SPOT_UNSTABLE|KV_ASSOC
6.860000,kv-ripple,49.26608,0.200155,0.51079,25.0109,0.99936,4.57063,4.80692,SPOT_UNSTABLE|KV_ASSOC
6.870000,kv-ripple,49.25045,0.199802,0.51957,25.0050,1.00197,4.55143,4.80517,SPOT_UNSTABLE|KV_ASSOC
6.880000,kv-ripple,49.24217,0.200017,0.47046,25.0073,1.00043,4.56431,4.81415,SPOT_UNSTABLE|KV_ASSOC
6.890000,kv-ripple,49.27099,0.200205,0.54783,25.0107,1.00107,4.54731,4.79923,SPOT_UNSTABLE|KV_ASSOC
6.900000,kv-ripple,49.29428,0.199936,0.48049,25.0147,1.00182,4.58302,4.81995,SPOT_UNSTABLE|KV_ASSOC
6.910000,kv-ripple,49.31350,0.200396,0.52668,25.0092,1.00070,4.58440,4.81441,SPOT_UNSTABLE|KV_ASSOC
6.920000,kv-ripple,49.36300,0.199991,0.50631,25.0196,1.00054,4.62174,4.84540,SPOT_UNSTABLE|KV_ASSOC
6.930000,kv-ripple,49.43087,0.200446,0.48354,25.0221,1.00160,4.65378,4.87589,SPOT_UNSTABLE|KV_ASSOC
6.940000,kv-ripple,49.47667,0.200189,0.51698,25.0109,0.99965,4.69937,4.88136,SPOT_UNSTABLE|KV_ASSOC
6.950000,kv-ripple,49.55083,0.199905,0.53444,25.0221,0.99922,4.74807,4.93536,SPOT_UNSTABLE|KV_ASSOC
6.960000,kv-ripple,49.63946,0.199935,0.50607,25.0207,1.00044,4.79297,4.95367,SPOT_UNSTABLE|KV_ASSOC
6.970000,kv-ripple,49.71847,0.200225,0.47070,25.0196,1.00196,4.82344,4.99937,SPOT_UNSTABLE|KV_ASSOC
6.980000,kv-ripple,49.82016,0.199660,0.46597,25.0110,0.99908,4.87504,5.03533,SPOT_UNSTABLE|KV_ASSOC
6.990000,kv-ripple,49.90590,0.200456,0.46388,25.0149,1.00049,4.93773,5.07123,SPOT_UNSTABLE|KV_ASSOC
7.000000,kv-ripple,50.00418,0.199854,0.46306,25.0129,1.00124,5.01349,5.11381,SPOT_UNSTABLE|KV_ASSOC
7.010000,kv-ripple,50.10072,0.200465,0.53794,25.0055,0.99874,5.05647,5.14074,SPOT_UNSTABLE|KV_ASSOC
7.020000,kv-ripple,50.19509,0.199643,0.47989,25.0168,0.99851,5.10023,5.18409,SPOT_UNSTABLE|KV_ASSOC
7.030000,kv-ripple,50.28501,0.199814,0.50174,25.0055,0.99926,5.17352,5.21820,SPOT_UNSTABLE|KV_ASSOC
7.040000,kv-ripple,50.37105,0.200008,0.48146,25.0064,1.00166,5.21524,5.25650,SPOT_UNSTABLE|KV_ASSOC
7.050000,kv-ripple,50.43757,0.200250,0.54799,25.0210,0.99943,5.27489,5.28333,SPOT_UNSTABLE|KV_ASSOC
7.060000,kv-ripple,50.51236,0.200312,0.45478,25.0184,0.99816,5.29797,5.31714,SPOT_UNSTABLE|KV_ASSOC
7.070000,kv-ripple,50.57335,0.200308,0.46130,25.0100,0.99962,5.34099,5.33783,SPOT_UNSTABLE|KV_ASSOC
7.080000,kv-ripple,50.62538,0.200059,0.54764,25.0116,0.99875,5.37629,5.34627,SPOT_UNSTABLE|KV_ASSOC
7.090000,kv-ripple,50.68807,0.200065,0.54547,25.0067,1.00189,5.42027,5.35975,SPOT_UNSTABLE|KV_ASSOC
7.100000,kv-ripple,50.71079,0.200289,0.52321,25.0050,1.00126,5.43506,5.38219,SPOT_UNSTABLE|KV_ASSOC
7.110000,kv-ripple,50.74362,0.200469,0.53394,25.0208,1.00165,5.45368,5.39028,SPOT_UNSTABLE|KV_ASSOC
7.120000,kv-ripple,50.74814,0.199826,0.53479,25.0166,1.00087,5.44957,5.40282,SPOT_UNSTABLE|KV_ASSOC
7.130000,kv-ripple,50.74212,0.200215,0.49460,25.0236,0.99838,5.44988,5.39501,SPOT_UNSTABLE|KV_ASSOC
7.140000,kv-ripple,50.72855,0.200249,0.53898,25.0204,0.99917,5.43502,5.38012,SPOT_UNSTABLE|KV_ASSOC
7.150000,kv-ripple,50.71494,0.199630,0.53603,25.0096,1.00051,5.42515,5.39601,SPOT_UNSTABLE|KV_ASSOC
7.160000,kv-ripple,50.67081,0.200059,0.48929,25.0082,1.00169,5.40889,5.36154,SPOT_UNSTABLE|KV_ASSOC
7.170000,kv-ripple,50.62887,0.199791,0.47405,25.0051,1.00190,5.39283,5.35265,SPOT_UNSTABLE|KV_ASSOC
7.180000,kv-ripple,50.57853,0.199596,0.51473,25.0054,0.99803,5.36058,5.34405,SPOT_UNSTABLE|KV_ASSOC
7.190000,kv-ripple,50.50611,0.199975,0.48100,25.0184,0.99812,5.29597,5.31194,SPOT_UNSTABLE|KV_ASSOC
7.200000,kv-ripple,50.44407,0.199909,0.47226,25.0172,1.00120,5.26853,5.27748,SPOT_UNSTABLE|KV_ASSOC
7.210000,kv-ripple,50.35875,0.199786,0.52107,25.0161,1.00171,5.21588,5.23889,SPOT_UNSTABLE|KV_ASSOC
7.220000,kv-ripple,50.27422,0.199524,0.49832,25.0095,1.00118,5.17118,5.20071,SPOT_UNSTABLE|KV_ASSOC
7.230000,kv-ripple,50.19404,0.199755,0.53116,25.0076,1.00050,5.10004,5.17625,SPOT_UNSTABLE|KV_ASSOC
7.240000,kv-ripple,50.09078,0.200023,0.45472,25.0160,1.00075,5.06194,5.12534,SPOT_UNSTABLE|KV_ASSOC
7.250000,kv-ripple,50.00427,0.200229,0.54219,25.0190,0.99944,5.00798,5.09812,SPOT_UNSTABLE|KV_ASSOC
7.260000,kv-ripple,49.90049,0.199992,0.49890,25.0236,0.99895,4.93076,5.06122,SPOT_UNSTABLE|KV_ASSOC
7.270000,kv-ripple,49.81630,0.199667,0.50901,25.0140,0.99914,4.88366,5.02453,SPOT_UNSTABLE|KV_ASSOC
7.280000,kv-ripple,49.72134,0.200416,0.48980,25.0208,0.99990,4.83389,4.98667,SPOT_UNSTABLE|KV_ASSOC
7.290000,kv-ripple,49.63220,0.200435,0.53254,25.0148,0.99865,4.77150,4.96196,SPOT_UNSTABLE|KV_ASSOC
7.300000,kv-ripple,49.55133,0.200423,0.49857,25.0074,0.99810,4.72966,4.93649,SPOT_UNSTABLE|KV_ASSOC
7.310000,kv-ripple,49.48420,0.199639,0.47268,25.0175,0.99948,4.68010,4.89876,SPOT_UNSTABLE|KV_ASSOC
7.320000,kv-ripple,49.41739,0.199573,0.51043,25.0147,1.00011,4.64982,4.86393,SPOT_UNSTABLE|KV_ASSOC
7.330000,kv-ripple,49.36717,0.199740,0.47113,25.0079,1.00153,4.61721,4.85243,SPOT_UNSTABLE|KV_ASSOC
7.340000,kv-ripple,49.32386,0.200174,0.51074,25.0101,1.00057,4.58372,4.83138,SPOT_UNSTABLE|KV_ASSOC
7.350000,kv-ripple,49.27972,0.200477,0.48523,25.0200,1.00066,4.58072,4.82870,SPOT_UNSTABLE|KV_ASSOC
7.360000,kv-ripple,49.25616,0.200415,0.52600,25.0153,1.00129,4.54429,4.80950,SPOT_UNSTABLE|KV_ASSOC
7.370000,kv-ripple,49.25302,0.200328,0.48408,25.0118,0.99933,4.54836,4.79782,SPOT_UNSTABLE|KV_ASSOC
7.380000,kv-ripple,49.24381,0.200061,0.47092,25.0123,1.00168,4.55152,4.79918,SPOT_UNSTABLE|KV_ASSOC
7.390000,kv-ripple,49.25556,0.200143,0.53251,25.0247,0.99983,4.57204,4.79312,SPOT_UNSTABLE|KV_ASSOC
7.400000,kv-ripple,49.29339,0.200089,0.51628,25.0125,1.00196,4.57847,4.80484,SPOT_UNSTABLE|KV_ASSOC
7.410000,kv-ripple,49.32353,0.200003,0.49325,25.0167,1.00026,4.58653,4.82727,SPOT_UNSTABLE|KV_ASSOC
7.420000,kv-ripple,49.36246,0.200499,0.47096,25.0147,0.99954,4.62805,4.84568,SPOT_UNSTABLE|KV_ASSOC
7.430000,kv-ripple,49.42143,0.199622,0.46922,25.0090,0.99913,4.65473,4.85541,SPOT_UNSTABLE|KV_ASSOC
7.440000,kv-ripple,49.48643,0.199720,0.54628,25.0096,0.99908,4.70310,4.88279,SPOT_UNSTABLE|KV_ASSOC
7.450000,kv-ripple,49.55734,0.200027,0.49218,25.0241,0.99961,4.73896,4.91723,SPOT_UNSTABLE|KV_ASSOC
7.460000,kv-ripple,49.64839,0.200050,0.47277,25.0119,0.99983,4.78966,4.96871,SPOT_UNSTABLE|KV_ASSOC
7.470000,kv-ripple,49.72334,0.199623,0.49788,25.0102,0.99853,4.83743,4.98518,SPOT_UNSTABLE|KV_ASSOC
7.480000,kv-ripple,49.82222,0.199573,0.45024,25.0249,1.00047,4.88002,5.03191,SPOT_UNSTABLE|KV_ASSOC
7.490000,kv-ripple,49.91485,0.200373,0.51674,25.0205,1.00167,4.94272,5.04938,SPOT_UNSTABLE|KV_ASSOC
7.500000,kv-ripple,49.99965,0.200420,0.46229,25.0082,1.00156,5.00113,5.08565,SPOT_UNSTABLE|KV_ASSOC
7.510000,kv-ripple,50.08437,0.199602,0.51037,25.0072,0.99878,5.05361,5.13334,SPOT_UNSTABLE|KV_ASSOC
7.520000,kv-ripple,50.17695,0.200283,0.45834,25.0152,0.99978,5.11073,5.17867,SPOT_UNSTABLE|KV_ASSOC
7.530000,kv-ripple,50.27707,0.200005,0.50255,25.0248,1.00019,5.15732,5.21594,SPOT_UNSTABLE|KV_ASSOC
7.540000,kv-ripple,50.36441,0.200216,0.52974,25.0223,0.99818,5.21131,5.23772,SPOT_UNSTABLE|KV_ASSOC
7.550000,kv-ripple,50.43830,0.199832,0.54686,25.0054,0.99958,5.26604,5.26510,SPOT_UNSTABLE|KV_ASSOC
7.560000,kv-ripple,50.51655,0.200076,0.46451,25.0092,1.00084,5.29672,5.30963,SPOT_UNSTABLE|KV_ASSOC
7.570000,kv-ripple,50.56853,0.200050,0.54645,25.0114,1.00107,5.33294,5.33485,SPOT_UNSTABLE|KV_ASSOC
7.580000,kv-ripple,50.64058,0.199993,0.48713,25.0093,1.00150,5.37019,5.35651,SPOT_UNSTABLE|KV_ASSOC
7.590000,kv-ripple,50.66960,0.199511,0.45157,25.0206,0.99918,5.39921,5.36158,SPOT_UNSTABLE|KV_ASSOC
7.600000,kv-ripple,50.71025,0.200157,0.45881,25.0233,0.99948,5.43247,5.38220,SPOT_UNSTABLE|KV_ASSOC
7.610000,kv-ripple,50.73019,0.199967,0.51411,25.0147,0.99994,5.43834,5.40416,SPOT_UNSTABLE|KV_ASSOC
7.620000,kv-ripple,50.74871,0.200395,0.45886,25.0143,1.00087,5.44670,5.38495,SPOT_UNSTABLE|KV_ASSOC
7.630000,kv-ripple,50.75792,0.200141,0.53028,25.0179,0.99864,5.43728,5.40800,SPOT_UNSTABLE|KV_ASSOC
7.640000,kv-ripple,50.73378,0.199689,0.47277,25.0151,0.99967,5.43910,5.40019,SPOT_UNSTABLE|KV_ASSOC
7.650000,kv-ripple,50.71249,0.200066,0.46107,25.0056,1.00041,5.43946,5.39231,SPOT_UNSTABLE|KV_ASSOC
7.660000,kv-ripple,50.67724,0.200447,0.50641,25.0191,0.99893,5.40406,5.38268,SPOT_UNSTABLE|KV_ASSOC
7.670000,kv-ripple,50.63013,0.199660,0.53918,25.0111,0.99893,5.37261,5.36403,SPOT_UNSTABLE|KV_ASSOC
7.680000,kv-ripple,50.58443,0.200019,0.51121,25.0195,1.00186,5.33465,5.31785,SPOT_UNSTABLE|KV_ASSOC
7.690000,kv-ripple,50.50499,0.199997,0.45929,25.0159,0.99948,5.30814,5.29879,SPOT_UNSTABLE|KV_ASSOC
7.700000,kv-ripple,50.44588,0.200275,0.47309,25.0245,0.99863,5.27804,5.28370,SPOT_UNSTABLE|KV_ASSOC
7.710000,kv-ripple,50.36968,0.200065,0.45973,25.0091,0.99994,5.20850,5.23990,SPOT_UNSTABLE|KV_ASSOC
7.720000,kv-ripple,50.27707,0.200097,0.46880,25.0121,0.99863,5.15559,5.22452,SPOT_UNSTABLE|KV_ASSOC
7.730000,kv-ripple,50.18618,0.200071,0.54653,25.0125,1.00004,5.11892,5.16823,SPOT_UNSTABLE|KV_ASSOC
7.740000,kv-ripple,50.09982,0.199817,0.45969,25.0202,1.00069,5.06196,5.15253,SPOT_UNSTABLE|KV_ASSOC
7.750000,kv-ripple,50.00085,0.199511,0.53926,25.0248,0.99978,4.98877,5.11069,SPOT_UNSTABLE|KV_ASSOC
7.760000,kv-ripple,49.89810,0.200246,0.45510,25.0138,1.00140,4.95316,5.07051,SPOT_UNSTABLE|KV_ASSOC
7.770000,kv-ripple,49.80462,0.199501,0.54056,25.0059,0.99899,4.88126,5.02936,SPOT_UNSTABLE|KV_ASSOC
7.780000,kv-ripple,49.71570,0.200313,0.46707,25.0140,1.00007,4.83201,4.99400,SPOT_UNSTABLE|KV_ASSOC
7.790000,kv-ripple,49.63290,0.200109,0.50195,25.0227,1.00140,4.77607,4.96944,SPOT_UNSTABLE|KV_ASSOC
7.800000,kv-ripple,49.56178,0.199693,0.47620,25.0130,0.99927,4.74755,4.91343,SPOT_UNSTABLE|KV_ASSOC
7.810000,kv-ripple,49.49054,0.199950,0.48563,25.0250,1.00066,4.69351,4.88906,SPOT_UNSTABLE|KV_ASSOC
7.820000,kv-ripple,49.42760,0.199630,0.46656,25.0236,0.99890,4.65504,4.85993,SPOT_UNSTABLE|KV_ASSOC
7.830000,kv-ripple,49.37672,0.199927,0.45999,25.0110,0.99883,4.62963,4.83859,SPOT_UNSTABLE|KV_ASSOC
7.840000,kv-ripple,49.32079,0.199569,0.54655,25.0073,0.99987,4.60140,4.84266,SPOT_UNSTABLE|KV_ASSOC
7.850000,kv-ripple,49.28358,0.199975,0.52316,25.0137,0.99835,4.58357,4.79987,SPOT_UNSTABLE|KV_ASSOC
7.860000,kv-ripple,49.26789,0.199706,0.48411,25.0123,0.99823,4.54967,4.80459,SPOT_UNSTABLE|KV_ASSOC
7.870000,kv-ripple,49.25299,0.199915,0.47939,25.0244,1.00007,4.55150,4.78691,SPOT_UNSTABLE|KV_ASSOC
7.880000,kv-ripple,49.24878,0.200255,0.52951,25.0133,0.99915,4.56250,4.79735,SPOT_UNSTABLE|KV_ASSOC
7.890000,kv-ripple,49.26850,0.200238,0.50397,25.0106,0.99952,4.54921,4.81700,SPOT_UNSTABLE|KV_ASSOC
7.900000,kv-ripple,49.28329,0.199670,0.50921,25.0208,1.00010,4.56919,4.81794,SPOT_UNSTABLE|KV_ASSOC
7.910000,kv-ripple,49.31557,0.199733,0.48042,25.0128,1.00108,4.58781,4.83692,SPOT_UNSTABLE|KV_ASSOC
7.920000,kv-ripple,49.35733,0.200282,0.52978,25.0147,1.00010,4.62272,4.86099,SPOT_UNSTABLE|KV_ASSOC
7.930000,kv-ripple,49.41454,0.199582,0.48418,25.0167,0.99943,4.65809,4.87841,SPOT_UNSTABLE|KV_ASSOC
7.940000,kv-ripple,49.49048,0.200431,0.46441,25.0081,1.00038,4.69175,4.90324,SPOT_UNSTABLE|KV_ASSOC
7.950000,kv-ripple,49.55785,0.199737,0.47706,25.0130,1.00174,4.73849,4.93450,SPOT_UNSTABLE|KV_ASSOC
7.960000,kv-ripple,49.63312,0.200187,0.48649,25.0074,1.00125,4.78670,4.94213,SPOT_UNSTABLE|KV_ASSOC
7.970000,kv-ripple,49.71750,0.200351,0.47205,25.0241,1.00089,4.83372,4.97795,SPOT_UNSTABLE|KV_ASSOC
7.980000,kv-ripple,49.81820,0.199788,0.49637,25.0225,1.00170,4.89939,5.02186,SPOT_UNSTABLE|KV_ASSOC
7.990000,kv-ripple,49.91215,0.199585,0.48542,25.0084,1.00023,4.93449,5.06909,SPOT_UNSTABLE|KV_ASSOC
8.000000,kv-ripple,50.00362,0.200007,0.54010,25.0234,1.00098,4.98987,5.09749,SPOT_UNSTABLE|KV_ASSOC
8.010000,kv-ripple,50.08580,0.199537,0.51779,25.0189,0.99873,5.06971,5.13815,SPOT_UNSTABLE|KV_ASSOC
8.020000,kv-ripple,50.18528,0.200344,0.47457,25.0061,1.00110,5.11326,5.17476,SPOT_UNSTABLE|KV_ASSOC
8.030000,kv-ripple,50.27456,0.200214,0.45560,25.0227,0.99886,5.16785,5.21916,SPOT_UNSTABLE|KV_ASSOC
8.040000,kv-ripple,50.36160,0.200323,0.47169,25.0203,1.00052,5.21122,5.24019,SPOT_UNSTABLE|KV_ASSOC
8.050000,kv-ripple,50.43404,0.199635,0.46372,25.0216,1.00079,5.26035,5.26563,SPOT_UNSTABLE|KV_ASSOC
8.060000,kv-ripple,50.50622,0.199790,0.50833,25.0238,0.99963,5.31855,5.29650,SPOT_UNSTABLE|KV_ASSOC
8.070000,kv-ripple,50.57010,0.200160,0.50688,25.0244,0.99964,5.35574,5.34429,SPOT_UNSTABLE|KV_ASSOC
8.080000,kv-ripple,50.64166,0.200035,0.53810,25.0089,1.00163,5.38207,5.35199,SPOT_UNSTABLE|KV_ASSOC
8.090000,kv-ripple,50.67053,0.200310,0.49679,25.0101,0.99813,5.40177,5.36863,SPOT_UNSTABLE|KV_ASSOC
8.100000,kv-ripple,50.71907,0.200340,0.51834,25.0101,0.99855,5.43868,5.39416,SPOT_UNSTABLE|KV_ASSOC
8.110000,kv-ripple,50.73627,0.200466,0.47066,25.0167,1.00068,5.45599,5.38174,SPOT_UNSTABLE|KV_ASSOC
8.120000,kv-ripple,50.74550,0.200288,0.45123,25.0164,0.99980,5.44923,5.40575,SPOT_UNSTABLE|KV_ASSOC
8.130000,kv-ripple,50.74889,0.200222,0.47080,25.0154,1.00191,5.45492,5.39341,SPOT_UNSTABLE|KV_ASSOC
8.140000,kv-ripple,50.73462,0.200374,0.52341,25.0151,0.99932,5.45553,5.38120,SPOT_UNSTABLE|KV_ASSOC
8.150000,kv-ripple,50.70807,0.199653,0.47118,25.0199,1.00167,5.42905,5.39311,SPOT_UNSTABLE|KV_ASSOC
8.160000,kv-ripple,50.67745,0.200217,0.47508,25.0064,0.99899,5.41792,5.38186,SPOT_UNSTABLE|KV_ASSOC
8.170000,kv-ripple,50.63973,0.199642,0.49036,25.0074,0.99805,5.36928,5.35378,SPOT_UNSTABLE|KV_ASSOC
8.180000,kv-ripple,50.57173,0.199580,0.52860,25.0124,0.99808,5.35048,5.32353,SPOT_UNSTABLE|KV_ASSOC
8.190000,kv-ripple,50.51297,0.200496,0.49840,25.0119,0.99966,5.30956,5.29421,SPOT_UNSTABLE|KV_ASSOC
8.200000,kv-ripple,50.43867,0.200433,0.53887,25.0241,0.99889,5.26857,5.28989,SPOT_UNSTABLE|KV_ASSOC
8.210000,kv-ripple,50.36444,0.199697,0.47396,25.0105,0.99886,5.20449,5.23625,SPOT_UNSTABLE|KV_ASSOC
8.220000,kv-ripple,50.27031,0.200142,0.52548,25.0200,1.00183,5.16954,5.20386,SPOT_UNSTABLE|KV_ASSOC
8.230000,kv-ripple,50.19235,0.199585,0.45291,25.0219,1.00117,5.11920,5.17010,SPOT_UNSTABLE|KV_ASSOC
8.240000,kv-ripple,50.09512,0.200429,0.48972,25.0182,0.99849,5.07024,5.14603,SPOT_UNSTABLE|KV_ASSOC
8.250000,kv-ripple,50.00118,0.200367,0.53811,25.0162,1.00077,4.99654,5.10176,SPOT_UNSTABLE|KV_ASSOC
8.260000,kv-ripple,49.90147,0.199777,0.54059,25.0090,0.99895,4.95496,5.05856,SPOT_UNSTABLE|KV_ASSOC
8.270000,kv-ripple,49.81267,0.199907,0.46743,25.0152,0.99809,4.90185,5.02530,SPOT_UNSTABLE|KV_ASSOC
8.280000,kv-ripple,49.72275,0.200318,0.53331,25.0165,1.00099,4.84279,4.98451,SPOT_UNSTABLE|KV_ASSOC
8.290000,kv-ripple,49.64065,0.199584,0.46993,25.0221,1.00158,4.77394,4.94357,SPOT_UNSTABLE|KV_ASSOC
8.300000,kv-ripple,49.56169,0.199663,0.49291,25.0184,1.00130,4.74507,4.91005,SPOT_UNSTABLE|KV_ASSOC
8.310000,kv-ripple,49.47835,0.199930,0.53480,25.0120,0.99925,4.69126,4.89830,SPOT_UNSTABLE|KV_ASSOC
8.320000,kv-ripple,49.42068,0.199587,0.53601,25.0180,0.99806,4.65878,4.87071,SPOT_UNSTABLE|KV_ASSOC
8.330000,kv-ripple,49.37672,0.200054,0.48032,25.0144,1.00000,4.62832,4.85948,SPOT_UNSTABLE|KV_ASSOC
8.340000,kv-ripple,49.32559,0.199548,0.54644,25.0221,1.00047,4.58257,4.82617,SPOT_UNSTABLE|KV_ASSOC
8.350000,kv-ripple,49.28435,0.199932,0.49682,25.0103,0.99905,4.55987,4.80732,SPOT_UNSTABLE|KV_ASSOC
8.360000,kv-ripple,49.26972,0.199769,0.48676,25.0086,1.00023,4.55474,4.80098,SPOT_UNSTABLE|KV_ASSOC
8.370000,kv-ripple,49.24332,0.199642,0.45484,25.0146,1.00113,4.54256,4.81432,SPOT_UNSTABLE|KV_ASSOC
8.380000,kv-ripple,49.25722,0.199607,0.46864,25.0170,1.00163,4.53993,4.78568,SPOT_UNSTABLE|KV_ASSOC
8.390000,kv-ripple,49.27271,0.199547,0.47397,25.0242,1.00131,4.54546,4.81235,SPOT_UNSTABLE|KV_ASSOC
8.400000,kv-ripple,49.27910,0.200234,0.54243,25.0113,1.00142,4.57900,4.80235,SPOT_UNSTABLE|KV_ASSOC
8.410000,kv-ripple,49.31406,0.200456,0.54452,25.0162,1.00071,4.58635,4.83639,SPOT_UNSTABLE|KV_ASSOC
8.420000,kv-ripple,49.36515,0.199820,0.53086,25.0076,0.99925,4.62767,4.84660,SPOT_UNSTABLE|KV_ASSOC
8.430000,kv-ripple,49.42146,0.199775,0.54045,25.0170,1.00146,4.64945,4.85552,SPOT_UNSTABLE|KV_ASSOC
8.440000,kv-ripple,49.48813,0.200491,0.50472,25.0109,0.99860,4.68034,4.89224,SPOT_UNSTABLE|KV_ASSOC
8.450000,kv-ripple,49.56452,0.199965,0.46387,25.0218,1.00157,4.74657,4.93842,SPOT_UNSTABLE|KV_ASSOC
8.460000,kv-ripple,49.62939,0.199938,0.51155,25.0253,1.00041,4.78771,4.95082,SPOT_UNSTABLE|KV_ASSOC
8.470000,kv-ripple,49.71729,0.199931,0.47436,25.0141,0.99931,4.83690,4.97877,SPOT_UNSTABLE|KV_ASSOC
8.480000,kv-ripple,49.81241,0.199690,0.50240,25.0116,1.00048,4.89764,5.01485,SPOT_UNSTABLE|KV_ASSOC
8.490000,kv-ripple,49.89997,0.199775,0.48817,25.0181,1.00125,4.95530,5.05008,SPOT_UNSTABLE|KV_ASSOC
8.500000,kv-ripple,49.99106,0.200313,0.48820,25.0096,1.00178,5.00033,5.11495,SPOT_UNSTABLE|KV_ASSOC
8.510000,kv-ripple,50.08582,0.200268,0.53764,25.0204,0.99958,5.06417,5.14399,SPOT_UNSTABLE|KV_ASSOC
8.520000,kv-ripple,50.18636,0.200247,0.47705,25.0188,1.00005,5.11690,5.16745,SPOT_UNSTABLE|KV_ASSOC
8.530000,kv-ripple,50.27342,0.199912,0.46721,25.0080,0.99823,5.16447,5.19560,SPOT_UNSTABLE|KV_ASSOC
8.540000,kv-ripple,50.35764,0.200168,0.52909,25.0180,1.00010,5.20863,5.23379,SPOT_UNSTABLE|KV_ASSOC
8.550000,kv-ripple,50.43541,0.200271,0.46547,25.0197,0.99833,5.27616,5.26746,SPOT_UNSTABLE|KV_ASSOC
8.560000,kv-ripple,50.51636,0.199753,0.49593,25.0133,0.99916,5.31758,5.30609,SPOT_UNSTABLE|KV_ASSOC
8.570000,kv-ripple,50.58125,0.199737,0.49780,25.0262,1.00166,5.35206,5.31643,SPOT_UNSTABLE|KV_ASSOC
8.580000,kv-ripple,50.63944,0.200069,0.52060,25.0214,1.00023,5.37075,5.34921,SPOT_UNSTABLE|KV_ASSOC
8.590000,kv-ripple,50.67355,0.199833,0.46991,25.0119,0.99859,5.41109,5.36677,SPOT_UNSTABLE|KV_ASSOC
8.600000,kv-ripple,50.72156,0.199598,0.54028,25.0187,1.00183,5.43682,5.37697,SPOT_UNSTABLE|KV_ASSOC
8.610000,kv-ripple,50.72719,0.199832,0.52213,25.0107,0.99813,5.44107,5.40571,SPOT_UNSTABLE|KV_ASSOC
8.620000,kv-ripple,50.75643,0.199678,0.49115,25.0239,0.99846,5.44676,5.41434,SPOT_UNSTABLE|KV_ASSOC
8.630000,kv-ripple,50.75850,0.199824,0.48728,25.0125,0.99927,5.45784,5.39580,SPOT_UNSTABLE|KV_ASSOC
8.640000,kv-ripple,50.74410,0.199978,0.54256,25.0209,0.99836,5.45694,5.40716,SPOT_UNSTABLE|KV_ASSOC
8.650000,kv-ripple,50.70994,0.200484,0.54419,25.0236,0.99826,5.42017,5.39883,SPOT_UNSTABLE|KV_ASSOC
8.660000,kv-ripple,50.67978,0.200058,0.51759,25.0116,0.99947,5.40453,5.36044,SPOT_UNSTABLE|KV_ASSOC
8.670000,kv-ripple,50.63448,0.199764,0.52414,25.0222,0.99853,5.37830,5.34068,SPOT_UNSTABLE|KV_ASSOC
8.680000,kv-ripple,50.57572,0.200206,0.47113,25.0100,0.99916,5.33974,5.32584,SPOT_UNSTABLE|KV_ASSOC
8.690000,kv-ripple,50.51584,0.199613,0.48143,25.0246,0.99872,5.30253,5.29199,SPOT_UNSTABLE|KV_ASSOC
8.700000,kv-ripple,50.43853,0.200098,0.52516,25.0205,0.99823,5.27735,5.26174,SPOT_UNSTABLE|KV_ASSOC
8.710000,kv-ripple,50.36513,0.199602,0.48149,25.0209,1.00194,5.22611,5.25802,SPOT_UNSTABLE|KV_ASSOC
8.720000,kv-ripple,50.27528,0.199506,0.48556,25.0139,0.99819,5.15965,5.21560,SPOT_UNSTABLE|KV_ASSOC
8.730000,kv-ripple,50.18501,0.200268,0.49392,25.0210,1.00048,5.10874,5.18937,SPOT_UNSTABLE|KV_ASSOC
8.740000,kv-ripple,50.08944,0.199836,0.51674,25.0177,0.99946,5.04481,5.13222,SPOT_UNSTABLE|KV_ASSOC
8.750000,kv-ripple,50.00775,0.199821,0.46187,25.0240,0.99842,4.99168,5.09507,SPOT_UNSTABLE|KV_ASSOC
8.760000,kv-ripple,49.89861,0.199699,0.51137,25.0235,0.99905,4.95696,5.05212,SPOT_UNSTABLE|KV_ASSOC
8.770000,kv-ripple,49.80747,0.200035,0.45807,25.0268,1.00082,4.88825,5.01785,SPOT_UNSTABLE|KV_ASSOC
8.780000,kv-ripple,49.71566,0.199748,0.49248,25.0157,1.00004,4.83778,4.97663,SPOT_UNSTABLE|KV_ASSOC
8.790000,kv-ripple,49.63841,0.200368,0.48901,25.0242,1.00030,4.79297,4.95034,SPOT_UNSTABLE|KV_ASSOC
8.800000,kv-ripple,49.55065,0.200465,0.50731,25.0088,1.00147,4.74141,4.91873,SPOT_UNSTABLE|KV_ASSOC
8.810000,kv-ripple,49.49291,0.199974,0.47718,25.0263,1.00196,4.68339,4.88693,SPOT_UNSTABLE|KV_ASSOC
8.820000,kv-ripple,49.42769,0.200272,0.54571,25.0253,1.00071,4.65734,4.85687,SPOT_UNSTABLE|KV_ASSOC
8.830000,kv-ripple,49.36555,0.200130,0.49487,25.0276,1.00065,4.63028,4.85116,SPOT_UNSTABLE|KV_ASSOC
8.840000,kv-ripple,49.31638,0.200098,0.52383,25.0162,0.99943,4.60537,4.83119,SPOT_UNSTABLE|KV_ASSOC
8.850000,kv-ripple,49.28530,0.199946,0.54606,25.0226,0.99985,4.55845,4.79975,SPOT_UNSTABLE|KV_ASSOC
8.860000,kv-ripple,49.26633,0.200147,0.54600,25.0149,0.99863,4.54593,4.80273,SPOT_UNSTABLE|KV_ASSOC
8.870000,kv-ripple,49.25589,0.199947,0.45358,25.0179,1.00200,4.55153,4.81345,SPOT_UNSTABLE|KV_ASSOC
8.880000,kv-ripple,49.25348,0.199924,0.47604,25.0164,0.99848,4.55385,4.81556,SPOT_UNSTABLE|KV_ASSOC
8.890000,kv-ripple,49.25868,0.200438,0.51174,25.0176,1.00189,4.55407,4.79886,SPOT_UNSTABLE|KV_ASSOC
8.900000,kv-ripple,49.29310,0.200333,0.54545,25.0137,1.00114,4.56665,4.82386,SPOT_UNSTABLE|KV_ASSOC
8.910000,kv-ripple,49.32163,0.200401,0.46703,25.0261,0.99969,4.58214,4.81563,SPOT_UNSTABLE|KV_ASSOC
8.920000,kv-ripple,49.37406,0.199808,0.47973,25.0220,1.00154,4.62581,4.83958,SPOT_UNSTABLE|KV_ASSOC
8.930000,kv-ripple,49.41518,0.200239,0.49764,25.0140,0.99927,4.64470,4.86764,SPOT_UNSTABLE|KV_ASSOC
8.940000,kv-ripple,49.47733,0.199581,0.46899,25.0150,0.99824,4.70387,4.89680,SPOT_UNSTABLE|KV_ASSOC
8.950000,kv-ripple,49.56154,0.199850,0.53184,25.0105,1.00013,4.74028,4.92624,SPOT_UNSTABLE|KV_ASSOC
8.960000,kv-ripple,49.64633,0.200418,0.52373,25.0161,1.00092,4.77804,4.95479,SPOT_UNSTABLE|KV_ASSOC
8.970000,kv-ripple,49.72914,0.199590,0.48325,25.0158,1.00056,4.84275,4.99493,SPOT_UNSTABLE|KV_ASSOC
8.980000,kv-ripple,49.81194,0.199937,0.47474,25.0278,1.00012,4.89390,5.01751,SPOT_UNSTABLE|KV_ASSOC
8.990000,kv-ripple,49.91093,0.200461,0.54238,25.0137,0.99891,4.95435,5.05110,SPOT_UNSTABLE|KV_ASSOC
9.000000,kv-ripple,50.00944,0.200170,0.47721,25.0191,0.99952,4.99842,5.11316,SPOT_UNSTABLE|KV_ASSOC
9.010000,kv-ripple,50.10364,0.199651,0.45663,25.0277,0.99831,5.05932,5.12701,SPOT_UNSTABLE|KV_ASSOC
9.020000,kv-ripple,50.19236,0.199732,0.49528,25.0238,0.99932,5.10096,5.17638,SPOT_UNSTABLE|KV_ASSOC
9.030000,kv-ripple,50.27814,0.200209,0.50946,25.0117,1.00127,5.15516,5.21202,SPOT_UNSTABLE|KV_ASSOC
9.040000,kv-ripple,50.35681,0.200029,0.45527,25.0263,1.00121,5.22154,5.23816,SPOT_UNSTABLE|KV_ASSOC
9.050000,kv-ripple,50.44802,0.200406,0.48177,25.0193,1.00124,5.26700,5.27733,SPOT_UNSTABLE|KV_ASSOC
9.060000,kv-ripple,50.51518,0.199859,0.49588,25.0159,1.00178,5.29910,5.29897,SPOT_UNSTABLE|KV_ASSOC
9.070000,kv-ripple,50.58716,0.200090,0.49948,25.0132,0.99978,5.34166,5.32614,SPOT_UNSTABLE|KV_ASSOC
9.080000,kv-ripple,50.62626,0.199579,0.49117,25.0131,0.99929,5.37568,5.35703,SPOT_UNSTABLE|KV_ASSOC
9.090000,kv-ripple,50.68775,0.200366,0.54814,25.0258,1.00191,5.40662,5.38103,SPOT_UNSTABLE|KV_ASSOC
9.100000,kv-ripple,50.71628,0.200372,0.51054,25.0269,1.00043,5.43742,5.38260,SPOT_UNSTABLE|KV_ASSOC
9.110000,kv-ripple,50.72973,0.200024,0.52364,25.0111,1.00175,5.45527,5.38113,SPOT_UNSTABLE|KV_ASSOC
9.120000,kv-ripple,50.75839,0.200039,0.48892,25.0104,1.00093,5.44657,5.39782,SPOT_UNSTABLE|KV_ASSOC
9.130000,kv-ripple,50.74184,0.199667,0.49453,25.0199,0.99825,5.44653,5.38845,SPOT_UNSTABLE|KV_ASSOC
9.140000,kv-ripple,50.73248,0.199714,0.54174,25.0144,1.00154,5.44260,5.40593,SPOT_UNSTABLE|KV_ASSOC
9.150000,kv-ripple,50.71462,0.200181,0.53197,25.0167,0.99925,5.41507,5.37932,SPOT_UNSTABLE|KV_ASSOC
9.160000,kv-ripple,50.67017,0.200156,0.45429,25.0167,0.99865,5.42129,5.37226,SPOT_UNSTABLE|KV_ASSOC
9.170000,kv-ripple,50.62874,0.200439,0.52441,25.0170,1.00097,5.38088,5.34951,SPOT_UNSTABLE|KV_ASSOC
9.180000,kv-ripple,50.57645,0.200121,0.53498,25.0199,0.99945,5.35132,5.31678,SPOT_UNSTABLE|KV_ASSOC
9.190000,kv-ripple,50.50805,0.199725,0.49180,25.0088,1.00018,5.31470,5.30161,SPOT_UNSTABLE|KV_ASSOC
9.200000,kv-ripple,50.43661,0.200129,0.52800,25.0201,1.00059,5.25357,5.26364,SPOT_UNSTABLE|KV_ASSOC
9.210000,kv-ripple,50.36785,0.199540,0.45495,25.0192,0.99928,5.23166,5.24877,SPOT_UNSTABLE|KV_ASSOC
9.220000,kv-ripple,50.28156,0.199987,0.46394,25.0184,0.99996,5.16294,5.20132,SPOT_UNSTABLE|KV_ASSOC
9.230000,kv-ripple,50.18634,0.200200,0.45543,25.0161,0.99940,5.09999,5.17023,SPOT_UNSTABLE|KV_ASSOC
9.240000,kv-ripple,50.10106,0.199995,0.46934,25.0260,1.00069,5.06091,5.14718,SPOT_UNSTABLE|KV_ASSOC
9.250000,kv-ripple,49.99155,0.200028,0.46698,25.0090,0.99877,5.00856,5.10975,SPOT_UNSTABLE|KV_ASSOC
9.260000,kv-ripple,49.90100,0.200261,0.48717,25.0269,1.00199,4.94285,5.05662,SPOT_UNSTABLE|KV_ASSOC
9.270000,kv-ripple,49.80931,0.200045,0.54657,25.0172,0.99821,4.88606,5.02830,SPOT_UNSTABLE|KV_ASSOC
9.280000,kv-ripple,49.72242,0.200158,0.46376,25.0144,0.99860,4.84312,4.99930,SPOT_UNSTABLE|KV_ASSOC
9.290000,kv-ripple,49.63061,0.199965,0.54794,25.0279,0.99800,4.76954,4.96566,SPOT_UNSTABLE|KV_ASSOC
9.300000,kv-ripple,49.55318,0.200136,0.46239,25.0179,0.99975,4.72518,4.91709,SPOT_UNSTABLE|KV_ASSOC
9.310000,kv-ripple,49.49129,0.199973,0.52044,25.0256,1.00134,4.68136,4.90241,SPOT_UNSTABLE|KV_ASSOC
9.320000,kv-ripple,49.41489,0.199962,0.45277,25.0121,1.00034,4.64076,4.86024,SPOT_UNSTABLE|KV_ASSOC
9.330000,kv-ripple,49.36272,0.200435,0.54512,25.0227,0.99968,4.63424,4.84194,SPOT_UNSTABLE|KV_ASSOC
9.340000,kv-ripple,49.31280,0.199621,0.52916,25.0256,1.00107,4.58308,4.83352,SPOT_UNSTABLE|KV_ASSOC
9.350000,kv-ripple,49.29278,0.200204,0.47696,25.0140,1.00157,4.57486,4.82303,SPOT_UNSTABLE|KV_ASSOC
9.360000,kv-ripple,49.26291,0.200497,0.50965,25.0143,0.99954,4.56053,4.79319,SPOT_UNSTABLE|KV_ASSOC
9.370000,kv-ripple,49.26089,0.199855,0.47138,25.0240,1.00087,4.55048,4.81440,SPOT_UNSTABLE|KV_ASSOC
9.380000,kv-ripple,49.25280,0.199753,0.49601,25.0217,0.99811,4.55241,4.81167,SPOT_UNSTABLE|KV_ASSOC
9.390000,kv-ripple,49.26203,0.199773,0.53195,25.0154,0.99935,4.56075,4.80492,SPOT_UNSTABLE|KV_ASSOC
9.400000,kv-ripple,49.27888,0.200058,0.50946,25.0099,1.00031,4.58246,4.81020,SPOT_UNSTABLE|KV_ASSOC
9.410000,kv-ripple,49.32286,0.199968,0.53042,25.0273,1.00016,4.58177,4.82387,SPOT_UNSTABLE|KV_ASSOC
9.420000,kv-ripple,49.36716,0.199520,0.49286,25.0187,1.00008,4.61217,4.85437,SPOT_UNSTABLE|KV_ASSOC
9.430000,kv-ripple,49.41991,0.200411,0.47586,25.0260,1.00134,4.65167,4.87746,SPOT_UNSTABLE|KV_ASSOC
9.440000,kv-ripple,49.49559,0.199920,0.46665,25.0152,0.99963,4.70051,4.88264,SPOT_UNSTABLE|KV_ASSOC
9.450000,kv-ripple,49.56674,0.200110,0.45393,25.0147,1.00026,4.75011,4.92554,SPOT_UNSTABLE|KV_ASSOC
9.460000,kv-ripple,49.64775,0.199788,0.47472,25.0265,0.99826,4.78161,4.95831,SPOT_UNSTABLE|KV_ASSOC
9.470000,kv-ripple,49.72444,0.199724,0.47484,25.0162,0.99931,4.82825,4.99104,SPOT_UNSTABLE|KV_ASSOC
9.480000,kv-ripple,49.80779,0.200354,0.53882,25.0223,1.00016,4.87441,5.01047,SPOT_UNSTABLE|KV_ASSOC
9.490000,kv-ripple,49.90044,0.199610,0.46772,25.0162,1.00193,4.94494,5.06752,SPOT_UNSTABLE|KV_ASSOC
9.500000,kv-ripple,49.99114,0.199769,0.48764,25.0112,0.99890,5.00958,5.10273,SPOT_UNSTABLE|KV_ASSOC
9.510000,kv-ripple,50.09390,0.199667,0.49374,25.0249,0.99945,5.06832,5.14243,SPOT_UNSTABLE|KV_ASSOC
9.520000,kv-ripple,50.17984,0.200068,0.52003,25.0138,1.00148,5.11642,5.18079,SPOT_UNSTABLE|KV_ASSOC
9.530000,kv-ripple,50.27492,0.200445,0.52905,25.0176,1.00175,5.17442,5.20967,SPOT_UNSTABLE|KV_ASSOC
9.540000,kv-ripple,50.35318,0.199839,0.53271,25.0119,1.00025,5.22801,5.24403,SPOT_UNSTABLE|KV_ASSOC
9.550000,kv-ripple,50.44943,0.199522,0.54577,25.0153,1.00129,5.25523,5.28825,SPOT_UNSTABLE|KV_ASSOC
9.560000,kv-ripple,50.51865,0.200473,0.47208,25.0218,0.99866,5.32267,5.29292,SPOT_UNSTABLE|KV_ASSOC
9.570000,kv-ripple,50.57341,0.200498,0.50228,25.0253,0.99948,5.36147,5.34011,SPOT_UNSTABLE|KV_ASSOC
9.580000,kv-ripple,50.63196,0.199745,0.48923,25.0139,0.99938,5.37693,5.36663,SPOT_UNSTABLE|KV_ASSOC
9.590000,kv-ripple,50.68114,0.199897,0.49858,25.0139,0.99849,5.40079,5.37246,SPOT_UNSTABLE|KV_ASSOC
9.600000,kv-ripple,50.71395,0.200468,0.46725,25.0128,0.99808,5.42495,5.37372,SPOT_UNSTABLE|KV_ASSOC
9.610000,kv-ripple,50.73244,0.200028,0.46524,25.0245,1.00175,5.45352,5.40370,SPOT_UNSTABLE|KV_ASSOC
9.620000,kv-ripple,50.74333,0.200499,0.48289,25.0232,0.99902,5.45564,5.40736,SPOT_UNSTABLE|KV_ASSOC
9.630000,kv-ripple,50.74536,0.200457,0.49125,25.0242,0.99852,5.45514,5.41071,SPOT_UNSTABLE|KV_ASSOC
9.640000,kv-ripple,50.73262,0.199648,0.54084,25.0268,1.00146,5.45598,5.39420,SPOT_UNSTABLE|KV_ASSOC
9.650000,kv-ripple,50.71500,0.200223,0.46314,25.0114,1.00170,5.42207,5.37428,SPOT_UNSTABLE|KV_ASSOC
9.660000,kv-ripple,50.67833,0.199516,0.50981,25.0137,0.99800,5.42172,5.35834,SPOT_UNSTABLE|KV_ASSOC
9.670000,kv-ripple,50.62640,0.200378,0.54213,25.0254,0.99971,5.39394,5.34209,SPOT_UNSTABLE|KV_ASSOC
9.680000,kv-ripple,50.57927,0.200118,0.47711,25.0208,0.99806,5.33916,5.32620,SPOT_UNSTABLE|KV_ASSOC
9.690000,kv-ripple,50.52203,0.199929,0.45262,25.0253,0.99929,5.30633,5.32005,SPOT_UNSTABLE|KV_ASSOC
9.700000,kv-ripple,50.43791,0.199769,0.45265,25.0188,1.00170,5.27821,5.29116,SPOT_UNSTABLE|KV_ASSOC
9.710000,kv-ripple,50.36259,0.199763,0.45199,25.0169,1.00048,5.23118,5.23711,SPOT_UNSTABLE|KV_ASSOC
9.720000,kv-ripple,50.28216,0.200335,0.47686,25.0158,1.00191,5.15225,5.21622,SPOT_UNSTABLE|KV_ASSOC
9.730000,kv-ripple,50.19606,0.199933,0.50278,25.0123,0.99993,5.10412,5.17022,SPOT_UNSTABLE|KV_ASSOC
9.740000,kv-ripple,50.08805,0.200039,0.54938,25.0099,1.00183,5.06794,5.14361,SPOT_UNSTABLE|KV_ASSOC
9.750000,kv-ripple,50.00392,0.200494,0.53233,25.0105,1.00131,5.00550,5.10899,SPOT_UNSTABLE|KV_ASSOC
9.760000,kv-ripple,49.91136,0.199635,0.48023,25.0288,1.00014,4.94387,5.06210,SPOT_UNSTABLE|KV_ASSOC
9.770000,kv-ripple,49.81799,0.200386,0.54565,25.0144,0.99818,4.89216,5.03936,SPOT_UNSTABLE|KV_ASSOC
9.780000,kv-ripple,49.72588,0.199531,0.50089,25.0247,1.00018,4.83342,4.98919,SPOT_UNSTABLE|KV_ASSOC
9.790000,kv-ripple,49.63657,0.200268,0.51347,25.0197,1.00032,4.79676,4.96425,SPOT_UNSTABLE|KV_ASSOC
9.800000,kv-ripple,49.56378,0.200392,0.54315,25.0165,0.99918,4.75046,4.91665,SPOT_UNSTABLE|KV_ASSOC
9.810000,kv-ripple,49.48622,0.200255,0.49303,25.0285,0.99812,4.69723,4.90464,SPOT_UNSTABLE|KV_ASSOC
9.820000,kv-ripple,49.41522,0.200414,0.52837,25.0160,0.99963,4.63952,4.86750,SPOT_UNSTABLE|KV_ASSOC
9.830000,kv-ripple,49.35685,0.199790,0.51206,25.0192,1.00093,4.62859,4.83678,SPOT_UNSTABLE|KV_ASSOC
9.840000,kv-ripple,49.31666,0.199959,0.49072,25.0234,1.00092,4.60051,4.84099,SPOT_UNSTABLE|KV_ASSOC
9.850000,kv-ripple,49.29386,0.199881,0.46217,25.0171,0.99925,4.57801,4.80930,SPOT_UNSTABLE|KV_ASSOC
9.860000,kv-ripple,49.25639,0.200087,0.51619,25.0150,0.99889,4.55479,4.79247,SPOT_UNSTABLE|KV_ASSOC
9.870000,kv-ripple,49.24334,0.200361,0.46281,25.0125,0.99851,4.54101,4.79791,SPOT_UNSTABLE|KV_ASSOC
9.880000,kv-ripple,49.25758,0.199819,0.49625,25.0119,1.00166,4.54075,4.78804,SPOT_UNSTABLE|KV_ASSOC
9.890000,kv-ripple,49.26567,0.200029,0.47721,25.0255,1.00130,4.54579,4.79349,SPOT_UNSTABLE|KV_ASSOC
9.900000,kv-ripple,49.28066,0.200203,0.50153,25.0292,1.00039,4.58494,4.81250,SPOT_UNSTABLE|KV_ASSOC
9.910000,kv-ripple,49.32136,0.200348,0.54406,25.0123,0.99847,4.58471,4.82206,SPOT_UNSTABLE|KV_ASSOC
9.920000,kv-ripple,49.36312,0.199630,0.45907,25.0153,0.99985,4.60640,4.83406,SPOT_UNSTABLE|KV_ASSOC
9.930000,kv-ripple,49.42058,0.200027,0.53871,25.0183,0.99902,4.64875,4.87099,SPOT_UNSTABLE|KV_ASSOC
9.940000,kv-ripple,49.48345,0.199760,0.49637,25.0192,1.00187,4.67881,4.88393,SPOT_UNSTABLE|KV_ASSOC
9.950000,kv-ripple,49.55713,0.200270,0.45183,25.0207,0.99875,4.73518,4.93506,SPOT_UNSTABLE|KV_ASSOC
9.960000,kv-ripple,49.64219,0.200060,0.47979,25.0224,0.99954,4.78393,4.95297,SPOT_UNSTABLE|KV_ASSOC
9.970000,kv-ripple,49.72888,0.199850,0.47851,25.0181,0.99830,4.83138,4.98674,SPOT_UNSTABLE|KV_ASSOC
9.980000,kv-ripple,49.81354,0.199808,0.45304,25.0249,0.99892,4.87357,5.01591,SPOT_UNSTABLE|KV_ASSOC
9.990000,kv-ripple,49.90190,0.200474,0.50216,25.0240,0.99908,4.94109,5.05831,SPOT_UNSTABLE|KV_ASSOC
10.000000,kv-ripple,50.00221,0.199619,0.45636,25.0248,1.00145,4.99111,5.09461,SPOT_UNSTABLE|KV_ASSOC
10.010000,kv-ripple,50.09511,0.200271,0.54194,25.0117,0.99850,5.05621,5.13694,SPOT_UNSTABLE|KV_ASSOC
10.020000,kv-ripple,50.17759,0.199553,0.50917,25.0147,0.99907,5.11142,5.16084,SPOT_UNSTABLE|KV_ASSOC
10.030000,kv-ripple,50.26839,0.199657,0.46636,25.0191,1.00009,5.16694,5.19851,SPOT_UNSTABLE|KV_ASSOC
10.040000,kv-ripple,50.35854,0.199869,0.54931,25.0243,0.99869,5.22438,5.25463,SPOT_UNSTABLE|KV_ASSOC
10.050000,kv-ripple,50.44047,0.200426,0.46469,25.0147,0.99868,5.25092,5.26942,SPOT_UNSTABLE|KV_ASSOC
10.060000,kv-ripple,50.52147,0.199920,0.47287,25.0181,1.00081,5.31629,5.29155,SPOT_UNSTABLE|KV_ASSOC
10.070000,kv-ripple,50.58442,0.199694,0.46876,25.0164,1.00045,5.35636,5.31934,SPOT_UNSTABLE|KV_ASSOC
10.080000,kv-ripple,50.63024,0.199725,0.48972,25.0233,0.99886,5.37035,5.34999,SPOT_UNSTABLE|KV_ASSOC
10.090000,kv-ripple,50.68096,0.200408,0.53652,25.0105,0.99826,5.40013,5.36913,SPOT_UNSTABLE|KV_ASSOC
10.100000,kv-ripple,50.71335,0.199872,0.53430,25.0264,0.99991,5.42509,5.39234,SPOT_UNSTABLE|KV_ASSOC
10.110000,kv-ripple,50.73186,0.199522,0.50189,25.0265,1.00135,5.42828,5.40796,SPOT_UNSTABLE|KV_ASSOC
10.120000,kv-ripple,50.74894,0.199735,0.52828,25.0243,0.99979,5.44420,5.41134,SPOT_UNSTABLE|KV_ASSOC
10.130000,kv-ripple,50.74161,0.199750,0.46893,25.0246,1.00000,5.44803,5.39022,SPOT_UNSTABLE|KV_ASSOC
10.140000,kv-ripple,50.73754,0.200019,0.51438,25.0107,0.99863,5.43540,5.39911,SPOT_UNSTABLE|KV_ASSOC
10.150000,kv-ripple,50.70377,0.200063,0.53851,25.0248,1.00032,5.42640,5.38680,SPOT_UNSTABLE|KV_ASSOC
10.160000,kv-ripple,50.67245,0.199535,0.54893,25.0114,0.99852,5.40584,5.38067,SPOT_UNSTABLE|KV_ASSOC
10.170000,kv-ripple,50.63244,0.199904,0.50907,25.0199,0.99981,5.37580,5.36399,SPOT_UNSTABLE|KV_ASSOC
10.180000,kv-ripple,50.57365,0.200321,0.48665,25.0123,0.99808,5.35920,5.34067,SPOT_UNSTABLE|KV_ASSOC
10.190000,kv-ripple,50.51862,0.200415,0.54536,25.0119,1.00176,5.31948,5.30908,SPOT_UNSTABLE|KV_ASSOC
10.200000,kv-ripple,50.44130,0.199879,0.49543,25.0106,0.99869,5.27270,5.28107,SPOT_UNSTABLE|KV_ASSOC
10.210000,kv-ripple,50.35867,0.200078,0.46698,25.0250,1.00122,5.22608,5.24044,SPOT_UNSTABLE|KV_ASSOC
10.220000,kv-ripple,50.28298,0.199945,0.53323,25.0253,0.99933,5.16097,5.22253,SPOT_UNSTABLE|KV_ASSOC
10.230000,kv-ripple,50.17753,0.199794,0.52826,25.0143,1.00025,5.09970,5.17459,SPOT_UNSTABLE|KV_ASSOC
10.240000,kv-ripple,50.10345,0.199943,0.48443,25.0121,0.99820,5.05695,5.12357,SPOT_UNSTABLE|KV_ASSOC
10.250000,kv-ripple,50.00478,0.200038,0.54846,25.0297,1.00112,5.00600,5.10905,SPOT_UNSTABLE|KV_ASSOC
10.260000,kv-ripple,49.91126,0.199544,0.52079,25.0153,0.99958,4.94776,5.07209,SPOT_UNSTABLE|KV_ASSOC
10.270000,kv-ripple,49.81849,0.199973,0.46324,25.0119,1.00186,4.87486,5.03108,SPOT_UNSTABLE|KV_ASSOC
10.280000,kv-ripple,49.72066,0.199798,0.50331,25.0198,1.00002,4.84430,4.97472,SPOT_UNSTABLE|KV_ASSOC
10.290000,kv-ripple,49.64038,0.199731,0.51060,25.0302,0.99845,4.76922,4.95366,SPOT_UNSTABLE|KV_ASSOC
10.300000,kv-ripple,49.56506,0.199531,0.50747,25.0251,0.99893,4.72755,4.91356,SPOT_UNSTABLE|KV_ASSOC
10.310000,kv-ripple,49.48878,0.200187,0.49334,25.0280,1.00167,4.68961,4.89527,SPOT_UNSTABLE|KV_ASSOC
10.320000,kv-ripple,49.41716,0.200238,0.51645,25.0220,0.99823,4.65031,4.86727,SPOT_UNSTABLE|KV_ASSOC
10.330000,kv-ripple,49.36270,0.199852,0.48235,25.0290,0.99855,4.61659,4.84438,SPOT_UNSTABLE|KV_ASSOC
10.340000,kv-ripple,49.32581,0.200138,0.51671,25.0212,0.99808,4.59160,4.83886,SPOT_UNSTABLE|KV_ASSOC
10.350000,kv-ripple,49.28428,0.199754,0.49591,25.0188,1.00066,4.56936,4.81534,SPOT_UNSTABLE|KV_ASSOC
10.360000,kv-ripple,49.25803,0.200387,0.52808,25.0203,1.00006,4.56896,4.81419,SPOT_UNSTABLE|KV_ASSOC
10.370000,kv-ripple,49.25735,0.199696,0.51716,25.0213,0.99890,4.54324,4.79768,SPOT_UNSTABLE|KV_ASSOC
10.380000,kv-ripple,49.25207,0.200293,0.53890,25.0204,1.00048,4.56411,4.80874,SPOT_UNSTABLE|KV_ASSOC
10.390000,kv-ripple,49.26943,0.199880,0.54995,25.0258,0.99814,4.56869,4.80507,SPOT_UNSTABLE|KV_ASSOC
10.400000,kv-ripple,49.29021,0.199747,0.47546,25.0173,1.00200,4.56548,4.80422,SPOT_UNSTABLE|KV_ASSOC
10.410000,kv-ripple,49.32350,0.199915,0.46994,25.0223,0.99884,4.60734,4.83320,SPOT_UNSTABLE|KV_ASSOC
10.420000,kv-ripple,49.36471,0.199632,0.54680,25.0232,1.00138,4.63004,4.84575,SPOT_UNSTABLE|KV_ASSOC
10.430000,kv-ripple,49.41650,0.200398,0.45821,25.0208,1.00101,4.64287,4.86666,SPOT_UNSTABLE|KV_ASSOC
10.440000,kv-ripple,49.48278,0.199615,0.45056,25.0125,0.99885,4.68290,4.90380,SPOT_UNSTABLE|KV_ASSOC
10.450000,kv-ripple,49.55380,0.200047,0.51557,25.0183,1.00107,4.73255,4.92286,SPOT_UNSTABLE|KV_ASSOC
10.460000,kv-ripple,49.63346,0.200185,0.53570,25.0207,0.99916,4.76842,4.96761,SPOT_UNSTABLE|KV_ASSOC
10.470000,kv-ripple,49.72551,0.200410,0.50388,25.0151,0.99986,4.82771,4.99602,SPOT_UNSTABLE|KV_ASSOC
10.480000,kv-ripple,49.80620,0.200044,0.47385,25.0167,1.00168,4.87738,5.02743,SPOT_UNSTABLE|KV_ASSOC
10.490000,kv-ripple,49.90145,0.199899,0.45101,25.0260,1.00151,4.93234,5.07441,SPOT_UNSTABLE|KV_ASSOC
10.500000,kv-ripple,50.00549,0.199521,0.52414,25.0125,1.00132,5.00450,5.08588,SPOT_UNSTABLE|KV_ASSOC
10.510000,kv-ripple,50.08854,0.200087,0.54627,25.0131,0.99929,5.04860,5.13105,SPOT_UNSTABLE|KV_ASSOC
10.520000,kv-ripple,50.19221,0.199761,0.46855,25.0237,1.00159,5.11371,5.17436,SPOT_UNSTABLE|KV_ASSOC
10.530000,kv-ripple,50.26957,0.200180,0.54841,25.0118,1.00126,5.15987,5.19783,SPOT_UNSTABLE|KV_ASSOC
10.540000,kv-ripple,50.35902,0.200422,0.47631,25.0135,0.99879,5.22973,5.25122,SPOT_UNSTABLE|KV_ASSOC
10.550000,kv-ripple,50.44460,0.200084,0.48551,25.0124,0.99846,5.26570,5.27931,SPOT_UNSTABLE|KV_ASSOC
10.560000,kv-ripple,50.51871,0.199723,0.50885,25.0202,1.00125,5.30801,5.31632,SPOT_UNSTABLE|KV_ASSOC
10.570000,kv-ripple,50.58001,0.199965,0.45117,25.0268,0.99940,5.34359,5.33961,SPOT_UNSTABLE|KV_ASSOC
10.580000,kv-ripple,50.62743,0.200364,0.53192,25.0148,0.99875,5.38484,5.34322,SPOT_UNSTABLE|KV_ASSOC
10.590000,kv-ripple,50.67380,0.200332,0.45063,25.0199,0.99925,5.40822,5.37869,SPOT_UNSTABLE|KV_ASSOC
10.600000,kv-ripple,50.70674,0.200224,0.54039,25.0213,1.00120,5.43099,5.38749,SPOT_UNSTABLE|KV_ASSOC
10.610000,kv-ripple,50.74232,0.199858,0.53034,25.0177,0.99822,5.45463,5.40668,SPOT_UNSTABLE|KV_ASSOC
10.620000,kv-ripple,50.74322,0.200358,0.45452,25.0292,0.99950,5.43787,5.40960,SPOT_UNSTABLE|KV_ASSOC
10.630000,kv-ripple,50.74377,0.200168,0.49099,25.0162,1.00001,5.45783,5.41131,SPOT_UNSTABLE|KV_ASSOC
10.640000,kv-ripple,50.74115,0.199734,0.49670,25.0249,1.00071,5.43246,5.38533,SPOT_UNSTABLE|KV_ASSOC
10.650000,kv-ripple,50.70835,0.199970,0.54341,25.0214,1.00156,5.42987,5.39916,SPOT_UNSTABLE|KV_ASSOC
10.660000,kv-ripple,50.67594,0.199950,0.53424,25.0139,0.99988,5.40650,5.37707,SPOT_UNSTABLE|KV_ASSOC
10.670000,kv-ripple,50.62640,0.200058,0.47555,25.0281,0.99823,5.38869,5.33871,SPOT_UNSTABLE|KV_ASSOC
10.680000,kv-ripple,50.57218,0.199883,0.45973,25.0205,0.99826,5.34533,5.32852,SPOT_UNSTABLE|KV_ASSOC
10.690000,kv-ripple,50.50362,0.200065,0.46276,25.0117,1.00015,5.32241,5.31907,SPOT_UNSTABLE|KV_ASSOC
10.700000,kv-ripple,50.44474,0.200428,0.50585,25.0128,1.00060,5.26248,5.26430,SPOT_UNSTABLE|KV_ASSOC
10.710000,kv-ripple,50.36983,0.200380,0.52972,25.0313,0.99831,5.22034,5.24477,SPOT_UNSTABLE|KV_ASSOC
10.720000,kv-ripple,50.28215,0.200273,0.53813,25.0160,1.00157,5.15633,5.21655,SPOT_UNSTABLE|KV_ASSOC
10.730000,kv-ripple,50.19423,0.200477,0.46587,25.0169,0.99830,5.09999,5.16028,SPOT_UNSTABLE|KV_ASSOC
10.740000,kv-ripple,50.09334,0.199521,0.46809,25.0206,0.99984,5.04453,5.14589,SPOT_UNSTABLE|KV_ASSOC
10.750000,kv-ripple,49.99800,0.200012,0.46459,25.0124,1.00150,4.99850,5.09071,SPOT_UNSTABLE|KV_ASSOC
10.760000,kv-ripple,49.90900,0.200026,0.46164,25.0291,0.99805,4.93963,5.05417,SPOT_UNSTABLE|KV_ASSOC
10.770000,kv-ripple,49.81541,0.199677,0.50466,25.0261,1.00193,4.90118,5.03394,SPOT_UNSTABLE|KV_ASSOC
10.780000,kv-ripple,49.72334,0.200156,0.51518,25.0205,0.99882,4.82580,4.99459,SPOT_UNSTABLE|KV_ASSOC
10.790000,kv-ripple,49.63803,0.199706,0.47803,25.0240,1.00039,4.79819,4.96588,SPOT_UNSTABLE|KV_ASSOC
10.800000,kv-ripple,49.56641,0.200250,0.51498,25.0149,1.00163,4.73859,4.92240,SPOT_UNSTABLE|KV_ASSOC
10.810000,kv-ripple,49.49580,0.199578,0.49585,25.0131,1.00050,4.67810,4.89196,SPOT_UNSTABLE|KV_ASSOC
10.820000,kv-ripple,49.42910,0.200056,0.51655,25.0284,1.00144,4.64049,4.86797,SPOT_UNSTABLE|KV_ASSOC
10.830000,kv-ripple,49.36284,0.200480,0.53249,25.0306,1.00093,4.61237,4.83601,SPOT_UNSTABLE|KV_ASSOC
10.840000,kv-ripple,49.32712,0.199841,0.45984,25.0286,1.00098,4.58992,4.81622,SPOT_UNSTABLE|KV_ASSOC
10.850000,kv-ripple,49.27830,0.199948,0.49984,25.0270,1.00051,4.56327,4.81923,SPOT_UNSTABLE|KV_ASSOC
10.860000,kv-ripple,49.26399,0.200225,0.50557,25.0243,1.00171,4.57296,4.80353,SPOT_UNSTABLE|KV_ASSOC
10.870000,kv-ripple,49.24314,0.199519,0.53916,25.0291,1.00032,4.53769,4.80860,SPOT_UNSTABLE|KV_ASSOC
10.880000,kv-ripple,49.24234,0.200300,0.51815,25.0231,0.99893,4.55255,4.78695,SPOT_UNSTABLE|KV_ASSOC
10.890000,kv-ripple,49.26403,0.199541,0.48008,25.0256,1.00127,4.54591,4.80361,SPOT_UNSTABLE|KV_ASSOC
10.900000,kv-ripple,49.29355,0.199627,0.46335,25.0155,1.00126,4.56051,4.81410,SPOT_UNSTABLE|KV_ASSOC
10.910000,kv-ripple,49.32741,0.200313,0.50319,25.0119,1.00190,4.59641,4.84317,SPOT_UNSTABLE|KV_ASSOC
10.920000,kv-ripple,49.37465,0.200468,0.51533,25.0311,0.99817,4.61054,4.85474,SPOT_UNSTABLE|KV_ASSOC
10.930000,kv-ripple,49.43038,0.199801,0.46023,25.0137,1.00070,4.66027,4.87919,SPOT_UNSTABLE|KV_ASSOC
10.940000,kv-ripple,49.49459,0.199602,0.50845,25.0212,1.00036,4.69750,4.90232,SPOT_UNSTABLE|KV_ASSOC
10.950000,kv-ripple,49.55274,0.200018,0.50950,25.0275,1.00120,4.74018,4.91024,SPOT_UNSTABLE|KV_ASSOC
10.960000,kv-ripple,49.64514,0.200377,0.50679,25.0222,1.00101,4.77636,4.94328,SPOT_UNSTABLE|KV_ASSOC
10.970000,kv-ripple,49.71705,0.200253,0.52126,25.0303,0.99972,4.82478,4.98578,SPOT_UNSTABLE|KV_ASSOC
10.980000,kv-ripple,49.82247,0.199805,0.52857,25.0128,0.99897,4.88506,5.01973,SPOT_UNSTABLE|KV_ASSOC
10.990000,kv-ripple,49.91142,0.200273,0.45422,25.0145,0.99842,4.95766,5.05028,SPOT_UNSTABLE|KV_ASSOC
11.000000,kv-ripple,49.99810,0.199614,0.53616,25.0129,1.00033,5.00642,5.09565,SPOT_UNSTABLE|KV_ASSOC
11.010000,kv-ripple,50.09640,0.199935,0.50562,25.0182,0.99907,5.06681,5.12333,SPOT_UNSTABLE|KV_ASSOC
11.020000,kv-ripple,50.19081,0.199737,0.51494,25.0301,1.00125,5.10634,5.17241,SPOT_UNSTABLE|KV_ASSOC
11.030000,kv-ripple,50.28085,0.199970,0.45099,25.0155,1.00144,5.17342,5.20958,SPOT_UNSTABLE|KV_ASSOC
11.040000,kv-ripple,50.36871,0.199893,0.49872,25.0312,0.99941,5.20680,5.24617,SPOT_UNSTABLE|KV_ASSOC
11.050000,kv-ripple,50.44660,0.200488,0.52084,25.0291,0.99908,5.25360,5.27713,SPOT_UNSTABLE|KV_ASSOC
11.060000,kv-ripple,50.51037,0.200139,0.48563,25.0181,1.00183,5.30300,5.31133,SPOT_UNSTABLE|KV_ASSOC
11.070000,kv-ripple,50.58658,0.199685,0.46726,25.0162,1.00056,5.35195,5.33689,SPOT_UNSTABLE|KV_ASSOC
11.080000,kv-ripple,50.64170,0.199732,0.50846,25.0240,0.99988,5.37298,5.35997,SPOT_UNSTABLE|KV_ASSOC
11.090000,kv-ripple,50.66903,0.199750,0.45949,25.0273,0.99820,5.40616,5.37541,SPOT_UNSTABLE|KV_ASSOC
11.100000,kv-ripple,50.71669,0.199818,0.50845,25.0136,1.00151,5.42530,5.37270,SPOT_UNSTABLE|KV_ASSOC
11.110000,kv-ripple,50.73158,0.199780,0.46989,25.0256,1.00128,5.44675,5.39140,SPOT_UNSTABLE|KV_ASSOC
11.120000,kv-ripple,50.75282,0.200432,0.49213,25.0183,1.00140,5.43443,5.40891,SPOT_UNSTABLE|KV_ASSOC
11.130000,kv-ripple,50.75514,0.199983,0.47800,25.0169,0.99900,5.45977,5.39899,SPOT_UNSTABLE|KV_ASSOC
11.140000,kv-ripple,50.74073,0.199689,0.45956,25.0168,1.00056,5.45494,5.39039,SPOT_UNSTABLE|KV_ASSOC
11.150000,kv-ripple,50.70966,0.200402,0.48500,25.0147,0.99808,5.44197,5.39989,SPOT_UNSTABLE|KV_ASSOC
11.160000,kv-ripple,50.66973,0.199760,0.45882,25.0141,0.99831,5.40187,5.37995,SPOT_UNSTABLE|KV_ASSOC
11.170000,kv-ripple,50.63361,0.200073,0.50119,25.0243,0.99914,5.38258,5.34932,SPOT_UNSTABLE|KV_ASSOC
11.180000,kv-ripple,50.58210,0.200085,0.47861,25.0273,0.99932,5.35788,5.34051,SPOT_UNSTABLE|KV_ASSOC
11.190000,kv-ripple,50.50688,0.199854,0.50168,25.0173,1.00160,5.32222,5.31894,SPOT_UNSTABLE|KV_ASSOC
11.200000,kv-ripple,50.43550,0.200020,0.51847,25.0307,0.99897,5.25398,5.27994,SPOT_UNSTABLE|KV_ASSOC
11.210000,kv-ripple,50.35504,0.200325,0.54499,25.0301,0.99821,5.22201,5.24023,SPOT_UNSTABLE|KV_ASSOC
11.220000,kv-ripple,50.27161,0.199629,0.50646,25.0289,1.00033,5.17299,5.19659,SPOT_UNSTABLE|KV_ASSOC
11.230000,kv-ripple,50.18195,0.200089,0.47417,25.0207,1.00033,5.11473,5.18642,SPOT_UNSTABLE|KV_ASSOC
11.240000,kv-ripple,50.08502,0.200425,0.54774,25.0146,0.99881,5.05858,5.13971,SPOT_UNSTABLE|KV_ASSOC
11.250000,kv-ripple,49.99902,0.199707,0.47434,25.0138,1.00007,4.98798,5.10671,SPOT_UNSTABLE|KV_ASSOC
11.260000,kv-ripple,49.89740,0.200218,0.51632,25.0142,0.99957,4.94144,5.05210,SPOT_UNSTABLE|KV_ASSOC
11.270000,kv-ripple,49.80452,0.200292,0.50233,25.0211,0.99890,4.88755,5.03492,SPOT_UNSTABLE|KV_ASSOC
11.280000,kv-ripple,49.73267,0.199955,0.52666,25.0195,0.99908,4.84316,4.99832,SPOT_UNSTABLE|KV_ASSOC
11.290000,kv-ripple,49.63641,0.199654,0.53858,25.0155,0.99926,4.77099,4.94283,SPOT_UNSTABLE|KV_ASSOC
11.300000,kv-ripple,49.55687,0.199910,0.47427,25.0217,0.99912,4.73095,4.93590,SPOT_UNSTABLE|KV_ASSOC
11.310000,kv-ripple,49.47764,0.199810,0.49495,25.0208,1.00039,4.68613,4.88870,SPOT_UNSTABLE|KV_ASSOC
11.320000,kv-ripple,49.41705,0.200104,0.49454,25.0172,1.00012,4.66797,4.85753,SPOT_UNSTABLE|KV_ASSOC
11.330000,kv-ripple,49.36675,0.199788,0.45146,25.0261,1.00134,4.63209,4.84938,SPOT_UNSTABLE|KV_ASSOC
11.340000,kv-ripple,49.32352,0.199773,0.49016,25.0265,0.99882,4.59784,4.82444,SPOT_UNSTABLE|KV_ASSOC
11.350000,kv-ripple,49.27799,0.199883,0.54574,25.0317,1.00058,4.57984,4.81361,SPOT_UNSTABLE|KV_ASSOC
11.360000,kv-ripple,49.25509,0.200209,0.49852,25.0211,0.99916,4.55409,4.81403,SPOT_UNSTABLE|KV_ASSOC
11.370000,kv-ripple,49.25724,0.200174,0.50791,25.0217,0.99969,4.55999,4.80986,SPOT_UNSTABLE|KV_ASSOC
11.380000,kv-ripple,49.24412,0.199978,0.54474,25.0294,1.00124,4.54773,4.79244,SPOT_UNSTABLE|KV_ASSOC
11.390000,kv-ripple,49.27276,0.199937,0.47651,25.0326,0.99950,4.54734,4.81747,SPOT_UNSTABLE|KV_ASSOC
11.400000,kv-ripple,49.28344,0.200261,0.53332,25.0285,0.99965,4.58589,4.80533,SPOT_UNSTABLE|KV_ASSOC
11.410000,kv-ripple,49.31474,0.199953,0.45490,25.0240,1.00061,4.58815,4.84081,SPOT_UNSTABLE|KV_ASSOC
11.420000,kv-ripple,49.36604,0.199693,0.50400,25.0326,1.00146,4.62351,4.86131,SPOT_UNSTABLE|KV_ASSOC
11.430000,kv-ripple,49.41678,0.200414,0.52744,25.0142,1.00047,4.65716,4.85555,SPOT_UNSTABLE|KV_ASSOC
11.440000,kv-ripple,49.48889,0.200387,0.49543,25.0155,0.99984,4.70490,4.88152,SPOT_UNSTABLE|KV_ASSOC
11.450000,kv-ripple,49.56575,0.200483,0.45843,25.0309,1.00129,4.72145,4.91965,SPOT_UNSTABLE|KV_ASSOC
11.460000,kv-ripple,49.63809,0.199570,0.45668,25.0188,0.99814,4.77502,4.95117,SPOT_UNSTABLE|KV_ASSOC
11.470000,kv-ripple,49.71614,0.200363,0.49886,25.0308,0.99968,4.83614,4.99254,SPOT_UNSTABLE|KV_ASSOC
11.480000,kv-ripple,49.81236,0.200425,0.50035,25.0207,1.00185,4.88755,5.03250,SPOT_UNSTABLE|KV_ASSOC
11.490000,kv-ripple,49.90227,0.200325,0.53395,25.0303,0.99836,4.95783,5.05959,SPOT_UNSTABLE|KV_ASSOC
11.500000,kv-ripple,49.99064,0.199875,0.53584,25.0311,0.99916,5.01155,5.10891,SPOT_UNSTABLE|KV_ASSOC
11.510000,kv-ripple,50.08726,0.200297,0.47454,25.0204,0.99864,5.05408,5.14873,SPOT_UNSTABLE|KV_ASSOC
11.520000,kv-ripple,50.19329,0.200244,0.53627,25.0197,0.99892,5.11583,5.16603,SPOT_UNSTABLE|KV_ASSOC
11.530000,kv-ripple,50.27304,0.199707,0.53226,25.0317,1.00176,5.15644,5.21750,SPOT_UNSTABLE|KV_ASSOC
11.540000,kv-ripple,50.36287,0.199557,0.51047,25.0207,1.00048,5.20358,5.23124,SPOT_UNSTABLE|KV_ASSOC
11.550000,kv-ripple,50.44239,0.200031,0.48090,25.0243,1.00062,5.25905,5.27465,SPOT_UNSTABLE|KV_ASSOC
11.560000,kv-ripple,50.50367,0.199754,0.45257,25.0189,0.99986,5.30517,5.29895,SPOT_UNSTABLE|KV_ASSOC
11.570000,kv-ripple,50.58294,0.200305,0.49827,25.0165,1.00157,5.34963,5.32741,SPOT_UNSTABLE|KV_ASSOC
11.580000,kv-ripple,50.62782,0.199801,0.45799,25.0303,1.00151,5.37647,5.36799,SPOT_UNSTABLE|KV_ASSOC
11.590000,kv-ripple,50.67538,0.199501,0.46199,25.0166,1.00134,5.39393,5.36502,SPOT_UNSTABLE|KV_ASSOC
11.600000,kv-ripple,50.70388,0.199771,0.50662,25.0185,0.99867,5.42074,5.40004,SPOT_UNSTABLE|KV_ASSOC
11.610000,kv-ripple,50.74587,0.200457,0.54464,25.0141,1.00050,5.45269,5.39876,SPOT_UNSTABLE|KV_ASSOC
11.620000,kv-ripple,50.74938,0.199860,0.45376,25.0285,1.00144,5.45563,5.38809,SPOT_UNSTABLE|KV_ASSOC
11.630000,kv-ripple,50.74558,0.199781,0.47484,25.0249,1.00087,5.44145,5.38985,SPOT_UNSTABLE|KV_ASSOC
11.640000,kv-ripple,50.73688,0.200143,0.51739,25.0247,0.99830,5.44993,5.38091,SPOT_UNSTABLE|KV_ASSOC
11.650000,kv-ripple,50.72169,0.200182,0.50753,25.0332,1.00171,5.43237,5.38610,SPOT_UNSTABLE|KV_ASSOC
11.660000,kv-ripple,50.67050,0.200227,0.53834,25.0152,0.99801,5.40976,5.37802,SPOT_UNSTABLE|KV_ASSOC
11.670000,kv-ripple,50.64306,0.199802,0.53499,25.0232,1.00135,5.39297,5.34834,SPOT_UNSTABLE|KV_ASSOC
11.680000,kv-ripple,50.58303,0.199842,0.49914,25.0307,0.99828,5.35712,5.31840,SPOT_UNSTABLE|KV_ASSOC
11.690000,kv-ripple,50.51342,0.199587,0.47674,25.0253,0.99870,5.29375,5.29495,SPOT_UNSTABLE|KV_ASSOC
11.700000,kv-ripple,50.43810,0.200421,0.54852,25.0222,0.99922,5.27764,5.27066,SPOT_UNSTABLE|KV_ASSOC
11.710000,kv-ripple,50.36499,0.200496,0.46670,25.0272,0.99920,5.22468,5.23920,SPOT_UNSTABLE|KV_ASSOC
11.720000,kv-ripple,50.28466,0.199905,0.47379,25.0154,1.00147,5.15533,5.22075,SPOT_UNSTABLE|KV_ASSOC
11.730000,kv-ripple,50.18837,0.199552,0.51729,25.0212,0.99891,5.12318,5.18658,SPOT_UNSTABLE|KV_ASSOC
11.740000,kv-ripple,50.09780,0.199949,0.52308,25.0192,0.99920,5.05238,5.15079,SPOT_UNSTABLE|KV_ASSOC
11.750000,kv-ripple,50.00055,0.200344,0.53773,25.0247,0.99847,5.00365,5.10969,SPOT_UNSTABLE|KV_ASSOC
11.760000,kv-ripple,49.89726,0.200425,0.48531,25.0317,0.99960,4.93827,5.06816,SPOT_UNSTABLE|KV_ASSOC
11.770000,kv-ripple,49.81437,0.199774,0.52469,25.0262,1.00169,4.89490,5.02334,SPOT_UNSTABLE|KV_ASSOC
11.780000,kv-ripple,49.71896,0.200243,0.51922,25.0191,0.99892,4.82648,4.99232,SPOT_UNSTABLE|KV_ASSOC
11.790000,kv-ripple,49.62952,0.199577,0.48319,25.0194,1.00025,4.77586,4.96422,SPOT_UNSTABLE|KV_ASSOC
11.800000,kv-ripple,49.55183,0.200008,0.46460,25.0204,0.99867,4.72594,4.93685,SPOT_UNSTABLE|KV_ASSOC
11.810000,kv-ripple,49.49017,0.199551,0.48116,25.0244,1.00046,4.68743,4.90478,SPOT_UNSTABLE|KV_ASSOC
11.820000,kv-ripple,49.41854,0.199609,0.50051,25.0233,1.00109,4.65010,4.87062,SPOT_UNSTABLE|KV_ASSOC
11.830000,kv-ripple,49.36717,0.199508,0.54832,25.0318,1.00032,4.61661,4.83179,SPOT_UNSTABLE|KV_ASSOC
11.840000,kv-ripple,49.32021,0.200350,0.51832,25.0333,0.99815,4.58507,4.81447,SPOT_UNSTABLE|KV_ASSOC
11.850000,kv-ripple,49.29582,0.199903,0.50483,25.0299,0.99952,4.58482,4.81263,SPOT_UNSTABLE|KV_ASSOC
11.860000,kv-ripple,49.25864,0.200489,0.48238,25.0306,1.00155,4.55316,4.81160,SPOT_UNSTABLE|KV_ASSOC
11.870000,kv-ripple,49.25435,0.199719,0.50477,25.0258,1.00045,4.54276,4.78967,SPOT_UNSTABLE|KV_ASSOC
11.880000,kv-ripple,49.26112,0.199883,0.54004,25.0327,0.99882,4.56444,4.80209,SPOT_UNSTABLE|KV_ASSOC
11.890000,kv-ripple,49.25464,0.199897,0.50923,25.0233,1.00150,4.56571,4.79120,SPOT_UNSTABLE|KV_ASSOC
11.900000,kv-ripple,49.27795,0.199586,0.54614,25.0207,1.00087,4.55999,4.82687,SPOT_UNSTABLE|KV_ASSOC
11.910000,kv-ripple,49.31659,0.200105,0.52006,25.0140,0.99929,4.59299,4.83805,SPOT_UNSTABLE|KV_ASSOC
11.920000,kv-ripple,49.36945,0.199643,0.46724,25.0180,0.99935,4.62211,4.84595,SPOT_UNSTABLE|KV_ASSOC
11.930000,kv-ripple,49.42269,0.200274,0.51524,25.0214,1.00180,4.66016,4.87622,SPOT_UNSTABLE|KV_ASSOC
11.940000,kv-ripple,49.48146,0.199644,0.45727,25.0253,1.00033,4.68180,4.88125,SPOT_UNSTABLE|KV_ASSOC
11.950000,kv-ripple,49.55991,0.199999,0.48504,25.0203,0.99817,4.72962,4.91762,SPOT_UNSTABLE|KV_ASSOC
11.960000,kv-ripple,49.63437,0.199786,0.53253,25.0182,0.99835,4.78789,4.94839,SPOT_UNSTABLE|KV_ASSOC
11.970000,kv-ripple,49.72468,0.199753,0.48266,25.0305,1.00000,4.82056,4.99255,SPOT_UNSTABLE|KV_ASSOC
11.980000,kv-ripple,49.81547,0.199934,0.54912,25.0283,0.99984,4.87861,5.02569,SPOT_UNSTABLE|KV_ASSOC
11.990000,kv-ripple,49.91339,0.199866,0.52884,25.0237,1.00193,4.94114,5.06829,SPOT_UNSTABLE|KV_ASSOC
