time_s,scenario,kv_meas,tube_ma,return_ua,temp_c,flux,spot_x_um,spot_y_um,flags
0.000000,leakage,50.00308,0.199971,0.54153,24.9936,1.00190,4.98719,5.10883,NONE
0.010000,leakage,49.99716,0.199819,0.47565,24.9919,1.00078,4.99902,5.09849,NONE
0.020000,leakage,50.00450,0.200358,0.58970,24.9946,1.00077,5.00943,5.11486,NONE
0.030000,leakage,49.99640,0.200076,0.56037,25.0026,0.99833,5.02421,5.12648,NONE
0.040000,leakage,49.99470,0.200005,0.58389,25.0051,1.00085,5.03142,5.12150,NONE
0.050000,leakage,50.00723,0.199544,0.60131,24.9960,1.00068,5.02847,5.11905,NONE
0.060000,leakage,50.00494,0.200078,0.64932,25.0100,0.99949,5.02898,5.12536,NONE
0.070000,leakage,50.00544,0.200147,0.69961,24.9933,1.00081,5.04295,5.11832,NONE
0.080000,leakage,49.99951,0.200153,0.72998,24.9985,0.99952,5.05829,5.13751,NONE
0.090000,leakage,50.00575,0.199880,0.73438,25.0089,1.00018,5.05484,5.12935,NONE
0.100000,leakage,49.99688,0.199605,0.72087,24.9939,0.99800,5.05511,5.12943,NONE
0.110000,leakage,49.99529,0.200488,0.78806,24.9909,1.00030,5.06242,5.15453,NONE
0.120000,leakage,50.00706,0.200469,0.84110,24.9930,0.99862,5.06627,5.15644,NONE
0.130000,leakage,49.99944,0.200094,0.84125,24.9913,0.99820,5.07066,5.14561,NONE
0.140000,leakage,50.00120,0.200115,0.86822,24.9956,1.00041,5.09374,5.15130,NONE
0.150000,leakage,49.99702,0.200254,0.88717,24.9931,1.00085,5.07523,5.15475,NONE
0.160000,leakage,49.99193,0.200459,0.91315,25.0014,1.00118,5.07990,5.16444,NONE
0.170000,leakage,50.00147,0.199952,0.97259,25.0030,0.99989,5.09523,5.17878,NONE
0.180000,leakage,50.00795,0.199948,0.92668,24.9976,0.99916,5.10133,5.16655,NONE
0.190000,leakage,49.99474,0.200240,1.00249,24.9936,0.99992,5.11758,5.18180,NONE
0.200000,leakage,49.99874,0.200257,0.97329,25.0015,1.00062,5.11467,5.17269,NONE
0.210000,leakage,49.99330,0.199992,1.05680,25.0092,1.00101,5.12379,5.17905,NONE
0.220000,leakage,50.00215,0.200038,1.01812,24.9989,1.00138,5.13322,5.20976,NONE
0.230000,leakage,50.00197,0.200281,1.11527,25.0078,0.99948,5.14247,5.20017,NONE
0.240000,leakage,49.99495,0.200329,1.12875,25.0051,1.00166,5.12397,5.18955,NONE
0.250000,leakage,50.00257,0.199666,1.07726,24.9943,1.00089,5.13176,5.20012,NONE
0.260000,leakage,50.00035,0.199812,1.12678,25.0071,1.00190,5.14410,5.20279,NONE
0.270000,leakage,49.99119,0.199791,1.15326,25.0006,0.99929,5.14544,5.22276,NONE
0.280000,leakage,49.99355,0.200144,1.21611,25.0049,0.99913,5.16978,5.23497,NONE
0.290000,leakage,49.99288,0.199719,1.20027,24.9966,1.00135,5.14845,5.22231,NONE
0.300000,leakage,50.00253,0.199615,1.19658,25.0004,1.00055,5.18044,5.21594,NONE
0.310000,leakage,50.00531,0.199936,1.23028,25.0015,1.00053,5.17114,5.24376,NONE
0.320000,leakage,49.99291,0.200476,1.32441,24.9991,1.00052,5.16586,5.24262,NONE
0.330000,leakage,50.00635,0.200398,1.34627,24.9980,0.99851,5.18233,5.25085,NONE
0.340000,leakage,50.00918,0.199937,1.33603,25.0037,1.00194,5.18284,5.23139,NONE
0.350000,leakage,50.00412,0.200173,1.30943,24.9959,1.00087,5.19656,5.26274,NONE
0.360000,leakage,50.00592,0.200268,1.39079,25.0022,0.99919,5.19978,5.24330,NONE
0.370000,leakage,50.00499,0.200374,1.42111,25.0103,0.99897,5.20742,5.26324,NONE
0.380000,leakage,49.99810,0.200006,1.44155,25.0086,1.00139,5.21330,5.25608,NONE
0.390000,leakage,50.00454,0.200131,1.46941,25.0048,0.99930,5.22415,5.26253,NONE
0.400000,leakage,49.99570,0.200215,1.49180,24.9944,0.99835,5.22799,5.27024,NONE
0.410000,leakage,50.00179,0.200464,1.44993,25.0044,1.00126,5.21774,5.27714,NONE
0.420000,leakage,50.00070,0.199540,1.47522,24.9917,1.00132,5.22005,5.28840,NONE
0.430000,leakage,49.99774,0.200085,1.57885,24.9915,1.00173,5.23569,5.28116,NONE
0.440000,leakage,49.99991,0.199502,1.57899,25.0053,0.99845,5.22490,5.27464,NONE
0.450000,leakage,49.99741,0.199527,1.58057,24.9923,1.00003,5.24441,5.27764,NONE
0.460000,leakage,50.00249,0.199700,1.55781,24.9914,0.99956,5.26022,5.28088,NONE
0.470000,leakage,49.99193,0.200485,1.60818,25.0000,0.99981,5.26505,5.30545,NONE
0.480000,leakage,49.99100,0.200361,1.63216,24.9957,0.99826,5.25533,5.28718,NONE
0.490000,leakage,50.00347,0.200136,1.64879,24.9992,0.99990,5.26751,5.29031,NONE
0.500000,leakage,49.99732,0.199543,1.66313,25.0073,1.00001,5.27789,5.30830,NONE
0.510000,leakage,49.99392,0.200298,1.73378,24.9917,0.99985,5.25573,5.32146,NONE
0.520000,leakage,50.00449,0.200375,1.72880,25.0037,1.00030,5.27636,5.31891,NONE
0.530000,leakage,49.99838,0.199890,1.72260,25.0058,0.99837,5.29204,5.32408,NONE
0.540000,leakage,49.99028,0.199526,1.72456,24.9929,1.00113,5.28270,5.31827,NONE
0.550000,leakage,50.00813,0.200130,1.81415,24.9956,1.00031,5.27653,5.32437,NONE
0.560000,leakage,49.99258,0.199689,1.75295,25.0083,1.00065,5.29275,5.31209,NONE
0.570000,leakage,50.00660,0.200470,1.76765,25.0060,0.99881,5.29519,5.33510,NONE
0.580000,leakage,50.00875,0.199855,1.78975,24.9946,0.99867,5.31170,5.31890,NONE
0.590000,leakage,49.99637,0.200370,1.84271,25.0093,1.00083,5.29587,5.33805,NONE
0.600000,leakage,50.00507,0.199568,1.89216,25.0057,1.00023,5.29719,5.33945,NONE
0.610000,leakage,49.99732,0.199803,1.90106,24.9931,0.99891,5.29937,5.34071,NONE
0.620000,leakage,50.00636,0.199721,1.88435,24.9982,1.00001,5.31465,5.33548,NONE
0.630000,leakage,50.00688,0.199839,1.90692,24.9939,0.99909,5.31337,5.35188,SPOT_UNSTABLE|LEAKAGE_ASSOC
0.640000,leakage,50.00503,0.199954,1.89581,25.0031,0.99915,5.33430,5.35761,SPOT_UNSTABLE|LEAKAGE_ASSOC
0.650000,leakage,50.00345,0.199943,1.92586,25.0087,1.00154,5.32299,5.36985,SPOT_UNSTABLE|LEAKAGE_ASSOC
0.660000,leakage,50.00955,0.199728,1.97082,25.0071,1.00073,5.32026,5.34571,SPOT_UNSTABLE|LEAKAGE_ASSOC
0.670000,leakage,50.00605,0.199677,2.00851,24.9931,1.00075,5.33422,5.36007,SPOT_UNSTABLE|LEAKAGE_ASSOC
0.680000,leakage,49.99124,0.199962,1.99335,24.9951,1.00146,5.34489,5.35780,SPOT_UNSTABLE|LEAKAGE_ASSOC
0.690000,leakage,50.00688,0.199524,2.06308,24.9946,0.99944,5.32867,5.36378,SPOT_UNSTABLE|LEAKAGE_ASSOC
0.700000,leakage,50.00146,0.200058,2.01316,25.0022,0.99860,5.34873,5.38062,SPOT_UNSTABLE|LEAKAGE_ASSOC
0.710000,leakage,49.99118,0.200457,2.02433,25.0080,1.00046,5.33972,5.36603,SPOT_UNSTABLE|LEAKAGE_ASSOC
0.720000,leakage,50.00461,0.200475,2.09575,24.9961,1.00189,5.35427,5.38488,SPOT_UNSTABLE|LEAKAGE_ASSOC
0.730000,leakage,50.00096,0.199903,2.12388,24.9968,0.99869,5.35574,5.38858,SPOT_UNSTABLE|LEAKAGE_ASSOC
0.740000,leakage,50.00275,0.200163,2.08355,24.9963,1.00168,5.35306,5.38559,SPOT_UNSTABLE|LEAKAGE_ASSOC
0.750000,leakage,50.00789,0.199754,2.11274,25.0065,1.00136,5.35481,5.37204,SPOT_UNSTABLE|LEAKAGE_ASSOC
0.760000,leakage,50.00085,0.200258,2.12883,25.0049,0.99979,5.37601,5.38280,NONE
0.770000,leakage,50.00612,0.200340,2.18876,25.0085,0.99848,5.37165,5.38824,NONE
0.780000,leakage,49.99406,0.200041,2.17183,25.0066,0.99976,5.35945,5.40352,NONE
0.790000,leakage,50.00048,0.199654,2.19495,24.9917,1.00106,5.39075,5.38187,NONE
0.800000,leakage,49.99643,0.200282,2.17161,25.0052,0.99801,5.37022,5.40232,NONE
0.810000,leakage,49.99958,0.199837,2.18607,25.0110,1.00194,5.37432,5.39491,NONE
0.820000,leakage,50.00988,0.200386,2.18369,25.0054,1.00166,5.38434,5.38982,NONE
0.830000,leakage,50.00869,0.199948,2.26629,24.9967,1.00143,5.37890,5.39138,NONE
0.840000,leakage,50.00022,0.200151,2.19837,25.0068,1.00175,5.39253,5.39423,NONE
0.850000,leakage,50.00504,0.200485,2.28707,24.9924,1.00160,5.38497,5.41001,NONE
0.860000,leakage,49.99841,0.200162,2.23867,25.0023,1.00194,5.40324,5.41599,NONE
0.870000,leakage,50.00934,0.199979,2.31681,24.9996,1.00034,5.39869,5.40997,NONE
0.880000,leakage,50.00781,0.199827,2.24773,25.0030,1.00136,5.38785,5.40893,NONE
0.890000,leakage,49.99341,0.200440,2.25968,25.0097,1.00043,5.39840,5.40783,NONE
0.900000,leakage,50.00714,0.200390,2.30371,25.0104,1.00120,5.41410,5.40659,NONE
0.910000,leakage,50.00629,0.200388,2.36618,24.9967,1.00045,5.40074,5.41281,NONE
0.920000,leakage,50.00074,0.200069,2.36726,24.9973,0.99991,5.41022,5.41062,NONE
0.930000,leakage,49.99031,0.199873,2.34802,25.0060,1.00180,5.42528,5.41028,NONE
0.940000,leakage,49.99890,0.200217,2.32334,24.9976,1.00167,5.40529,5.42146,NONE
0.950000,leakage,49.99714,0.200239,2.34234,24.9988,0.99941,5.43326,5.43170,NONE
0.960000,leakage,49.99796,0.200250,2.40693,25.0058,0.99954,5.40772,5.42183,NONE
0.970000,leakage,49.99156,0.199513,2.37018,24.9978,0.99934,5.40857,5.43943,NONE
0.980000,leakage,50.00789,0.199528,2.43236,25.0065,1.00034,5.43588,5.43277,NONE
0.990000,leakage,49.99004,0.200260,2.35871,24.9968,0.99849,5.43765,5.42959,NONE
1.000000,leakage,49.99155,0.200483,2.35998,24.9994,1.00155,5.42879,5.43162,NONE
1.010000,leakage,49.99227,0.199643,2.45106,24.9947,0.99824,5.43344,5.43160,NONE
1.020000,leakage,49.99063,0.199689,2.46199,24.9936,0.99918,5.44337,5.44398,NONE
1.030000,leakage,50.00920,0.200181,2.46964,25.0120,0.99997,5.42645,5.45147,NONE
1.040000,leakage,50.00389,0.200220,2.47463,24.9990,1.00009,5.43389,5.43827,NONE
1.050000,leakage,50.00077,0.199653,2.43279,24.9959,1.00070,5.42785,5.44442,NONE
1.060000,leakage,49.99132,0.200179,2.47540,25.0016,1.00088,5.45151,5.42512,NONE
1.070000,leakage,49.99243,0.200404,2.40876,25.0085,1.00034,5.42451,5.44174,NONE
1.080000,leakage,50.00864,0.199762,2.48494,25.0016,0.99850,5.43393,5.43462,NONE
1.090000,leakage,49.99314,0.199515,2.42973,24.9952,1.00124,5.44827,5.44587,NONE
1.100000,leakage,50.00629,0.200190,2.49361,25.0054,0.99939,5.44845,5.44660,NONE
1.110000,leakage,50.00908,0.200493,2.43992,25.0113,0.99964,5.43166,5.44581,NONE
1.120000,leakage,50.00251,0.200326,2.43438,24.9983,0.99805,5.45436,5.45197,NONE
1.130000,leakage,50.00928,0.199779,2.52025,25.0111,0.99851,5.43257,5.45155,NONE
1.140000,leakage,49.99746,0.200471,2.49759,24.9955,0.99998,5.44269,5.44086,NONE
1.150000,leakage,49.99206,0.200214,2.47542,24.9992,0.99997,5.43258,5.45098,NONE
1.160000,leakage,50.00010,0.199612,2.49057,25.0121,0.99828,5.46127,5.45577,NONE
1.170000,leakage,49.99657,0.199964,2.49259,25.0012,0.99942,5.43962,5.43422,NONE
1.180000,leakage,50.00917,0.199968,2.51767,25.0095,1.00002,5.46223,5.43913,NONE
1.190000,leakage,50.00209,0.200111,2.54123,25.0042,0.99950,5.45727,5.44931,NONE
1.200000,leakage,50.00906,0.200037,2.47448,25.0077,1.00062,5.45352,5.46384,NONE
1.210000,leakage,49.99193,0.200447,2.48684,25.0090,1.00004,5.45262,5.45695,NONE
1.220000,leakage,50.00835,0.200069,2.54597,25.0053,0.99895,5.44940,5.45760,NONE
1.230000,leakage,50.00781,0.199855,2.49381,24.9984,1.00111,5.46277,5.44267,NONE
1.240000,leakage,50.00763,0.200055,2.45265,25.0099,1.00043,5.45217,5.45545,NONE
1.250000,leakage,49.99832,0.200199,2.50035,25.0116,1.00123,5.45077,5.43875,NONE
1.260000,leakage,49.99255,0.200474,2.53301,24.9972,0.99907,5.46155,5.44526,NONE
1.270000,leakage,49.99014,0.199844,2.51839,25.0096,0.99980,5.44454,5.44749,NONE
1.280000,leakage,49.99178,0.200227,2.46591,24.9937,1.00123,5.45629,5.45707,NONE
1.290000,leakage,49.99655,0.199996,2.44867,25.0070,1.00146,5.44109,5.43925,NONE
1.300000,leakage,49.99554,0.200024,2.45431,24.9974,0.99929,5.45531,5.44269,NONE
1.310000,leakage,50.00425,0.199796,2.46317,24.9950,0.99817,5.44319,5.44457,NONE
1.320000,leakage,50.00431,0.199989,2.49283,25.0120,0.99817,5.44136,5.44799,NONE
1.330000,leakage,49.99832,0.199955,2.49928,24.9991,0.99863,5.45029,5.43611,NONE
1.340000,leakage,50.00528,0.199994,2.45793,24.9951,1.00151,5.43962,5.44909,NONE
1.350000,leakage,49.99776,0.200311,2.48928,25.0065,1.00003,5.44988,5.43644,NONE
1.360000,leakage,50.00275,0.200255,2.47158,24.9950,0.99871,5.45432,5.45663,NONE
1.370000,leakage,49.99156,0.200497,2.52022,25.0088,1.00162,5.45327,5.43671,NONE
1.380000,leakage,49.99376,0.199686,2.42891,25.0056,0.99800,5.43994,5.43188,NONE
1.390000,leakage,50.00835,0.199648,2.44119,25.0056,1.00142,5.43116,5.45249,NONE
1.400000,leakage,50.00866,0.200304,2.42846,24.9964,1.00124,5.44657,5.44588,NONE
1.410000,leakage,49.99384,0.200110,2.41087,25.0003,1.00105,5.43322,5.45302,NONE
1.420000,leakage,50.00361,0.200341,2.43156,25.0109,1.00116,5.44420,5.44098,NONE
1.430000,leakage,50.00946,0.200187,2.46720,25.0123,0.99919,5.43153,5.43950,NONE
1.440000,leakage,50.00510,0.199612,2.48667,25.0098,1.00185,5.42392,5.43310,NONE
1.450000,leakage,49.99486,0.199515,2.40708,24.9999,0.99819,5.44501,5.44604,NONE
1.460000,leakage,50.00092,0.199678,2.41553,24.9954,0.99816,5.44773,5.43737,NONE
1.470000,leakage,49.99737,0.200320,2.44464,24.9946,0.99834,5.41953,5.43280,NONE
1.480000,leakage,49.99487,0.199552,2.45362,25.0024,1.00001,5.41986,5.42827,NONE
1.490000,leakage,49.99402,0.200093,2.37771,25.0072,0.99958,5.44162,5.44363,NONE
1.500000,leakage,50.00925,0.199612,2.39652,25.0062,1.00189,5.42262,5.44280,NONE
1.510000,leakage,49.99820,0.199761,2.38967,24.9941,1.00030,5.42059,5.42062,NONE
1.520000,leakage,49.99635,0.200132,2.41037,24.9979,0.99910,5.43596,5.44087,NONE
1.530000,leakage,50.00391,0.199687,2.35499,25.0050,1.00198,5.41051,5.44331,NONE
1.540000,leakage,50.00427,0.199933,2.34769,24.9944,0.99868,5.43404,5.42531,NONE
1.550000,leakage,49.99809,0.200486,2.35615,25.0050,0.99931,5.40744,5.43184,NONE
1.560000,leakage,49.99936,0.200196,2.35148,25.0058,0.99888,5.41101,5.42391,NONE
1.570000,leakage,49.99564,0.200127,2.36564,24.9996,1.00150,5.41454,5.40876,NONE
1.580000,leakage,49.99378,0.200007,2.36270,24.9947,0.99809,5.41366,5.42259,NONE
1.590000,leakage,50.00527,0.199816,2.35335,25.0098,0.99917,5.41642,5.42476,NONE
1.600000,leakage,50.00812,0.199762,2.34881,24.9999,1.00158,5.40758,5.42080,NONE
1.610000,leakage,50.00712,0.200110,2.25512,25.0058,1.00149,5.40942,5.40655,NONE
1.620000,leakage,49.99292,0.199792,2.27612,25.0097,0.99943,5.39794,5.42258,NONE
1.630000,leakage,49.99719,0.200362,2.23730,25.0010,0.99946,5.40536,5.40215,NONE
1.640000,leakage,50.00354,0.200409,2.23776,25.0117,0.99887,5.40262,5.40842,NONE
1.650000,leakage,50.00003,0.200267,2.22214,24.9992,0.99890,5.40730,5.39698,NONE
1.660000,leakage,50.00913,0.199709,2.25246,25.0078,0.99827,5.39631,5.39854,NONE
1.670000,leakage,49.99132,0.199810,2.25522,25.0012,1.00145,5.39643,5.40506,NONE
1.680000,leakage,50.00198,0.199897,2.24917,25.0129,0.99930,5.39582,5.38711,NONE
1.690000,leakage,49.99649,0.199545,2.20557,25.0008,1.00180,5.39336,5.40034,NONE
1.700000,leakage,49.99652,0.200171,2.17949,25.0102,1.00147,5.38195,5.39296,NONE
1.710000,leakage,50.00297,0.199801,2.14798,25.0013,1.00088,5.37461,5.40568,NONE
1.720000,leakage,49.99279,0.200436,2.13561,25.0024,1.00149,5.38723,5.37593,NONE
1.730000,leakage,49.99141,0.200260,2.19101,25.0047,0.99972,5.37020,5.38765,NONE
1.740000,leakage,50.00450,0.199825,2.12694,25.0053,1.00008,5.36542,5.37238,NONE
1.750000,leakage,49.99864,0.200372,2.14008,24.9983,0.99987,5.35024,5.39691,NONE
1.760000,leakage,50.00162,0.200275,2.06518,25.0013,0.99868,5.35309,5.36881,NONE
1.770000,leakage,50.00143,0.200425,2.12915,25.0060,1.00162,5.37178,5.39219,NONE
1.780000,leakage,49.99020,0.199781,2.05644,24.9967,0.99867,5.36859,5.36273,NONE
1.790000,leakage,49.99825,0.199696,2.07196,25.0039,0.99898,5.34120,5.38373,NONE
1.800000,leakage,49.99183,0.199530,2.08161,25.0022,1.00187,5.35616,5.37514,NONE
1.810000,leakage,49.99631,0.200215,1.98318,25.0080,1.00092,5.35661,5.35573,NONE
1.820000,leakage,50.00943,0.200398,1.99368,25.0131,1.00042,5.33424,5.36211,NONE
1.830000,leakage,50.00476,0.200118,1.95423,24.9944,0.99980,5.33823,5.34897,NONE
1.840000,leakage,50.00123,0.200436,1.95374,25.0053,1.00128,5.33455,5.34534,NONE
1.850000,leakage,50.00390,0.199685,1.94736,24.9968,1.00063,5.31722,5.34090,NONE
1.860000,leakage,50.00585,0.200415,1.89874,24.9967,1.00045,5.31386,5.34560,NONE
1.870000,leakage,50.00458,0.199697,1.94867,25.0025,1.00112,5.32402,5.36390,NONE
1.880000,leakage,49.99615,0.200432,1.86309,24.9985,0.99913,5.32040,5.35974,NONE
1.890000,leakage,50.00435,0.200085,1.90393,25.0120,0.99994,5.32035,5.33857,NONE
1.900000,leakage,50.00310,0.200469,1.89547,25.0069,1.00088,5.29380,5.35416,NONE
1.910000,leakage,50.00722,0.199769,1.80541,25.0133,1.00097,5.30440,5.33092,NONE
1.920000,leakage,49.99019,0.199747,1.80284,25.0043,0.99978,5.28735,5.32672,NONE
1.930000,leakage,49.99479,0.200400,1.81070,25.0113,1.00110,5.28995,5.31668,NONE
1.940000,leakage,50.00949,0.200302,1.74586,25.0071,1.00190,5.28754,5.33703,NONE
1.950000,leakage,49.99763,0.200237,1.81133,25.0134,1.00157,5.28745,5.32385,NONE
1.960000,leakage,49.99982,0.200432,1.78664,24.9987,0.99996,5.27321,5.33315,NONE
1.970000,leakage,49.99020,0.199961,1.73624,25.0091,1.00041,5.28254,5.32445,NONE
1.980000,leakage,50.00996,0.200209,1.68046,25.0021,1.00047,5.27913,5.32485,NONE
1.990000,leakage,49.99964,0.199591,1.72902,25.0066,0.99956,5.27371,5.30822,NONE
2.000000,leakage,49.99392,0.199981,1.69075,24.9976,0.99925,5.26170,5.30803,NONE
2.010000,leakage,49.99152,0.200237,1.68515,24.9948,0.99967,5.27193,5.29324,NONE
2.020000,leakage,50.00506,0.199513,1.62061,25.0016,1.00102,5.24043,5.28787,NONE
2.030000,leakage,49.99391,0.199881,1.63126,24.9941,1.00059,5.23836,5.28192,NONE
2.040000,leakage,49.99953,0.199982,1.57793,25.0037,0.99954,5.24470,5.27770,NONE
2.050000,leakage,49.99687,0.200182,1.58040,25.0020,1.00015,5.23779,5.29315,NONE
2.060000,leakage,50.00153,0.200118,1.55353,25.0099,0.99949,5.24248,5.27132,NONE
2.070000,leakage,49.99899,0.200140,1.56054,25.0034,0.99843,5.24368,5.29366,NONE
2.080000,leakage,49.99105,0.200466,1.47644,25.0007,0.99962,5.23390,5.27820,NONE
2.090000,leakage,49.99690,0.199718,1.49494,25.0054,1.00148,5.22024,5.27167,NONE
2.100000,leakage,50.00432,0.200443,1.44619,25.0053,0.99933,5.20841,5.26752,NONE
2.110000,leakage,50.00866,0.199974,1.46842,25.0134,0.99988,5.19741,5.25465,NONE
2.120000,leakage,49.99485,0.199870,1.41274,24.9975,0.99962,5.20825,5.25819,NONE
2.130000,leakage,50.00014,0.200252,1.34993,25.0044,1.00133,5.18977,5.25824,NONE
2.140000,leakage,50.00452,0.200274,1.40886,25.0001,0.99874,5.18329,5.25173,NONE
2.150000,leakage,50.00423,0.200322,1.31426,25.0105,1.00163,5.19047,5.24583,NONE
2.160000,leakage,50.00682,0.199794,1.32119,24.9983,0.99942,5.20117,5.25326,NONE
2.170000,leakage,49.99928,0.200294,1.32154,25.0012,1.00048,5.18979,5.22627,NONE
2.180000,leakage,50.00311,0.200340,1.24435,24.9953,1.00165,5.17337,5.24627,NONE
2.190000,leakage,50.00508,0.199608,1.22826,25.0123,0.99820,5.16478,5.23119,NONE
2.200000,leakage,50.00473,0.199965,1.27925,25.0132,0.99989,5.16882,5.21974,NONE
2.210000,leakage,49.99437,0.199575,1.22371,25.0038,0.99896,5.16610,5.22135,NONE
2.220000,leakage,49.99512,0.199653,1.14378,25.0096,1.00193,5.14507,5.22492,NONE
2.230000,leakage,50.00601,0.199769,1.16819,25.0042,1.00123,5.15928,5.22444,NONE
2.240000,leakage,50.00274,0.200092,1.14158,25.0130,1.00080,5.15842,5.21396,NONE
2.250000,leakage,49.99388,0.200238,1.15894,25.0086,0.99803,5.13546,5.20222,NONE
2.260000,leakage,50.00379,0.199911,1.11492,25.0076,0.99915,5.12110,5.21718,NONE
2.270000,leakage,49.99470,0.199906,1.02478,24.9960,0.99928,5.14028,5.19456,NONE
2.280000,leakage,50.00030,0.199518,1.07157,24.9949,0.99862,5.13307,5.20012,NONE
2.290000,leakage,49.99944,0.199997,1.05435,25.0058,0.99958,5.12273,5.18828,NONE
2.300000,leakage,49.99964,0.199513,0.95393,24.9971,1.00141,5.10921,5.19939,NONE
2.310000,leakage,50.00781,0.199523,0.95526,25.0129,1.00029,5.10908,5.17253,NONE
2.320000,leakage,50.00246,0.199857,0.99359,25.0108,0.99974,5.10681,5.18769,NONE
2.330000,leakage,50.00542,0.200341,0.92515,25.0115,0.99974,5.08360,5.17513,NONE
2.340000,leakage,50.00394,0.199981,0.89652,25.0098,0.99967,5.08592,5.17723,NONE
2.350000,leakage,50.00911,0.199610,0.84984,24.9981,0.99996,5.07782,5.15977,NONE
2.360000,leakage,49.99391,0.200026,0.81454,24.9965,0.99850,5.08149,5.14639,NONE
2.370000,leakage,50.00901,0.200167,0.83280,24.9986,0.99826,5.06756,5.15698,NONE
2.380000,leakage,50.00132,0.199835,0.80950,25.0050,0.99901,5.05557,5.15168,SPOT_UNSTABLE|LEAKAGE_ASSOC
2.390000,leakage,49.99817,0.200034,0.76079,25.0119,1.00016,5.05183,5.13555,SPOT_UNSTABLE|LEAKAGE_ASSOC
2.400000,leakage,49.99393,0.200351,0.78803,25.0026,1.00156,5.06428,5.14486,SPOT_UNSTABLE|LEAKAGE_ASSOC
2.410000,leakage,49.99201,0.200432,0.72992,25.0021,0.99854,5.04291,5.15242,SPOT_UNSTABLE|LEAKAGE_ASSOC
2.420000,leakage,49.99133,0.200218,0.70850,25.0012,1.00125,5.03230,5.14790,SPOT_UNSTABLE|LEAKAGE_ASSOC
2.430000,leakage,50.00287,0.199987,0.64876,25.0147,0.99860,5.04422,5.13888,SPOT_UNSTABLE|LEAKAGE_ASSOC
2.440000,leakage,50.00435,0.199663,0.61974,24.9960,1.00180,5.03224,5.11592,SPOT_UNSTABLE|LEAKAGE_ASSOC
2.450000,leakage,50.00003,0.199703,0.60926,24.9995,1.00176,5.01358,5.10738,SPOT_UNSTABLE|LEAKAGE_ASSOC
2.460000,leakage,49.99340,0.199827,0.61295,25.0060,0.99832,5.01004,5.10414,SPOT_UNSTABLE|LEAKAGE_ASSOC
2.470000,leakage,49.99433,0.200469,0.52615,25.0080,0.99999,5.00599,5.10730,SPOT_UNSTABLE|LEAKAGE_ASSOC
2.480000,leakage,50.00781,0.199561,0.53722,25.0019,1.00164,5.01786,5.09960,SPOT_UNSTABLE|LEAKAGE_ASSOC
2.490000,leakage,49.99023,0.199697,0.49881,25.0130,1.00003,5.01467,5.09669,SPOT_UNSTABLE|LEAKAGE_ASSOC
2.500000,leakage,50.00514,0.199922,0.47421,24.9974,1.00097,4.99332,5.08512,SPOT_UNSTABLE|LEAKAGE_ASSOC
2.510000,leakage,50.00767,0.200042,0.50207,25.0110,0.99973,4.98247,5.09284,SPOT_UNSTABLE|LEAKAGE_ASSOC
2.520000,leakage,49.99842,0.200265,0.47280,25.0065,0.99866,4.98699,5.08183,SPOT_UNSTABLE|LEAKAGE_ASSOC
2.530000,leakage,50.00343,0.200179,0.47031,25.0030,0.99803,4.97122,5.08320,SPOT_UNSTABLE|LEAKAGE_ASSOC
2.540000,leakage,49.99847,0.200496,0.43777,24.9975,1.00005,4.98890,5.09203,SPOT_UNSTABLE|LEAKAGE_ASSOC
2.550000,leakage,49.99695,0.200338,0.35870,24.9970,1.00053,4.97439,5.07277,SPOT_UNSTABLE|LEAKAGE_ASSOC
2.560000,leakage,49.99211,0.199720,0.33285,24.9990,0.99946,4.96797,5.08489,SPOT_UNSTABLE|LEAKAGE_ASSOC
2.570000,leakage,50.00152,0.199825,0.35337,25.0107,0.99805,4.95237,5.06083,SPOT_UNSTABLE|LEAKAGE_ASSOC
2.580000,leakage,50.00341,0.199870,0.32544,25.0030,0.99897,4.95598,5.06855,SPOT_UNSTABLE|LEAKAGE_ASSOC
2.590000,leakage,49.99781,0.200054,0.31364,24.9982,0.99893,4.94929,5.05030,SPOT_UNSTABLE|LEAKAGE_ASSOC
2.600000,leakage,50.00870,0.199888,0.25193,25.0035,1.00079,4.93858,5.06272,SPOT_UNSTABLE|LEAKAGE_ASSOC
2.610000,leakage,49.99618,0.199915,0.27226,25.0091,0.99990,4.95023,5.06547,SPOT_UNSTABLE|LEAKAGE_ASSOC
2.620000,leakage,49.99408,0.200278,0.24859,25.0014,1.00072,4.93010,5.05003,SPOT_UNSTABLE|LEAKAGE_ASSOC
2.630000,leakage,49.99623,0.200428,0.14802,25.0112,1.00010,4.91658,5.03786,SPOT_UNSTABLE|LEAKAGE_ASSOC
2.640000,leakage,50.00308,0.200391,0.15521,25.0108,1.00179,4.91447,5.03196,SPOT_UNSTABLE|LEAKAGE_ASSOC
2.650000,leakage,49.99979,0.199952,0.14770,25.0096,1.00055,4.91073,5.02509,SPOT_UNSTABLE|LEAKAGE_ASSOC
2.660000,leakage,49.99677,0.200234,0.08815,25.0091,1.00178,4.91339,5.02029,SPOT_UNSTABLE|LEAKAGE_ASSOC
2.670000,leakage,50.00682,0.200413,0.10497,25.0026,0.99997,4.89712,5.03322,SPOT_UNSTABLE|LEAKAGE_ASSOC
2.680000,leakage,50.00752,0.199922,0.07769,25.0081,1.00029,4.91059,5.00688,SPOT_UNSTABLE|LEAKAGE_ASSOC
2.690000,leakage,49.99448,0.199587,0.03079,25.0137,0.99906,4.88082,5.02808,SPOT_UNSTABLE|LEAKAGE_ASSOC
2.700000,leakage,50.00454,0.199729,0.00256,25.0099,0.99862,4.88137,5.00811,SPOT_UNSTABLE|LEAKAGE_ASSOC
2.710000,leakage,50.00916,0.200052,-0.01172,24.9984,0.99893,4.89542,5.01592,SPOT_UNSTABLE|LEAKAGE_ASSOC
2.720000,leakage,49.99238,0.200113,-0.08647,25.0081,0.99921,4.87465,5.00420,SPOT_UNSTABLE|LEAKAGE_ASSOC
2.730000,leakage,50.00029,0.200431,-0.03881,25.0078,1.00162,4.87407,5.00602,SPOT_UNSTABLE|LEAKAGE_ASSOC
2.740000,leakage,50.00835,0.199552,-0.05056,24.9982,1.00087,4.87387,5.00294,SPOT_UNSTABLE|LEAKAGE_ASSOC
2.750000,leakage,49.99544,0.199774,-0.08425,25.0046,1.00028,4.87045,4.99939,SPOT_UNSTABLE|LEAKAGE_ASSOC
2.760000,leakage,49.99733,0.199764,-0.10596,25.0066,1.00179,4.84871,5.00080,SPOT_UNSTABLE|LEAKAGE_ASSOC
2.770000,leakage,50.00830,0.199648,-0.13315,24.9998,0.99823,4.84427,4.99511,SPOT_UNSTABLE|LEAKAGE_ASSOC
2.780000,leakage,49.99902,0.200284,-0.16806,24.9986,0.99896,4.84529,4.96680,SPOT_UNSTABLE|LEAKAGE_ASSOC
2.790000,leakage,50.00812,0.199606,-0.19298,25.0129,0.99964,4.82815,4.97122,SPOT_UNSTABLE|LEAKAGE_ASSOC
2.800000,leakage,49.99044,0.199612,-0.28231,24.9977,0.99984,4.84314,4.97535,SPOT_UNSTABLE|LEAKAGE_ASSOC
2.810000,leakage,50.00974,0.200403,-0.25252,25.0046,0.99988,4.83402,4.95724,SPOT_UNSTABLE|LEAKAGE_ASSOC
2.820000,leakage,50.00006,0.199765,-0.29422,25.0141,0.99842,4.82689,4.95704,SPOT_UNSTABLE|LEAKAGE_ASSOC
2.830000,leakage,49.99076,0.199526,-0.28933,25.0105,1.00049,4.80655,4.95186,SPOT_UNSTABLE|LEAKAGE_ASSOC
2.840000,leakage,49.99712,0.200066,-0.31938,25.0067,0.99977,4.81409,4.96204,SPOT_UNSTABLE|LEAKAGE_ASSOC
2.850000,leakage,49.99705,0.199558,-0.39124,25.0102,1.00169,4.80282,4.95007,SPOT_UNSTABLE|LEAKAGE_ASSOC
2.860000,leakage,49.99588,0.200072,-0.39211,25.0047,0.99833,4.79114,4.96180,SPOT_UNSTABLE|LEAKAGE_ASSOC
2.870000,leakage,50.00068,0.200448,-0.39999,24.9967,1.00001,4.80176,4.92931,SPOT_UNSTABLE|LEAKAGE_ASSOC
2.880000,leakage,50.00618,0.199571,-0.41890,25.0016,1.00036,4.78357,4.93211,SPOT_UNSTABLE|LEAKAGE_ASSOC
2.890000,leakage,49.99766,0.200191,-0.46022,24.9982,0.99903,4.78670,4.94212,SPOT_UNSTABLE|LEAKAGE_ASSOC
2.900000,leakage,50.00501,0.200318,-0.50751,24.9993,1.00044,4.78592,4.92788,SPOT_UNSTABLE|LEAKAGE_ASSOC
2.910000,leakage,49.99669,0.199572,-0.50748,25.0145,0.99842,4.78054,4.91513,SPOT_UNSTABLE|LEAKAGE_ASSOC
2.920000,leakage,50.00527,0.199532,-0.50372,25.0095,1.00127,4.75846,4.92660,SPOT_UNSTABLE|LEAKAGE_ASSOC
2.930000,leakage,50.00665,0.199831,-0.54941,25.0017,0.99992,4.75900,4.92703,SPOT_UNSTABLE|LEAKAGE_ASSOC
2.940000,leakage,49.99326,0.199801,-0.51433,25.0122,1.00033,4.77367,4.92796,SPOT_UNSTABLE|LEAKAGE_ASSOC
2.950000,leakage,50.00060,0.200079,-0.52752,25.0124,0.99803,4.75283,4.92417,SPOT_UNSTABLE|LEAKAGE_ASSOC
2.960000,leakage,50.00280,0.199963,-0.54514,25.0124,0.99820,4.74225,4.91107,SPOT_UNSTABLE|LEAKAGE_ASSOC
2.970000,leakage,50.00902,0.200494,-0.58768,25.0054,0.99872,4.73918,4.91833,SPOT_UNSTABLE|LEAKAGE_ASSOC
2.980000,leakage,50.00622,0.200322,-0.60558,24.9978,1.00102,4.75810,4.91168,SPOT_UNSTABLE|LEAKAGE_ASSOC
2.990000,leakage,49.99560,0.200417,-0.67852,25.0122,0.99918,4.73490,4.89838,SPOT_UNSTABLE|LEAKAGE_ASSOC
3.000000,leakage,49.99853,0.200285,-0.64614,24.9976,1.00164,4.72122,4.88047,SPOT_UNSTABLE|LEAKAGE_ASSOC
3.010000,leakage,50.00772,0.199890,-0.73319,24.9994,1.00061,4.74434,4.89356,SPOT_UNSTABLE|LEAKAGE_ASSOC
3.020000,leakage,50.00595,0.199698,-0.66912,25.0032,0.99856,4.73874,4.87270,SPOT_UNSTABLE|LEAKAGE_ASSOC
3.030000,leakage,49.99023,0.199642,-0.71344,25.0080,1.00117,4.71161,4.87231,SPOT_UNSTABLE|LEAKAGE_ASSOC
3.040000,leakage,49.99005,0.199949,-0.70681,25.0050,1.00109,4.72360,4.88010,SPOT_UNSTABLE|LEAKAGE_ASSOC
3.050000,leakage,49.99811,0.200409,-0.80185,25.0023,0.99960,4.72537,4.88426,SPOT_UNSTABLE|LEAKAGE_ASSOC
3.060000,leakage,50.00158,0.199778,-0.76203,25.0045,1.00191,4.70083,4.86117,SPOT_UNSTABLE|LEAKAGE_ASSOC
3.070000,leakage,50.00127,0.199576,-0.85933,25.0053,1.00158,4.71326,4.87541,SPOT_UNSTABLE|LEAKAGE_ASSOC
3.080000,leakage,50.00733,0.199795,-0.87375,25.0002,1.00177,4.69836,4.85576,SPOT_UNSTABLE|LEAKAGE_ASSOC
3.090000,leakage,49.99510,0.199741,-0.81684,25.0141,1.00183,4.69738,4.87563,SPOT_UNSTABLE|LEAKAGE_ASSOC
3.100000,leakage,50.00839,0.199514,-0.87286,25.0150,0.99874,4.70585,4.84873,SPOT_UNSTABLE|LEAKAGE_ASSOC
3.110000,leakage,49.99397,0.199734,-0.88501,25.0115,0.99988,4.68062,4.85376,SPOT_UNSTABLE|LEAKAGE_ASSOC
3.120000,leakage,49.99253,0.200336,-0.94990,25.0036,1.00175,4.68752,4.85406,SPOT_UNSTABLE|LEAKAGE_ASSOC
3.130000,leakage,50.00363,0.200250,-0.93690,25.0064,0.99867,4.68127,4.84733,SPOT_UNSTABLE|LEAKAGE_ASSOC
3.140000,leakage,49.99510,0.199865,-0.93569,25.0008,0.99932,4.67524,4.85051,SPOT_UNSTABLE|LEAKAGE_ASSOC
3.150000,leakage,50.00308,0.200289,-0.99197,24.9982,1.00079,4.66867,4.84158,SPOT_UNSTABLE|LEAKAGE_ASSOC
3.160000,leakage,50.00725,0.200369,-1.01635,25.0138,0.99836,4.66322,4.84104,SPOT_UNSTABLE|LEAKAGE_ASSOC
3.170000,leakage,50.00858,0.200449,-0.99624,24.9989,0.99953,4.65117,4.84433,SPOT_UNSTABLE|LEAKAGE_ASSOC
3.180000,leakage,50.00411,0.199598,-1.03510,25.0041,1.00020,4.66752,4.84619,SPOT_UNSTABLE|LEAKAGE_ASSOC
3.190000,leakage,50.00313,0.199527,-0.99899,24.9982,1.00138,4.65752,4.83985,SPOT_UNSTABLE|LEAKAGE_ASSOC
3.200000,leakage,49.99439,0.199601,-0.99275,25.0068,1.00192,4.63866,4.82488,SPOT_UNSTABLE|LEAKAGE_ASSOC
3.210000,leakage,50.00507,0.200192,-1.06393,24.9996,0.99888,4.65959,4.82415,SPOT_UNSTABLE|LEAKAGE_ASSOC
3.220000,leakage,49.99431,0.200286,-1.11617,24.9966,1.00195,4.65648,4.82962,SPOT_UNSTABLE|LEAKAGE_ASSOC
3.230000,leakage,50.00140,0.199551,-1.06569,25.0047,0.99922,4.65616,4.82755,SPOT_UNSTABLE|LEAKAGE_ASSOC
3.240000,leakage,50.00686,0.200204,-1.13786,24.9993,0.99963,4.64918,4.80613,SPOT_UNSTABLE|LEAKAGE_ASSOC
3.250000,leakage,49.99490,0.200441,-1.10547,25.0088,1.00125,4.63002,4.81449,SPOT_UNSTABLE|LEAKAGE_ASSOC
3.260000,leakage,50.00122,0.200022,-1.08845,25.0162,1.00050,4.62554,4.81413,SPOT_UNSTABLE|LEAKAGE_ASSOC
3.270000,leakage,49.99197,0.200204,-1.17539,25.0082,0.99969,4.62239,4.79792,SPOT_UNSTABLE|LEAKAGE_ASSOC
3.280000,leakage,50.00022,0.200471,-1.16682,25.0070,1.00161,4.62748,4.80602,SPOT_UNSTABLE|LEAKAGE_ASSOC
3.290000,leakage,50.00034,0.199718,-1.20447,25.0132,1.00094,4.63376,4.81257,SPOT_UNSTABLE|LEAKAGE_ASSOC
3.300000,leakage,49.99403,0.199687,-1.18811,24.9981,1.00036,4.63098,4.80786,SPOT_UNSTABLE|LEAKAGE_ASSOC
3.310000,leakage,49.99433,0.200453,-1.17254,25.0068,1.00168,4.62971,4.80995,SPOT_UNSTABLE|LEAKAGE_ASSOC
3.320000,leakage,49.99167,0.200000,-1.23658,25.0156,0.99809,4.62424,4.81131,SPOT_UNSTABLE|LEAKAGE_ASSOC
3.330000,leakage,49.99097,0.199605,-1.27719,25.0007,0.99803,4.61576,4.79515,SPOT_UNSTABLE|LEAKAGE_ASSOC
3.340000,leakage,49.99433,0.199777,-1.23722,25.0023,0.99941,4.61416,4.78141,SPOT_UNSTABLE|LEAKAGE_ASSOC
3.350000,leakage,50.00500,0.199710,-1.22505,25.0159,1.00187,4.60939,4.78292,NONE
3.360000,leakage,49.99219,0.200072,-1.22631,25.0074,1.00152,4.60328,4.78136,NONE
3.370000,leakage,50.00463,0.199887,-1.28773,25.0128,1.00143,4.61130,4.79559,NONE
3.380000,leakage,50.00627,0.200124,-1.31423,25.0021,0.99945,4.59048,4.77709,NONE
3.390000,leakage,49.99557,0.199837,-1.25684,25.0044,0.99877,4.59362,4.78886,NONE
3.400000,leakage,50.00447,0.200143,-1.31408,25.0090,1.00073,4.60740,4.78078,NONE
3.410000,leakage,50.00839,0.200217,-1.34677,25.0143,0.99868,4.58322,4.77192,NONE
3.420000,leakage,49.99259,0.200027,-1.32483,25.0011,0.99807,4.59005,4.77696,NONE
3.430000,leakage,49.99556,0.199808,-1.37092,25.0104,0.99861,4.59283,4.77587,NONE
3.440000,leakage,50.00345,0.199638,-1.32651,25.0144,0.99889,4.56902,4.76836,NONE
3.450000,leakage,49.99051,0.200404,-1.35157,25.0063,1.00113,4.57656,4.77720,NONE
3.460000,leakage,49.99651,0.199607,-1.33705,25.0169,0.99830,4.57299,4.76412,NONE
3.470000,leakage,50.00364,0.200263,-1.35833,25.0167,0.99853,4.56822,4.76224,NONE
3.480000,leakage,50.00183,0.200440,-1.41297,24.9990,1.00038,4.57695,4.78062,NONE
3.490000,leakage,49.99919,0.199670,-1.40013,25.0152,0.99821,4.57525,4.78125,NONE
3.500000,leakage,49.99400,0.200431,-1.41992,25.0077,1.00139,4.57923,4.75935,NONE
3.510000,leakage,49.99557,0.200454,-1.36315,25.0070,0.99892,4.57751,4.77916,NONE
3.520000,leakage,50.00778,0.199781,-1.37083,25.0072,1.00040,4.55810,4.75572,NONE
3.530000,leakage,50.00931,0.199515,-1.38725,25.0113,0.99958,4.56286,4.76001,NONE
3.540000,leakage,50.00609,0.199695,-1.39946,25.0091,1.00123,4.57066,4.77252,NONE
3.550000,leakage,50.00229,0.200288,-1.44911,25.0140,0.99836,4.54993,4.74715,NONE
3.560000,leakage,50.00685,0.200423,-1.42332,25.0011,1.00028,4.56071,4.75106,NONE
3.570000,leakage,50.00280,0.200018,-1.46537,24.9989,1.00056,4.54696,4.74651,NONE
3.580000,leakage,50.00606,0.199521,-1.42131,25.0089,0.99979,4.57080,4.76588,NONE
3.590000,leakage,49.99665,0.200484,-1.48784,25.0101,1.00122,4.56355,4.74878,NONE
3.600000,leakage,50.00550,0.200327,-1.42666,25.0025,1.00045,4.55291,4.75530,NONE
3.610000,leakage,49.99377,0.199706,-1.42793,25.0049,0.99995,4.55401,4.75482,NONE
3.620000,leakage,50.00099,0.200158,-1.48395,25.0164,1.00009,4.54443,4.76381,NONE
3.630000,leakage,49.99219,0.200056,-1.46431,25.0016,1.00114,4.55581,4.75797,NONE
3.640000,leakage,49.99821,0.200216,-1.45787,25.0044,0.99999,4.54800,4.74313,NONE
3.650000,leakage,49.99430,0.200336,-1.44813,25.0151,0.99952,4.54948,4.76596,NONE
3.660000,leakage,49.99258,0.200144,-1.48155,25.0039,0.99808,4.54764,4.74088,NONE
3.670000,leakage,50.00238,0.199611,-1.46962,25.0077,1.00059,4.56555,4.75340,NONE
3.680000,leakage,50.00559,0.199711,-1.50996,25.0161,1.00067,4.55540,4.75850,NONE
3.690000,leakage,50.00183,0.200214,-1.48086,25.0147,1.00013,4.54513,4.76204,NONE
3.700000,leakage,50.00673,0.199706,-1.47063,25.0071,0.99984,4.54566,4.73802,NONE
3.710000,leakage,49.99384,0.200205,-1.52651,25.0146,0.99964,4.54231,4.74132,NONE
3.720000,leakage,49.99544,0.199961,-1.49598,25.0068,0.99849,4.55363,4.75970,NONE
3.730000,leakage,49.99394,0.199889,-1.51066,25.0150,0.99800,4.56297,4.74267,NONE
3.740000,leakage,50.00674,0.199972,-1.54939,25.0121,0.99966,4.56387,4.76350,NONE
3.750000,leakage,49.99187,0.199733,-1.46793,25.0166,1.00026,4.53610,4.76029,NONE
3.760000,leakage,50.00413,0.199937,-1.53855,25.0013,0.99862,4.53935,4.74695,NONE
3.770000,leakage,50.00181,0.200358,-1.50341,25.0104,0.99802,4.55298,4.75498,NONE
3.780000,leakage,50.00962,0.199770,-1.51403,25.0057,0.99930,4.55453,4.76363,NONE
3.790000,leakage,50.00179,0.200085,-1.46390,25.0037,1.00116,4.55856,4.73804,NONE
3.800000,leakage,50.00042,0.199810,-1.49634,25.0054,0.99858,4.56364,4.74088,NONE
3.810000,leakage,49.99785,0.200114,-1.49473,24.9984,1.00145,4.54910,4.73620,NONE
3.820000,leakage,49.99045,0.200068,-1.53086,25.0068,1.00195,4.53930,4.74483,NONE
3.830000,leakage,49.99456,0.199562,-1.46707,24.9989,0.99946,4.55369,4.73821,NONE
3.840000,leakage,49.99890,0.200097,-1.45421,25.0019,1.00182,4.55468,4.75763,NONE
3.850000,leakage,49.99879,0.199672,-1.52276,25.0172,0.99916,4.54552,4.75507,NONE
3.860000,leakage,50.00420,0.200357,-1.43854,25.0049,0.99928,4.54544,4.74692,NONE
3.870000,leakage,49.99003,0.200281,-1.52220,25.0128,1.00044,4.56394,4.76192,NONE
3.880000,leakage,49.99521,0.200475,-1.47841,25.0044,1.00043,4.54302,4.75383,NONE
3.890000,leakage,49.99002,0.200414,-1.48819,25.0028,1.00159,4.54282,4.74625,NONE
3.900000,leakage,49.99995,0.199516,-1.46919,25.0149,0.99907,4.55062,4.76441,NONE
3.910000,leakage,49.99630,0.199552,-1.45997,25.0104,1.00137,4.55502,4.74707,NONE
3.920000,leakage,50.00033,0.200459,-1.41350,25.0033,0.99898,4.56353,4.76234,NONE
3.930000,leakage,50.00214,0.199863,-1.39939,25.0104,0.99855,4.56095,4.75884,NONE
3.940000,leakage,50.00698,0.199960,-1.45274,25.0032,1.00181,4.56916,4.75059,NONE
3.950000,leakage,50.00867,0.200462,-1.47032,25.0073,1.00081,4.57008,4.75533,NONE
3.960000,leakage,49.99601,0.200346,-1.47259,25.0177,1.00051,4.56526,4.75690,NONE
3.970000,leakage,49.99560,0.199767,-1.43535,25.0131,0.99833,4.57361,4.76814,NONE
3.980000,leakage,49.99761,0.200116,-1.44341,25.0036,0.99975,4.56965,4.75610,NONE
3.990000,leakage,49.99659,0.200153,-1.42576,24.9994,1.00142,4.57166,4.77455,NONE
4.000000,leakage,49.99860,0.200111,-1.44731,24.9987,1.00047,4.57826,4.78156,NONE
4.010000,leakage,49.99449,0.199568,-1.43433,25.0109,1.00075,4.56608,4.75691,NONE
4.020000,leakage,49.99634,0.199531,-1.38237,25.0098,1.00076,4.58194,4.78190,NONE
4.030000,leakage,49.99192,0.199530,-1.39980,25.0141,0.99957,4.56716,4.77179,NONE
4.040000,leakage,50.00346,0.200167,-1.33923,25.0090,0.99967,4.58373,4.77816,NONE
4.050000,leakage,49.99533,0.200147,-1.39105,25.0137,1.00006,4.59599,4.76015,NONE
4.060000,leakage,49.99004,0.200140,-1.38576,25.0122,1.00055,4.57826,4.77334,NONE
4.070000,leakage,49.99722,0.200371,-1.30103,25.0172,0.99984,4.57104,4.76952,NONE
4.080000,leakage,50.00707,0.200169,-1.28920,25.0119,1.00009,4.59130,4.78263,NONE
4.090000,leakage,50.00179,0.199934,-1.32009,25.0024,0.99818,4.59408,4.78473,NONE
4.100000,leakage,49.99883,0.199520,-1.32206,25.0147,0.99959,4.59147,4.77008,NONE
4.110000,leakage,49.99719,0.200092,-1.31793,25.0126,1.00168,4.59466,4.78530,NONE
4.120000,leakage,50.00916,0.200277,-1.25623,25.0075,1.00054,4.59504,4.78833,NONE
4.130000,leakage,50.00133,0.199753,-1.31853,25.0003,0.99804,4.60951,4.79280,NONE
4.140000,leakage,49.99243,0.200147,-1.21781,25.0114,0.99824,4.61033,4.78378,NONE
4.150000,leakage,50.00200,0.199636,-1.24489,25.0000,0.99839,4.59191,4.78239,NONE
4.160000,leakage,50.00191,0.199552,-1.27243,25.0164,0.99807,4.59691,4.78239,NONE
4.170000,leakage,50.00468,0.200006,-1.23542,25.0095,0.99973,4.62164,4.79534,NONE
4.180000,leakage,50.00155,0.199975,-1.20589,25.0062,1.00044,4.60968,4.79314,NONE
4.190000,leakage,49.99561,0.200232,-1.23468,25.0170,1.00159,4.62649,4.81667,NONE
4.200000,leakage,49.99847,0.200412,-1.17557,25.0004,0.99811,4.62419,4.80807,NONE
4.210000,leakage,49.99405,0.200057,-1.13104,25.0144,0.99913,4.63803,4.80993,NONE
4.220000,leakage,49.99911,0.199870,-1.20531,25.0079,1.00153,4.63049,4.80328,NONE
4.230000,leakage,50.00787,0.199994,-1.09770,25.0014,1.00140,4.63412,4.82232,NONE
4.240000,leakage,49.99801,0.200311,-1.09584,25.0105,1.00127,4.64477,4.82415,NONE
4.250000,leakage,49.99111,0.199928,-1.08374,25.0174,1.00162,4.63543,4.80384,NONE
4.260000,leakage,49.99090,0.199704,-1.09659,25.0130,1.00044,4.65252,4.83407,NONE
4.270000,leakage,49.99361,0.199611,-1.04333,25.0097,1.00146,4.63041,4.83662,NONE
4.280000,leakage,50.00948,0.200071,-1.04842,25.0007,0.99963,4.65162,4.82959,NONE
4.290000,leakage,50.00055,0.199659,-1.07712,25.0182,1.00077,4.65845,4.84170,NONE
4.300000,leakage,50.00042,0.200153,-1.03185,25.0160,1.00195,4.63979,4.82930,NONE
4.310000,leakage,50.00717,0.199601,-1.03367,25.0171,1.00106,4.66275,4.82131,NONE
4.320000,leakage,50.00115,0.199532,-1.05833,25.0089,1.00070,4.65549,4.82902,NONE
4.330000,leakage,49.99024,0.199955,-0.97539,25.0123,1.00044,4.67800,4.85385,NONE
4.340000,leakage,49.99754,0.200496,-0.99358,25.0144,0.99921,4.66644,4.84641,NONE
4.350000,leakage,50.00594,0.199866,-0.99495,25.0064,1.00151,4.68190,4.83585,NONE
4.360000,leakage,50.00834,0.200445,-0.91914,25.0125,1.00170,4.66213,4.85276,NONE
4.370000,leakage,49.99396,0.199960,-0.96976,25.0106,1.00018,4.68875,4.85947,NONE
4.380000,leakage,50.00576,0.199961,-0.89122,25.0145,1.00007,4.67819,4.84363,NONE
4.390000,leakage,50.00121,0.199535,-0.90708,24.9998,0.99892,4.69668,4.85515,NONE
4.400000,leakage,49.99633,0.199787,-0.86222,25.0108,0.99829,4.68797,4.86165,NONE
4.410000,leakage,50.00750,0.200284,-0.85359,25.0039,1.00051,4.69304,4.86583,NONE
4.420000,leakage,50.00759,0.200415,-0.85966,25.0155,1.00173,4.71196,4.85920,NONE
4.430000,leakage,49.99981,0.200326,-0.76644,25.0119,0.99868,4.71241,4.88189,NONE
4.440000,leakage,50.00073,0.199903,-0.78790,25.0114,1.00065,4.69571,4.88547,NONE
4.450000,leakage,49.99424,0.199640,-0.75921,25.0056,1.00180,4.70543,4.87252,NONE
4.460000,leakage,49.99295,0.200447,-0.79853,25.0107,0.99893,4.72399,4.88458,NONE
4.470000,leakage,50.00507,0.199917,-0.69234,25.0065,0.99967,4.71150,4.87123,NONE
4.480000,leakage,49.99249,0.200163,-0.68530,25.0031,0.99881,4.72865,4.88031,NONE
4.490000,leakage,50.00101,0.199686,-0.66414,25.0079,0.99946,4.74004,4.87723,NONE
4.500000,leakage,50.00010,0.200142,-0.66658,25.0093,1.00037,4.74391,4.88130,NONE
4.510000,leakage,49.99031,0.200048,-0.62251,25.0076,1.00155,4.73192,4.89288,NONE
4.520000,leakage,49.99969,0.200050,-0.64218,25.0018,1.00017,4.75021,4.90845,NONE
4.530000,leakage,49.99019,0.199957,-0.64957,25.0105,0.99905,4.75035,4.90669,NONE
4.540000,leakage,50.00384,0.200083,-0.62006,25.0107,1.00066,4.76008,4.91840,NONE
4.550000,leakage,50.00364,0.200352,-0.61777,25.0158,1.00118,4.74679,4.91332,NONE
4.560000,leakage,50.00338,0.199843,-0.52162,25.0018,0.99918,4.75260,4.90140,NONE
4.570000,leakage,49.99915,0.199964,-0.56890,25.0113,1.00009,4.76823,4.92455,NONE
4.580000,leakage,49.99075,0.200393,-0.45921,25.0043,1.00019,4.76872,4.93505,NONE
4.590000,leakage,50.00711,0.200149,-0.47134,25.0099,1.00147,4.77595,4.93825,NONE
4.600000,leakage,50.00959,0.200337,-0.45688,25.0104,1.00015,4.77588,4.92441,NONE
4.610000,leakage,50.00265,0.199853,-0.45912,25.0063,0.99822,4.77693,4.92481,NONE
4.620000,leakage,50.00606,0.199852,-0.42191,25.0150,0.99850,4.79712,4.93025,NONE
4.630000,leakage,49.99898,0.199670,-0.39308,25.0173,1.00074,4.79776,4.94306,NONE
4.640000,leakage,50.00471,0.200249,-0.39107,25.0074,0.99894,4.81653,4.94827,NONE
4.650000,leakage,49.99948,0.200209,-0.30296,25.0176,1.00039,4.82001,4.95730,NONE
4.660000,leakage,50.00183,0.200391,-0.33858,25.0193,0.99948,4.80845,4.94938,NONE
4.670000,leakage,49.99237,0.200469,-0.31389,25.0001,0.99993,4.81688,4.95621,NONE
4.680000,leakage,50.00644,0.200244,-0.26330,25.0159,0.99882,4.82179,4.97159,NONE
4.690000,leakage,50.00902,0.199874,-0.22441,25.0089,1.00076,4.83570,4.95917,NONE
4.700000,leakage,50.00121,0.199507,-0.23735,25.0013,0.99990,4.82349,4.96438,NONE
4.710000,leakage,50.00878,0.199991,-0.23068,25.0123,1.00163,4.85134,4.97851,NONE
4.720000,leakage,50.00753,0.199757,-0.21766,25.0186,0.99998,4.85368,4.96445,NONE
4.730000,leakage,50.00881,0.199885,-0.17566,25.0141,1.00198,4.85372,4.99375,NONE
4.740000,leakage,49.99842,0.200403,-0.16360,25.0037,1.00161,4.85176,4.99225,NONE
4.750000,leakage,50.00993,0.199534,-0.08714,25.0053,1.00029,4.84971,4.99816,NONE
4.760000,leakage,49.99440,0.200017,-0.08682,25.0147,1.00010,4.85419,4.98165,NONE
4.770000,leakage,50.00899,0.199901,-0.04810,25.0119,0.99967,4.87924,5.00566,NONE
4.780000,leakage,49.99912,0.199887,-0.05292,25.0132,1.00100,4.86230,4.99383,NONE
4.790000,leakage,49.99627,0.200097,-0.06071,25.0053,0.99983,4.88657,5.00942,NONE
4.800000,leakage,50.00792,0.199965,0.02341,25.0008,0.99953,4.89050,5.02127,SPOT_UNSTABLE|LEAKAGE_ASSOC
4.810000,leakage,50.00459,0.199711,-0.01527,24.9998,1.00058,4.90573,5.00864,SPOT_UNSTABLE|LEAKAGE_ASSOC
4.820000,leakage,49.99089,0.200341,0.02845,25.0047,0.99803,4.91178,5.03244,SPOT_UNSTABLE|LEAKAGE_ASSOC
4.830000,leakage,50.00577,0.199835,0.09905,25.0111,0.99959,4.91215,5.03994,SPOT_UNSTABLE|LEAKAGE_ASSOC
4.840000,leakage,49.99853,0.199971,0.14673,25.0029,0.99824,4.90662,5.02200,SPOT_UNSTABLE|LEAKAGE_ASSOC
4.850000,leakage,49.99156,0.199698,0.10946,25.0105,0.99827,4.90653,5.03994,SPOT_UNSTABLE|LEAKAGE_ASSOC
4.860000,leakage,49.99848,0.200297,0.18666,25.0151,1.00029,4.92505,5.03938,SPOT_UNSTABLE|LEAKAGE_ASSOC
4.870000,leakage,49.99120,0.200117,0.16023,25.0066,0.99911,4.92937,5.04947,SPOT_UNSTABLE|LEAKAGE_ASSOC
4.880000,leakage,49.99284,0.199528,0.18997,25.0112,1.00043,4.93535,5.03981,SPOT_UNSTABLE|LEAKAGE_ASSOC
4.890000,leakage,49.99753,0.200363,0.24258,25.0153,0.99894,4.93196,5.06274,SPOT_UNSTABLE|LEAKAGE_ASSOC
4.900000,leakage,50.00358,0.200422,0.28267,24.9998,0.99861,4.95077,5.07078,SPOT_UNSTABLE|LEAKAGE_ASSOC
4.910000,leakage,49.99962,0.200420,0.23132,25.0045,1.00074,4.94907,5.05003,SPOT_UNSTABLE|LEAKAGE_ASSOC
4.920000,leakage,49.99389,0.200354,0.33583,25.0152,0.99966,4.96203,5.05244,SPOT_UNSTABLE|LEAKAGE_ASSOC
4.930000,leakage,50.00323,0.200266,0.29490,25.0064,0.99912,4.96662,5.06544,SPOT_UNSTABLE|LEAKAGE_ASSOC
4.940000,leakage,49.99366,0.199954,0.35495,25.0134,0.99954,4.95236,5.08796,SPOT_UNSTABLE|LEAKAGE_ASSOC
4.950000,leakage,50.00217,0.199528,0.34652,25.0069,0.99827,4.98173,5.08536,SPOT_UNSTABLE|LEAKAGE_ASSOC
4.960000,leakage,50.00233,0.199554,0.38831,25.0012,0.99859,4.98891,5.07728,SPOT_UNSTABLE|LEAKAGE_ASSOC
4.970000,leakage,49.99545,0.199992,0.42265,25.0132,1.00187,4.98880,5.07427,SPOT_UNSTABLE|LEAKAGE_ASSOC
4.980000,leakage,50.00977,0.199894,0.46856,25.0168,1.00121,5.00176,5.10069,SPOT_UNSTABLE|LEAKAGE_ASSOC
4.990000,leakage,50.00795,0.199799,0.46837,25.0094,1.00092,5.00140,5.10453,SPOT_UNSTABLE|LEAKAGE_ASSOC
5.000000,leakage,49.99070,0.199780,0.45936,25.0193,0.99809,4.98664,5.09618,SPOT_UNSTABLE|LEAKAGE_ASSOC
5.010000,leakage,49.99754,0.200014,0.48275,25.0143,0.99924,4.99171,5.10317,SPOT_UNSTABLE|LEAKAGE_ASSOC
5.020000,leakage,50.00778,0.200491,0.50134,25.0040,0.99999,5.01145,5.11043,SPOT_UNSTABLE|LEAKAGE_ASSOC
5.030000,leakage,50.00018,0.200458,0.58729,25.0029,0.99865,5.00524,5.10274,SPOT_UNSTABLE|LEAKAGE_ASSOC
5.040000,leakage,50.00786,0.199562,0.61989,25.0130,0.99977,5.02661,5.12771,SPOT_UNSTABLE|LEAKAGE_ASSOC
5.050000,leakage,50.00840,0.199544,0.63414,25.0103,1.00160,5.03333,5.13219,SPOT_UNSTABLE|LEAKAGE_ASSOC
5.060000,leakage,49.99289,0.199824,0.60328,25.0189,1.00042,5.03697,5.13814,SPOT_UNSTABLE|LEAKAGE_ASSOC
5.070000,leakage,49.99814,0.200162,0.72285,25.0122,1.00022,5.02931,5.12906,SPOT_UNSTABLE|LEAKAGE_ASSOC
5.080000,leakage,49.99597,0.200213,0.66396,25.0066,0.99891,5.05581,5.13530,SPOT_UNSTABLE|LEAKAGE_ASSOC
5.090000,leakage,50.00580,0.199745,0.75260,25.0095,0.99960,5.05961,5.15352,SPOT_UNSTABLE|LEAKAGE_ASSOC
5.100000,leakage,49.99207,0.199527,0.79000,25.0061,1.00175,5.06056,5.14865,SPOT_UNSTABLE|LEAKAGE_ASSOC
5.110000,leakage,49.99344,0.200320,0.75635,25.0132,0.99994,5.04900,5.15909,SPOT_UNSTABLE|LEAKAGE_ASSOC
5.120000,leakage,50.00701,0.200007,0.75927,25.0147,1.00153,5.07284,5.15708,SPOT_UNSTABLE|LEAKAGE_ASSOC
5.130000,leakage,49.99507,0.199905,0.85102,25.0008,1.00137,5.06295,5.15140,SPOT_UNSTABLE|LEAKAGE_ASSOC
5.140000,leakage,49.99401,0.199947,0.85618,25.0167,0.99968,5.09317,5.17099,SPOT_UNSTABLE|LEAKAGE_ASSOC
5.150000,leakage,49.99388,0.199905,0.84945,25.0192,0.99855,5.08984,5.16754,SPOT_UNSTABLE|LEAKAGE_ASSOC
5.160000,leakage,49.99120,0.199523,0.88256,25.0196,1.00080,5.09169,5.18050,SPOT_UNSTABLE|LEAKAGE_ASSOC
5.170000,leakage,50.00907,0.200444,0.92254,25.0167,1.00077,5.09553,5.15987,SPOT_UNSTABLE|LEAKAGE_ASSOC
5.180000,leakage,49.99146,0.200295,0.92000,25.0018,0.99853,5.09024,5.17204,SPOT_UNSTABLE|LEAKAGE_ASSOC
5.190000,leakage,49.99344,0.199737,0.92849,25.0071,1.00017,5.10194,5.17339,SPOT_UNSTABLE|LEAKAGE_ASSOC
5.200000,leakage,49.99436,0.200359,0.96333,25.0097,1.00050,5.09707,5.19279,SPOT_UNSTABLE|LEAKAGE_ASSOC
5.210000,leakage,49.99034,0.199847,1.04853,25.0106,1.00123,5.11443,5.18980,SPOT_UNSTABLE|LEAKAGE_ASSOC
5.220000,leakage,50.00549,0.199574,1.03451,25.0063,0.99856,5.11386,5.20763,SPOT_UNSTABLE|LEAKAGE_ASSOC
5.230000,leakage,49.99188,0.200474,1.03926,25.0053,1.00076,5.11889,5.18786,SPOT_UNSTABLE|LEAKAGE_ASSOC
5.240000,leakage,50.00646,0.199601,1.08425,25.0151,0.99859,5.14277,5.21527,SPOT_UNSTABLE|LEAKAGE_ASSOC
5.250000,leakage,49.99140,0.199893,1.13879,25.0203,1.00096,5.15329,5.21405,SPOT_UNSTABLE|LEAKAGE_ASSOC
5.260000,leakage,49.99639,0.200338,1.12671,25.0030,0.99953,5.13143,5.21346,SPOT_UNSTABLE|LEAKAGE_ASSOC
5.270000,leakage,49.99222,0.199797,1.20188,25.0032,1.00001,5.14942,5.21273,SPOT_UNSTABLE|LEAKAGE_ASSOC
5.280000,leakage,50.00862,0.199754,1.21175,25.0038,1.00085,5.15187,5.22750,SPOT_UNSTABLE|LEAKAGE_ASSOC
5.290000,leakage,49.99418,0.199793,1.19600,25.0135,0.99819,5.15224,5.22719,SPOT_UNSTABLE|LEAKAGE_ASSOC
5.300000,leakage,49.99099,0.199575,1.25051,25.0135,0.99930,5.16842,5.21511,SPOT_UNSTABLE|LEAKAGE_ASSOC
5.310000,leakage,50.00978,0.199519,1.22039,25.0136,0.99808,5.15752,5.23436,SPOT_UNSTABLE|LEAKAGE_ASSOC
5.320000,leakage,49.99060,0.200034,1.25530,25.0043,0.99938,5.18533,5.22444,SPOT_UNSTABLE|LEAKAGE_ASSOC
5.330000,leakage,49.99435,0.200084,1.32167,25.0156,1.00015,5.19592,5.25371,SPOT_UNSTABLE|LEAKAGE_ASSOC
5.340000,leakage,50.00091,0.200265,1.36439,25.0030,0.99862,5.19056,5.24443,SPOT_UNSTABLE|LEAKAGE_ASSOC
5.350000,leakage,49.99095,0.199611,1.32688,25.0200,0.99926,5.19435,5.25577,SPOT_UNSTABLE|LEAKAGE_ASSOC
5.360000,leakage,49.99607,0.200201,1.37863,25.0080,1.00007,5.18274,5.26738,SPOT_UNSTABLE|LEAKAGE_ASSOC
5.370000,leakage,50.00178,0.200396,1.40587,25.0075,1.00047,5.20636,5.24609,SPOT_UNSTABLE|LEAKAGE_ASSOC
5.380000,leakage,49.99166,0.200409,1.36961,25.0049,1.00066,5.20799,5.24655,SPOT_UNSTABLE|LEAKAGE_ASSOC
5.390000,leakage,50.00535,0.200362,1.46479,25.0068,1.00172,5.21274,5.26727,SPOT_UNSTABLE|LEAKAGE_ASSOC
5.400000,leakage,49.99783,0.200352,1.51152,25.0080,0.99990,5.22673,5.27708,SPOT_UNSTABLE|LEAKAGE_ASSOC
5.410000,leakage,49.99271,0.200456,1.46773,25.0015,0.99862,5.21554,5.27161,SPOT_UNSTABLE|LEAKAGE_ASSOC
5.420000,leakage,50.00702,0.199567,1.47014,25.0158,0.99879,5.23144,5.26980,SPOT_UNSTABLE|LEAKAGE_ASSOC
5.430000,leakage,49.99971,0.200185,1.54097,25.0177,1.00166,5.24254,5.27304,SPOT_UNSTABLE|LEAKAGE_ASSOC
5.440000,leakage,49.99016,0.200352,1.53550,25.0168,0.99993,5.22988,5.28468,SPOT_UNSTABLE|LEAKAGE_ASSOC
5.450000,leakage,49.99490,0.199924,1.53904,25.0139,1.00019,5.24936,5.28443,SPOT_UNSTABLE|LEAKAGE_ASSOC
5.460000,leakage,49.99862,0.200225,1.63996,25.0038,0.99891,5.25837,5.27796,SPOT_UNSTABLE|LEAKAGE_ASSOC
5.470000,leakage,50.00689,0.199773,1.60139,25.0089,1.00083,5.26257,5.28895,SPOT_UNSTABLE|LEAKAGE_ASSOC
5.480000,leakage,49.99047,0.199821,1.64186,25.0093,1.00113,5.26060,5.30382,SPOT_UNSTABLE|LEAKAGE_ASSOC
5.490000,leakage,49.99147,0.199939,1.60816,25.0142,1.00161,5.27277,5.31669,SPOT_UNSTABLE|LEAKAGE_ASSOC
5.500000,leakage,49.99525,0.199500,1.70899,25.0010,0.99983,5.26397,5.31176,SPOT_UNSTABLE|LEAKAGE_ASSOC
5.510000,leakage,50.00858,0.199610,1.70998,25.0110,0.99990,5.28252,5.32421,SPOT_UNSTABLE|LEAKAGE_ASSOC
5.520000,leakage,50.00746,0.199840,1.68553,25.0044,0.99871,5.27180,5.31472,SPOT_UNSTABLE|LEAKAGE_ASSOC
5.530000,leakage,49.99448,0.200464,1.76631,25.0161,1.00009,5.29297,5.31011,SPOT_UNSTABLE|LEAKAGE_ASSOC
5.540000,leakage,49.99166,0.200026,1.80321,25.0143,1.00018,5.26972,5.32445,SPOT_UNSTABLE|LEAKAGE_ASSOC
5.550000,leakage,49.99496,0.200065,1.73545,25.0193,1.00058,5.28553,5.33707,SPOT_UNSTABLE|LEAKAGE_ASSOC
5.560000,leakage,49.99797,0.199818,1.78316,25.0017,1.00017,5.28387,5.31847,SPOT_UNSTABLE|LEAKAGE_ASSOC
5.570000,leakage,50.00412,0.199810,1.82351,25.0026,0.99832,5.30532,5.31706,SPOT_UNSTABLE|LEAKAGE_ASSOC
5.580000,leakage,50.00150,0.200027,1.80031,25.0149,1.00123,5.29986,5.34316,SPOT_UNSTABLE|LEAKAGE_ASSOC
5.590000,leakage,50.00993,0.199553,1.87562,25.0134,1.00088,5.28971,5.34214,SPOT_UNSTABLE|LEAKAGE_ASSOC
5.600000,leakage,49.99975,0.200172,1.82891,25.0156,1.00074,5.31079,5.33727,SPOT_UNSTABLE|LEAKAGE_ASSOC
5.610000,leakage,49.99453,0.199932,1.88629,25.0204,0.99873,5.31389,5.33737,SPOT_UNSTABLE|LEAKAGE_ASSOC
5.620000,leakage,50.00417,0.199895,1.88648,25.0099,1.00002,5.31311,5.35580,SPOT_UNSTABLE|LEAKAGE_ASSOC
5.630000,leakage,49.99524,0.200496,1.87414,25.0175,1.00060,5.31449,5.34459,SPOT_UNSTABLE|LEAKAGE_ASSOC
5.640000,leakage,49.99219,0.199752,1.92628,25.0141,0.99938,5.31575,5.36408,SPOT_UNSTABLE|LEAKAGE_ASSOC
5.650000,leakage,49.99210,0.200364,1.91454,25.0044,0.99907,5.33617,5.35489,SPOT_UNSTABLE|LEAKAGE_ASSOC
5.660000,leakage,50.00012,0.199824,1.92544,25.0077,1.00039,5.32512,5.35036,SPOT_UNSTABLE|LEAKAGE_ASSOC
5.670000,leakage,49.99195,0.200073,2.00913,25.0124,0.99925,5.34493,5.35382,SPOT_UNSTABLE|LEAKAGE_ASSOC
5.680000,leakage,50.00246,0.200187,1.95961,25.0140,0.99911,5.34034,5.36221,SPOT_UNSTABLE|LEAKAGE_ASSOC
5.690000,leakage,49.99724,0.199903,1.99935,25.0185,1.00174,5.33912,5.36517,SPOT_UNSTABLE|LEAKAGE_ASSOC
5.700000,leakage,49.99442,0.200276,2.07566,25.0094,0.99816,5.34402,5.37138,SPOT_UNSTABLE|LEAKAGE_ASSOC
5.710000,leakage,50.00277,0.199989,2.05843,25.0190,1.00163,5.36490,5.37671,SPOT_UNSTABLE|LEAKAGE_ASSOC
5.720000,leakage,49.99893,0.199557,2.05342,25.0111,1.00070,5.35849,5.36335,SPOT_UNSTABLE|LEAKAGE_ASSOC
5.730000,leakage,50.00555,0.200397,2.12943,25.0039,0.99884,5.36093,5.37315,SPOT_UNSTABLE|LEAKAGE_ASSOC
5.740000,leakage,49.99325,0.200350,2.11657,25.0079,0.99804,5.34947,5.37529,SPOT_UNSTABLE|LEAKAGE_ASSOC
5.750000,leakage,50.00351,0.199745,2.07133,25.0163,0.99918,5.35734,5.38826,SPOT_UNSTABLE|LEAKAGE_ASSOC
5.760000,leakage,49.99932,0.200083,2.09331,25.0055,0.99965,5.37432,5.38969,NONE
5.770000,leakage,50.00932,0.200250,2.13795,25.0103,0.99945,5.36055,5.37733,NONE
5.780000,leakage,50.00295,0.200330,2.16990,25.0187,1.00062,5.37266,5.39450,NONE
5.790000,leakage,49.99735,0.200157,2.20116,25.0025,1.00040,5.38740,5.40459,NONE
5.800000,leakage,50.00567,0.199743,2.20665,25.0109,1.00130,5.39006,5.38344,NONE
5.810000,leakage,50.00530,0.199501,2.24719,25.0109,0.99890,5.39468,5.39422,NONE
5.820000,leakage,50.00640,0.199976,2.22687,25.0116,0.99893,5.38259,5.38699,NONE
5.830000,leakage,49.99013,0.200088,2.17879,25.0123,1.00039,5.38172,5.40114,NONE
5.840000,leakage,50.00324,0.199995,2.22658,25.0192,0.99820,5.38814,5.39458,NONE
5.850000,leakage,49.99966,0.199590,2.25315,25.0083,0.99870,5.40897,5.40459,NONE
5.860000,leakage,49.99632,0.200343,2.21735,25.0189,1.00097,5.41117,5.41609,NONE
5.870000,leakage,49.99023,0.199648,2.23139,25.0090,1.00080,5.39475,5.39604,NONE
5.880000,leakage,50.00565,0.200015,2.28776,25.0180,0.99844,5.38873,5.41508,NONE
5.890000,leakage,50.00613,0.200167,2.31728,25.0205,0.99881,5.40822,5.41035,NONE
5.900000,leakage,49.99030,0.200180,2.28185,25.0190,0.99971,5.39731,5.40247,NONE
5.910000,leakage,50.00139,0.200323,2.27635,25.0155,1.00038,5.42014,5.42645,NONE
5.920000,leakage,49.99344,0.200145,2.32732,25.0033,0.99910,5.41172,5.42533,NONE
5.930000,leakage,49.99818,0.199553,2.35746,25.0040,1.00095,5.42747,5.40852,NONE
5.940000,leakage,49.99708,0.200204,2.33221,25.0205,1.00091,5.40774,5.43776,NONE
5.950000,leakage,50.00203,0.199798,2.34501,25.0110,1.00123,5.43326,5.42300,NONE
5.960000,leakage,49.99810,0.200446,2.38933,25.0134,0.99958,5.41949,5.41617,NONE
5.970000,leakage,50.00124,0.199714,2.35558,25.0149,0.99864,5.42355,5.42609,NONE
5.980000,leakage,50.00898,0.199800,2.41205,25.0168,1.00020,5.42960,5.43699,NONE
5.990000,leakage,50.00938,0.200426,2.41580,25.0092,1.00102,5.42796,5.44490,NONE
6.000000,leakage,50.00891,0.199550,2.35646,25.0183,0.99891,5.41438,5.42718,NONE
6.010000,leakage,49.99591,0.199857,2.42378,25.0139,0.99862,5.42416,5.43736,NONE
6.020000,leakage,49.99994,0.199938,2.39291,25.0043,0.99805,5.43753,5.43424,NONE
6.030000,leakage,49.99193,0.199599,2.46159,25.0138,0.99833,5.42843,5.42598,NONE
6.040000,leakage,50.00476,0.200220,2.45702,25.0199,1.00177,5.42234,5.43963,NONE
6.050000,leakage,50.00799,0.200011,2.39651,25.0056,0.99941,5.43888,5.44248,NONE
6.060000,leakage,49.99408,0.200356,2.46686,25.0069,1.00174,5.42544,5.43367,NONE
6.070000,leakage,49.99860,0.199503,2.44088,25.0170,0.99929,5.43431,5.44928,NONE
6.080000,leakage,49.99800,0.200294,2.42093,25.0060,0.99942,5.43154,5.44976,NONE
6.090000,leakage,50.00643,0.200193,2.44075,25.0086,1.00163,5.45435,5.45368,NONE
6.100000,leakage,49.99427,0.200309,2.42170,25.0079,1.00102,5.43051,5.44525,NONE
6.110000,leakage,49.99811,0.199977,2.48748,25.0078,0.99880,5.44511,5.44531,NONE
6.120000,leakage,50.00270,0.199935,2.48315,25.0051,1.00023,5.45248,5.45574,NONE
6.130000,leakage,49.99494,0.200029,2.50143,25.0176,1.00180,5.45293,5.44316,NONE
6.140000,leakage,50.00550,0.200428,2.50964,25.0216,1.00089,5.43467,5.44252,NONE
6.150000,leakage,50.00694,0.200478,2.47849,25.0052,0.99830,5.44683,5.43667,NONE
6.160000,leakage,50.00434,0.200360,2.45778,25.0145,1.00190,5.45337,5.45909,NONE
6.170000,leakage,50.00843,0.199931,2.52428,25.0220,0.99829,5.46203,5.43389,NONE
6.180000,leakage,49.99278,0.200482,2.44531,25.0188,0.99970,5.45620,5.43661,NONE
6.190000,leakage,50.00938,0.200382,2.48511,25.0122,0.99958,5.46195,5.44926,NONE
6.200000,leakage,49.99328,0.200466,2.53151,25.0188,0.99825,5.44235,5.43877,NONE
6.210000,leakage,49.99000,0.200197,2.52334,25.0143,0.99913,5.43860,5.44239,NONE
6.220000,leakage,49.99815,0.200101,2.49415,25.0044,0.99838,5.46157,5.44878,NONE
6.230000,leakage,49.99801,0.200090,2.53614,25.0174,0.99856,5.44081,5.44753,NONE
6.240000,leakage,50.00900,0.200028,2.54966,25.0201,0.99856,5.43527,5.44389,NONE
6.250000,leakage,50.00959,0.199633,2.48528,25.0219,0.99836,5.46073,5.43976,NONE
6.260000,leakage,50.00652,0.199744,2.53703,25.0141,0.99883,5.45522,5.44087,NONE
6.270000,leakage,50.00817,0.199698,2.54864,25.0095,1.00028,5.44026,5.44913,NONE
6.280000,leakage,50.00749,0.200394,2.49342,25.0085,0.99829,5.44558,5.44803,NONE
6.290000,leakage,49.99004,0.199571,2.52772,25.0042,1.00056,5.44607,5.44493,NONE
6.300000,leakage,49.99511,0.200469,2.52212,25.0177,0.99928,5.45240,5.45072,NONE
6.310000,leakage,50.00472,0.200199,2.50570,25.0199,1.00151,5.46281,5.44160,NONE
6.320000,leakage,50.00886,0.199836,2.47152,25.0046,1.00132,5.46021,5.45634,NONE
6.330000,leakage,49.99172,0.200375,2.45373,25.0220,0.99838,5.45383,5.45162,NONE
6.340000,leakage,50.00605,0.200296,2.43988,25.0056,0.99878,5.43776,5.43722,NONE
6.350000,leakage,50.00469,0.200454,2.48575,25.0117,0.99977,5.44720,5.45106,NONE
6.360000,leakage,50.00740,0.199999,2.47502,25.0099,0.99837,5.43277,5.43327,NONE
6.370000,leakage,49.99151,0.199815,2.46974,25.0080,1.00055,5.44523,5.43770,NONE
6.380000,leakage,50.00693,0.200208,2.48213,25.0165,1.00042,5.44980,5.45674,NONE
6.390000,leakage,50.00406,0.200418,2.47332,25.0180,1.00132,5.42846,5.43082,NONE
6.400000,leakage,49.99128,0.200098,2.46846,25.0098,0.99981,5.45303,5.43715,NONE
6.410000,leakage,49.99710,0.199891,2.45895,25.0156,1.00128,5.45411,5.44361,NONE
6.420000,leakage,50.00893,0.200099,2.47116,25.0121,0.99964,5.42891,5.45082,NONE
6.430000,leakage,50.00234,0.200357,2.40575,25.0178,1.00110,5.44343,5.45487,NONE
6.440000,leakage,50.00401,0.199806,2.41586,25.0139,1.00163,5.44916,5.45447,NONE
6.450000,leakage,50.00254,0.200000,2.42760,25.0077,0.99856,5.44748,5.44349,NONE
6.460000,leakage,49.99722,0.200200,2.46976,25.0082,1.00108,5.43405,5.43187,NONE
6.470000,leakage,50.00314,0.200038,2.43569,25.0042,1.00086,5.42485,5.44898,NONE
6.480000,leakage,50.00500,0.199988,2.46503,25.0074,1.00056,5.43647,5.42505,NONE
6.490000,leakage,49.99610,0.199520,2.36609,25.0094,0.99818,5.42284,5.43069,NONE
6.500000,leakage,49.99340,0.199788,2.40817,25.0170,1.00049,5.43087,5.42151,NONE
6.510000,leakage,49.99440,0.200130,2.41393,25.0219,1.00068,5.42504,5.43964,NONE
6.520000,leakage,49.99121,0.199709,2.33866,25.0103,0.99927,5.41421,5.41601,NONE
6.530000,leakage,49.99611,0.200207,2.39225,25.0170,1.00104,5.42696,5.42636,NONE
6.540000,leakage,49.99449,0.200231,2.38888,25.0193,1.00092,5.42123,5.43368,NONE
6.550000,leakage,49.99653,0.200287,2.32244,25.0177,1.00003,5.40712,5.41831,NONE
6.560000,leakage,50.00728,0.200191,2.30554,25.0060,0.99958,5.42924,5.43062,NONE
6.570000,leakage,49.99606,0.199973,2.36895,25.0197,1.00052,5.42809,5.42760,NONE
6.580000,leakage,49.99837,0.199647,2.35517,25.0132,1.00197,5.40202,5.41183,NONE
6.590000,leakage,49.99199,0.199671,2.31209,25.0136,1.00163,5.40992,5.42631,NONE
6.600000,leakage,49.99610,0.199639,2.33040,25.0075,0.99864,5.40300,5.42517,NONE
6.610000,leakage,50.00458,0.199950,2.31321,25.0124,1.00161,5.40108,5.40908,NONE
6.620000,leakage,49.99023,0.199747,2.33435,25.0072,1.00115,5.39821,5.42749,NONE
6.630000,leakage,49.99478,0.199880,2.32489,25.0142,1.00022,5.39952,5.42294,NONE
6.640000,leakage,50.00729,0.200106,2.22582,25.0131,1.00001,5.40580,5.39455,NONE
6.650000,leakage,49.99142,0.199906,2.23896,25.0092,0.99836,5.39252,5.40960,NONE
6.660000,leakage,50.00965,0.199642,2.19168,25.0131,1.00010,5.40291,5.40449,NONE
6.670000,leakage,50.00319,0.199517,2.20542,25.0084,0.99946,5.38847,5.40699,NONE
6.680000,leakage,50.00548,0.199814,2.25459,25.0080,1.00056,5.38954,5.39509,NONE
6.690000,leakage,49.99539,0.200408,2.20075,25.0055,0.99954,5.37045,5.41231,NONE
6.700000,leakage,50.00325,0.199669,2.15584,25.0192,1.00096,5.39458,5.38105,NONE
6.710000,leakage,50.00427,0.199900,2.13101,25.0078,1.00116,5.39080,5.39925,NONE
6.720000,leakage,50.00579,0.199621,2.15608,25.0150,0.99916,5.37817,5.38016,NONE
6.730000,leakage,49.99503,0.200312,2.13045,25.0056,1.00099,5.36050,5.39522,NONE
6.740000,leakage,49.99233,0.199527,2.10191,25.0060,0.99930,5.36904,5.37918,NONE
6.750000,leakage,50.00352,0.199624,2.11557,25.0106,0.99997,5.35869,5.38129,NONE
6.760000,leakage,50.00863,0.199534,2.09483,25.0209,0.99802,5.35194,5.39201,NONE
6.770000,leakage,50.00811,0.200467,2.08428,25.0177,1.00047,5.35825,5.36574,NONE
6.780000,leakage,49.99029,0.200278,2.10290,25.0176,1.00121,5.36139,5.36848,NONE
6.790000,leakage,49.99820,0.199980,2.06657,25.0044,1.00186,5.34404,5.38303,NONE
6.800000,leakage,49.99098,0.200449,2.05512,25.0114,1.00076,5.35952,5.37048,NONE
6.810000,leakage,49.99084,0.199719,2.04220,25.0206,0.99973,5.35460,5.38075,NONE
6.820000,leakage,50.00959,0.200001,1.98552,25.0205,1.00073,5.35060,5.36877,NONE
6.830000,leakage,49.99762,0.200456,1.99995,25.0065,1.00137,5.32569,5.34941,NONE
6.840000,leakage,49.99636,0.199549,1.92961,25.0103,0.99999,5.31944,5.34697,NONE
6.850000,leakage,49.99265,0.199583,1.92699,25.0144,0.99933,5.33887,5.35106,NONE
6.860000,leakage,50.00280,0.200155,1.95141,25.0109,0.99936,5.33680,5.35371,NONE
6.870000,leakage,49.99897,0.199802,1.94264,25.0050,1.00197,5.32074,5.35361,NONE
6.880000,leakage,49.99069,0.200017,1.87576,25.0073,1.00043,5.32961,5.35948,NONE
6.890000,leakage,50.00771,0.200205,1.93514,25.0107,1.00107,5.30148,5.33669,NONE
6.900000,leakage,50.00758,0.199936,1.84958,25.0147,1.00182,5.31904,5.34486,NONE
6.910000,leakage,49.99212,0.200396,1.87734,25.0092,1.00070,5.29547,5.32222,NONE
6.920000,leakage,49.99624,0.199991,1.83833,25.0196,1.00054,5.30139,5.33180,NONE
6.930000,leakage,50.00875,0.200446,1.79671,25.0221,1.00160,5.29597,5.33685,NONE
6.940000,leakage,49.99008,0.200189,1.81109,25.0109,0.99965,5.29859,5.31319,NONE
6.950000,leakage,49.99167,0.199905,1.80929,25.0221,0.99922,5.29941,5.33479,NONE
6.960000,leakage,50.00078,0.199935,1.76145,25.0207,1.00044,5.29222,5.31788,NONE
6.970000,leakage,49.99456,0.200225,1.70642,25.0196,1.00196,5.26713,5.32606,NONE
6.980000,leakage,50.00668,0.199660,1.68183,25.0110,0.99908,5.26052,5.32271,NONE
6.990000,leakage,49.99990,0.200456,1.65969,25.0149,1.00049,5.26319,5.31810,NONE
7.000000,leakage,50.00418,0.199854,1.63863,25.0129,1.00124,5.27799,5.31954,NONE
7.010000,leakage,50.00672,0.200465,1.69308,25.0055,0.99874,5.25998,5.30529,NONE
7.020000,leakage,50.00857,0.199643,1.61443,25.0168,0.99851,5.24359,5.30803,NONE
7.030000,leakage,50.00892,0.199814,1.61549,25.0055,0.99926,5.25846,5.30267,NONE
7.040000,leakage,50.00973,0.200008,1.57425,25.0064,1.00166,5.24433,5.30321,NONE
7.050000,leakage,49.99674,0.200250,1.61964,25.0210,0.99943,5.25151,5.29454,NONE
7.060000,leakage,49.99895,0.200312,1.50513,25.0184,0.99816,5.22626,5.29559,NONE
7.070000,leakage,49.99547,0.200308,1.49018,25.0100,0.99962,5.22576,5.28673,NONE
7.080000,leakage,49.99214,0.200059,1.55488,25.0116,0.99875,5.22297,5.26924,NONE
7.090000,leakage,50.00944,0.200065,1.53092,25.0067,1.00189,5.23483,5.26076,NONE
7.100000,leakage,49.99750,0.200289,1.48672,25.0050,1.00126,5.22387,5.26549,NONE
7.110000,leakage,50.00690,0.200469,1.47535,25.0208,1.00165,5.22346,5.26034,NONE
7.120000,leakage,49.99962,0.199826,1.45395,25.0166,1.00087,5.20727,5.26427,NONE
7.130000,leakage,49.99360,0.200215,1.39137,25.0236,0.99838,5.20254,5.25253,NONE
7.140000,leakage,49.99184,0.200249,1.41321,25.0204,0.99917,5.18970,5.23843,NONE
7.150000,leakage,50.00165,0.199630,1.38759,25.0096,1.00051,5.18877,5.25971,NONE
7.160000,leakage,49.99219,0.200059,1.31804,25.0082,1.00169,5.18818,5.23512,NONE
7.170000,leakage,49.99563,0.199791,1.27986,25.0051,1.00190,5.19419,5.24037,NONE
7.180000,leakage,50.00065,0.199596,1.29747,25.0054,0.99803,5.18997,5.24987,NONE
7.190000,leakage,49.99270,0.199975,1.24055,25.0184,0.99812,5.15883,5.23950,NONE
7.200000,leakage,50.00323,0.199909,1.20851,25.0172,1.00120,5.16968,5.22998,NONE
7.210000,leakage,49.99743,0.199786,1.23390,25.0161,1.00171,5.15948,5.21911,NONE
7.220000,leakage,49.99813,0.199524,1.18761,25.0095,1.00118,5.16062,5.21090,NONE
7.230000,leakage,50.00752,0.199755,1.19680,25.0076,1.00050,5.13790,5.21813,NONE
7.240000,leakage,49.99678,0.200023,1.09661,25.0160,1.00075,5.14996,5.20007,NONE
7.250000,leakage,50.00427,0.200229,1.16022,25.0190,0.99944,5.14704,5.20627,NONE
7.260000,leakage,49.99449,0.199992,1.09298,25.0236,0.99895,5.12083,5.20279,NONE
7.270000,leakage,50.00282,0.199667,1.07905,25.0140,0.99914,5.12383,5.19889,NONE
7.280000,leakage,49.99744,0.200416,1.03570,25.0208,0.99990,5.12238,5.19264,NONE
7.290000,leakage,49.99352,0.200435,1.05423,25.0148,0.99865,5.10566,5.19778,NONE
7.300000,leakage,49.99217,0.200423,0.99595,25.0074,0.99810,5.10608,5.19987,NONE
7.310000,leakage,49.99761,0.199639,0.94568,25.0175,0.99948,5.09457,5.18690,NONE
7.320000,leakage,49.99527,0.199573,0.95898,25.0147,1.00011,5.09747,5.17358,NONE
7.330000,leakage,50.00041,0.199740,0.89514,25.0079,1.00153,5.09256,5.17993,NONE
7.340000,leakage,50.00248,0.200174,0.91016,25.0101,1.00057,5.08077,5.17272,NONE
7.350000,leakage,49.99301,0.200477,0.85999,25.0200,1.00066,5.09302,5.17960,NONE
7.360000,leakage,49.99287,0.200415,0.87604,25.0153,1.00129,5.06508,5.16544,NONE
7.370000,leakage,50.00154,0.200328,0.80936,25.0118,0.99933,5.07065,5.15416,SPOT_UNSTABLE|LEAKAGE_ASSOC
7.380000,leakage,49.99233,0.200061,0.77137,25.0123,1.00168,5.06823,5.15117,SPOT_UNSTABLE|LEAKAGE_ASSOC
7.390000,leakage,49.99227,0.200143,0.80809,25.0247,0.99983,5.07607,5.13603,SPOT_UNSTABLE|LEAKAGE_ASSOC
7.400000,leakage,50.00668,0.200089,0.76694,25.0125,1.00196,5.06284,5.13403,SPOT_UNSTABLE|LEAKAGE_ASSOC
7.410000,leakage,50.00215,0.200003,0.71897,25.0167,1.00026,5.04449,5.13822,SPOT_UNSTABLE|LEAKAGE_ASSOC
7.420000,leakage,49.99570,0.200499,0.67168,25.0147,0.99954,5.05316,5.13411,SPOT_UNSTABLE|LEAKAGE_ASSOC
7.430000,leakage,49.99932,0.199622,0.64492,25.0090,0.99913,5.04099,5.11731,SPOT_UNSTABLE|LEAKAGE_ASSOC
7.440000,leakage,49.99984,0.199720,0.69693,25.0096,0.99908,5.04505,5.11452,SPOT_UNSTABLE|LEAKAGE_ASSOC
7.450000,leakage,49.99817,0.200027,0.61777,25.0241,0.99961,5.03172,5.11554,SPOT_UNSTABLE|LEAKAGE_ASSOC
7.460000,leakage,50.00970,0.200050,0.57326,25.0119,0.99983,5.02906,5.13083,SPOT_UNSTABLE|LEAKAGE_ASSOC
7.470000,leakage,49.99943,0.199623,0.57326,25.0102,0.99853,5.02004,5.10881,SPOT_UNSTABLE|LEAKAGE_ASSOC
7.480000,leakage,50.00874,0.199573,0.50050,25.0249,1.00047,5.00324,5.11531,SPOT_UNSTABLE|LEAKAGE_ASSOC
7.490000,leakage,50.00885,0.200373,0.54187,25.0205,1.00167,5.00478,5.09138,SPOT_UNSTABLE|LEAKAGE_ASSOC
7.500000,leakage,49.99965,0.200420,0.46229,25.0082,1.00156,5.00113,5.08565,SPOT_UNSTABLE|LEAKAGE_ASSOC
7.510000,leakage,49.99037,0.199602,0.48524,25.0072,0.99878,4.99155,5.09135,SPOT_UNSTABLE|LEAKAGE_ASSOC
7.520000,leakage,49.99044,0.200283,0.40808,25.0152,0.99978,4.98751,5.09526,SPOT_UNSTABLE|LEAKAGE_ASSOC
7.530000,leakage,50.00097,0.200005,0.42717,25.0248,1.00019,4.97470,5.09232,SPOT_UNSTABLE|LEAKAGE_ASSOC
7.540000,leakage,50.00309,0.200216,0.42925,25.0223,0.99818,4.97191,5.07561,SPOT_UNSTABLE|LEAKAGE_ASSOC
7.550000,leakage,49.99746,0.199832,0.42128,25.0054,0.99958,4.97328,5.06679,SPOT_UNSTABLE|LEAKAGE_ASSOC
7.560000,leakage,50.00314,0.200076,0.31385,25.0092,1.00084,4.95478,5.07790,SPOT_UNSTABLE|LEAKAGE_ASSOC
7.570000,leakage,49.99065,0.200050,0.37075,25.0114,1.00107,4.94668,5.07295,SPOT_UNSTABLE|LEAKAGE_ASSOC
7.580000,leakage,50.00734,0.199993,0.28641,25.0093,1.00150,4.94508,5.06808,SPOT_UNSTABLE|LEAKAGE_ASSOC
7.590000,leakage,49.99098,0.199511,0.22586,25.0206,0.99918,4.94125,5.05063,SPOT_UNSTABLE|LEAKAGE_ASSOC
7.600000,leakage,49.99695,0.200157,0.20814,25.0233,0.99948,4.94810,5.05302,SPOT_UNSTABLE|LEAKAGE_ASSOC
7.610000,leakage,49.99348,0.199967,0.23853,25.0147,0.99994,4.93430,5.06124,SPOT_UNSTABLE|LEAKAGE_ASSOC
7.620000,leakage,50.00019,0.200395,0.15841,25.0143,1.00087,4.92998,5.03296,SPOT_UNSTABLE|LEAKAGE_ASSOC
7.630000,leakage,50.00940,0.200141,0.20501,25.0179,0.99864,4.91498,5.05167,SPOT_UNSTABLE|LEAKAGE_ASSOC
7.640000,leakage,49.99706,0.199689,0.12273,25.0151,0.99967,4.91831,5.04425,SPOT_UNSTABLE|LEAKAGE_ASSOC
7.650000,leakage,49.99920,0.200066,0.08630,25.0056,1.00041,4.92716,5.04141,SPOT_UNSTABLE|LEAKAGE_ASSOC
7.660000,leakage,49.99862,0.200447,0.10699,25.0191,0.99893,4.90702,5.04133,SPOT_UNSTABLE|LEAKAGE_ASSOC
7.670000,leakage,49.99688,0.199660,0.11517,25.0111,0.99893,4.89726,5.03653,SPOT_UNSTABLE|LEAKAGE_ASSOC
7.680000,leakage,50.00654,0.200019,0.06266,25.0195,1.00186,4.88700,5.00820,SPOT_UNSTABLE|LEAKAGE_ASSOC
7.690000,leakage,49.99158,0.199997,-0.01371,25.0159,0.99948,4.89367,5.01065,SPOT_UNSTABLE|LEAKAGE_ASSOC
7.700000,leakage,50.00504,0.200275,-0.02429,25.0245,0.99863,4.90163,5.02032,SPOT_UNSTABLE|LEAKAGE_ASSOC
7.710000,leakage,50.00836,0.200065,-0.06195,25.0091,0.99994,4.87433,5.00408,SPOT_UNSTABLE|LEAKAGE_ASSOC
7.720000,leakage,50.00097,0.200097,-0.07711,25.0121,0.99863,4.86710,5.01855,SPOT_UNSTABLE|LEAKAGE_ASSOC
7.730000,leakage,49.99966,0.200071,-0.02351,25.0125,1.00004,4.87875,4.99387,SPOT_UNSTABLE|LEAKAGE_ASSOC
7.740000,leakage,50.00582,0.199817,-0.13439,25.0202,1.00069,4.87189,5.01097,SPOT_UNSTABLE|LEAKAGE_ASSOC
7.750000,leakage,50.00085,0.199511,-0.07878,25.0248,0.99978,4.84971,5.00254,SPOT_UNSTABLE|LEAKAGE_ASSOC
7.760000,leakage,49.99210,0.200246,-0.18678,25.0138,1.00140,4.86514,4.99578,SPOT_UNSTABLE|LEAKAGE_ASSOC
7.770000,leakage,49.99114,0.199501,-0.12508,25.0059,0.99899,4.84340,4.98748,SPOT_UNSTABLE|LEAKAGE_ASSOC
7.780000,leakage,49.99179,0.200313,-0.22222,25.0140,1.00007,4.84257,4.98381,SPOT_UNSTABLE|LEAKAGE_ASSOC
7.790000,leakage,49.99421,0.200109,-0.21087,25.0227,1.00140,4.83247,4.98923,SPOT_UNSTABLE|LEAKAGE_ASSOC
7.800000,leakage,50.00262,0.199693,-0.26005,25.0130,0.99927,4.84640,4.96092,SPOT_UNSTABLE|LEAKAGE_ASSOC
7.810000,leakage,50.00395,0.199950,-0.27393,25.0250,1.00066,4.83066,4.96150,SPOT_UNSTABLE|LEAKAGE_ASSOC
7.820000,leakage,50.00549,0.199630,-0.31619,25.0236,0.99890,4.82566,4.95410,SPOT_UNSTABLE|LEAKAGE_ASSOC
7.830000,leakage,50.00997,0.199927,-0.34583,25.0110,0.99883,4.82827,4.95087,SPOT_UNSTABLE|LEAKAGE_ASSOC
7.840000,leakage,49.99941,0.199569,-0.28220,25.0073,0.99987,4.82210,4.96907,SPOT_UNSTABLE|LEAKAGE_ASSOC
7.850000,leakage,49.99687,0.199975,-0.32840,25.0137,0.99835,4.81994,4.93617,SPOT_UNSTABLE|LEAKAGE_ASSOC
7.860000,leakage,50.00460,0.199706,-0.39012,25.0123,0.99823,4.79500,4.94628,SPOT_UNSTABLE|LEAKAGE_ASSOC
7.870000,leakage,50.00151,0.199915,-0.41738,25.0244,1.00007,4.79883,4.92938,SPOT_UNSTABLE|LEAKAGE_ASSOC
7.880000,leakage,49.99730,0.200255,-0.38965,25.0133,0.99915,4.80480,4.93591,SPOT_UNSTABLE|LEAKAGE_ASSOC
7.890000,leakage,50.00522,0.200238,-0.43744,25.0106,0.99952,4.77942,4.94694,SPOT_UNSTABLE|LEAKAGE_ASSOC
7.900000,leakage,49.99658,0.199670,-0.45429,25.0208,1.00010,4.78037,4.93465,SPOT_UNSTABLE|LEAKAGE_ASSOC
7.910000,leakage,49.99419,0.199733,-0.50504,25.0128,1.00108,4.77326,4.93591,SPOT_UNSTABLE|LEAKAGE_ASSOC
7.920000,leakage,49.99058,0.200282,-0.47747,25.0147,1.00010,4.77603,4.93803,SPOT_UNSTABLE|LEAKAGE_ASSOC
7.930000,leakage,49.99243,0.199582,-0.54470,25.0167,0.99943,4.77332,4.92951,SPOT_UNSTABLE|LEAKAGE_ASSOC
7.940000,leakage,50.00389,0.200431,-0.58594,25.0081,1.00038,4.76347,4.92480,SPOT_UNSTABLE|LEAKAGE_ASSOC
7.950000,leakage,49.99869,0.199737,-0.59460,25.0130,1.00174,4.76187,4.92330,SPOT_UNSTABLE|LEAKAGE_ASSOC
7.960000,leakage,49.99444,0.200187,-0.60630,25.0074,1.00125,4.75761,4.89541,SPOT_UNSTABLE|LEAKAGE_ASSOC
7.970000,leakage,49.99360,0.200351,-0.64170,25.0241,1.00089,4.74878,4.89348,SPOT_UNSTABLE|LEAKAGE_ASSOC
7.980000,leakage,50.00472,0.199788,-0.63817,25.0225,1.00170,4.75603,4.89792,SPOT_UNSTABLE|LEAKAGE_ASSOC
7.990000,leakage,50.00615,0.199585,-0.66973,25.0084,1.00023,4.73098,4.90454,SPOT_UNSTABLE|LEAKAGE_ASSOC
8.000000,leakage,50.00362,0.200007,-0.63547,25.0234,1.00098,4.72537,4.89176,SPOT_UNSTABLE|LEAKAGE_ASSOC
8.010000,leakage,49.99180,0.199537,-0.67802,25.0189,0.99873,4.74426,4.89128,SPOT_UNSTABLE|LEAKAGE_ASSOC
8.020000,leakage,49.99876,0.200344,-0.74129,25.0061,1.00110,4.72778,4.88738,SPOT_UNSTABLE|LEAKAGE_ASSOC
8.030000,leakage,49.99847,0.200214,-0.78011,25.0227,0.99886,4.72415,4.89247,SPOT_UNSTABLE|LEAKAGE_ASSOC
8.040000,leakage,50.00028,0.200323,-0.78369,25.0203,1.00052,4.71197,4.87598,SPOT_UNSTABLE|LEAKAGE_ASSOC
8.050000,leakage,49.99321,0.199635,-0.81113,25.0216,1.00079,4.70901,4.86620,SPOT_UNSTABLE|LEAKAGE_ASSOC
8.060000,leakage,49.99281,0.199790,-0.78578,25.0238,0.99963,4.71933,4.86466,SPOT_UNSTABLE|LEAKAGE_ASSOC
8.070000,leakage,49.99221,0.200160,-0.80630,25.0244,0.99964,4.71355,4.88333,SPOT_UNSTABLE|LEAKAGE_ASSOC
8.080000,leakage,50.00842,0.200035,-0.79392,25.0089,1.00163,4.70242,4.86558,SPOT_UNSTABLE|LEAKAGE_ASSOC
8.090000,leakage,49.99191,0.200310,-0.85387,25.0101,0.99813,4.69070,4.86082,SPOT_UNSTABLE|LEAKAGE_ASSOC
8.100000,leakage,50.00578,0.200340,-0.85075,25.0101,0.99855,4.70266,4.86925,SPOT_UNSTABLE|LEAKAGE_ASSOC
8.110000,leakage,49.99956,0.200466,-0.91665,25.0167,1.00068,4.70181,4.84428,SPOT_UNSTABLE|LEAKAGE_ASSOC
8.120000,leakage,49.99698,0.200288,-0.95407,25.0164,0.99980,4.68392,4.86042,SPOT_UNSTABLE|LEAKAGE_ASSOC
8.130000,leakage,50.00037,0.200222,-0.95228,25.0154,1.00191,4.68562,4.84497,SPOT_UNSTABLE|LEAKAGE_ASSOC
8.140000,leakage,49.99790,0.200374,-0.91721,25.0151,0.99932,4.68936,4.83441,SPOT_UNSTABLE|LEAKAGE_ASSOC
8.150000,leakage,49.99477,0.199653,-0.98676,25.0199,1.00167,4.67304,4.85265,SPOT_UNSTABLE|LEAKAGE_ASSOC
8.160000,leakage,49.99883,0.200217,-0.99995,25.0064,0.99899,4.67886,4.85228,SPOT_UNSTABLE|LEAKAGE_ASSOC
8.170000,leakage,50.00648,0.199642,-1.00152,25.0074,0.99805,4.65365,4.83940,SPOT_UNSTABLE|LEAKAGE_ASSOC
8.180000,leakage,49.99384,0.199580,-0.97991,25.0124,0.99808,4.66434,4.82839,SPOT_UNSTABLE|LEAKAGE_ASSOC
8.190000,leakage,49.99956,0.200496,-1.02648,25.0119,0.99966,4.65842,4.82199,SPOT_UNSTABLE|LEAKAGE_ASSOC
8.200000,leakage,49.99783,0.200433,-1.00216,25.0241,0.99889,4.65733,4.84388,SPOT_UNSTABLE|LEAKAGE_ASSOC
8.210000,leakage,50.00312,0.199697,-1.08296,25.0105,0.99886,4.63739,4.81927,SPOT_UNSTABLE|LEAKAGE_ASSOC
8.220000,leakage,49.99422,0.200142,-1.04710,25.0200,1.00183,4.65005,4.81822,SPOT_UNSTABLE|LEAKAGE_ASSOC
8.230000,leakage,50.00583,0.199585,-1.13507,25.0219,1.00117,4.64999,4.81759,SPOT_UNSTABLE|LEAKAGE_ASSOC
8.240000,leakage,50.00112,0.200429,-1.11342,25.0182,0.99849,4.65314,4.82788,SPOT_UNSTABLE|LEAKAGE_ASSOC
8.250000,leakage,50.00118,0.200367,-1.07993,25.0162,1.00077,4.63249,4.81860,SPOT_UNSTABLE|LEAKAGE_ASSOC
8.260000,leakage,49.99546,0.199777,-1.09209,25.0090,0.99895,4.64401,4.81044,SPOT_UNSTABLE|LEAKAGE_ASSOC
8.270000,leakage,49.99919,0.199907,-1.17963,25.0152,0.99809,4.64317,4.81167,SPOT_UNSTABLE|LEAKAGE_ASSOC
8.280000,leakage,49.99884,0.200318,-1.12788,25.0165,1.00099,4.63468,4.80423,SPOT_UNSTABLE|LEAKAGE_ASSOC
8.290000,leakage,50.00197,0.199584,-1.20512,25.0221,1.00158,4.61384,4.79496,SPOT_UNSTABLE|LEAKAGE_ASSOC
8.300000,leakage,50.00253,0.199663,-1.19574,25.0184,1.00130,4.62962,4.79087,SPOT_UNSTABLE|LEAKAGE_ASSOC
8.310000,leakage,49.99177,0.199930,-1.16719,25.0120,0.99925,4.61636,4.80581,SPOT_UNSTABLE|LEAKAGE_ASSOC
8.320000,leakage,49.99856,0.199587,-1.17905,25.0180,0.99806,4.61963,4.80173,SPOT_UNSTABLE|LEAKAGE_ASSOC
8.330000,leakage,50.00996,0.200054,-1.24752,25.0144,1.00000,4.61950,4.81041,SPOT_UNSTABLE|LEAKAGE_ASSOC
8.340000,leakage,50.00421,0.199548,-1.19393,25.0221,1.00047,4.59816,4.79305,SPOT_UNSTABLE|LEAKAGE_ASSOC
8.350000,leakage,49.99764,0.199932,-1.25579,25.0103,0.99905,4.59351,4.78593,SPOT_UNSTABLE|LEAKAGE_ASSOC
8.360000,leakage,50.00644,0.199769,-1.27782,25.0086,1.00023,4.59974,4.78687,SPOT_UNSTABLE|LEAKAGE_ASSOC
8.370000,leakage,49.99184,0.199642,-1.32144,25.0146,1.00113,4.59201,4.80288,NONE
8.380000,leakage,50.00574,0.199607,-1.31904,25.0170,1.00163,4.58682,4.77224,NONE
8.390000,leakage,50.00942,0.199547,-1.32484,25.0242,1.00131,4.58275,4.79224,NONE
8.400000,leakage,49.99239,0.200234,-1.26722,25.0113,1.00142,4.59980,4.77098,NONE
8.410000,leakage,49.99268,0.200456,-1.27570,25.0162,1.00071,4.58397,4.78931,NONE
8.420000,leakage,49.99839,0.199820,-1.29962,25.0076,0.99925,4.59576,4.77957,NONE
8.430000,leakage,49.99934,0.199775,-1.30001,25.0170,1.00146,4.58208,4.76459,NONE
8.440000,leakage,50.00154,0.200491,-1.34543,25.0109,0.99860,4.57210,4.77382,NONE
8.450000,leakage,50.00536,0.199965,-1.39568,25.0218,1.00157,4.59268,4.78934,NONE
8.460000,leakage,49.99070,0.199938,-1.35711,25.0253,1.00041,4.58405,4.76833,NONE
8.470000,leakage,49.99339,0.199931,-1.40310,25.0141,0.99931,4.58013,4.76065,NONE
8.480000,leakage,49.99892,0.199690,-1.38358,25.0116,1.00048,4.58521,4.75941,NONE
8.490000,leakage,49.99397,0.199775,-1.40602,25.0181,1.00125,4.58551,4.75620,NONE
8.500000,leakage,49.99106,0.200313,-1.41392,25.0096,1.00178,4.57236,4.78208,NONE
8.510000,leakage,49.99182,0.200268,-1.37209,25.0204,0.99958,4.57808,4.77219,NONE
8.520000,leakage,49.99984,0.200247,-1.43999,25.0188,1.00005,4.57365,4.75736,NONE
8.530000,leakage,49.99733,0.199912,-1.45684,25.0080,0.99823,4.56591,4.74845,NONE
8.540000,leakage,49.99633,0.200168,-1.40168,25.0180,1.00010,4.55742,4.75138,NONE
8.550000,leakage,49.99457,0.200271,-1.47170,25.0197,0.99833,4.57579,4.75212,NONE
8.560000,leakage,50.00295,0.199753,-1.44733,25.0133,0.99916,4.57230,4.76065,NONE
8.570000,leakage,50.00336,0.199737,-1.45125,25.0262,1.00166,4.56679,4.74419,NONE
8.580000,leakage,50.00619,0.200069,-1.43393,25.0214,1.00023,4.55104,4.75387,NONE
8.590000,leakage,49.99493,0.199833,-1.48980,25.0119,0.99859,4.56299,4.75237,NONE
8.600000,leakage,50.00827,0.199598,-1.42430,25.0187,1.00183,4.56681,4.74785,NONE
8.610000,leakage,49.99047,0.199832,-1.44699,25.0107,0.99813,4.55599,4.76643,NONE
8.620000,leakage,50.00791,0.199678,-1.48222,25.0239,0.99846,4.55364,4.76959,NONE
8.630000,leakage,50.00998,0.199824,-1.49003,25.0125,0.99927,4.56383,4.75036,NONE
8.640000,leakage,50.00738,0.199978,-1.43836,25.0209,0.99836,4.56920,4.76581,NONE
8.650000,leakage,49.99665,0.200484,-1.44004,25.0236,0.99826,4.54574,4.76627,NONE
8.660000,leakage,50.00116,0.200058,-1.46963,25.0116,0.99947,4.55023,4.74123,NONE
8.670000,leakage,50.00124,0.199764,-1.46576,25.0222,0.99853,4.55063,4.73915,NONE
8.680000,leakage,49.99784,0.200206,-1.52114,25.0100,0.99916,4.54474,4.74604,NONE
8.690000,leakage,50.00243,0.199613,-1.51288,25.0246,0.99872,4.54576,4.73762,NONE
8.700000,leakage,49.99769,0.200098,-1.47089,25.0205,0.99823,4.56373,4.73609,NONE
8.710000,leakage,50.00382,0.199602,-1.51598,25.0209,1.00194,4.55989,4.76393,NONE
8.720000,leakage,49.99918,0.199506,-1.51302,25.0139,0.99819,4.54431,4.75541,NONE
8.730000,leakage,49.99849,0.200268,-1.50544,25.0210,1.00048,4.54697,4.76487,NONE
8.740000,leakage,49.99544,0.199836,-1.48310,25.0177,0.99946,4.53844,4.74465,NONE
8.750000,leakage,50.00775,0.199821,-1.53813,25.0240,0.99842,4.54168,4.74507,NONE
8.760000,leakage,49.99261,0.199699,-1.48847,25.0235,0.99905,4.56340,4.73975,NONE
8.770000,leakage,49.99398,0.200035,-1.54130,25.0268,1.00082,4.55030,4.74257,NONE
8.780000,leakage,49.99176,0.199748,-1.50610,25.0157,1.00004,4.55375,4.73732,NONE
8.790000,leakage,49.99973,0.200368,-1.50847,25.0242,1.00030,4.56033,4.74530,NONE
8.800000,leakage,49.99149,0.200465,-1.48874,25.0088,1.00147,4.55680,4.74576,NONE
8.810000,leakage,50.00632,0.199974,-1.51714,25.0263,1.00196,4.54272,4.74329,NONE
8.820000,leakage,50.00558,0.200272,-1.44656,25.0253,1.00071,4.55581,4.73938,NONE
8.830000,leakage,49.99880,0.200130,-1.49503,25.0276,1.00065,4.56250,4.75623,NONE
8.840000,leakage,49.99500,0.200098,-1.46339,25.0162,0.99943,4.56542,4.75488,NONE
8.850000,leakage,49.99859,0.199946,-1.43817,25.0226,0.99985,4.53997,4.73782,NONE
8.860000,leakage,50.00304,0.200147,-1.43493,25.0149,0.99863,4.54225,4.75075,NONE
8.870000,leakage,50.00441,0.199947,-1.52372,25.0179,1.00200,4.55575,4.76683,NONE
8.880000,leakage,50.00200,0.199924,-1.49733,25.0164,0.99848,4.55895,4.76963,NONE
8.890000,leakage,49.99540,0.200438,-1.45739,25.0176,1.00189,4.55304,4.74895,NONE
8.900000,leakage,50.00640,0.200333,-1.41913,25.0137,1.00114,4.55260,4.76538,NONE
8.910000,leakage,50.00025,0.200401,-1.49268,25.0261,0.99969,4.54837,4.74412,NONE
8.920000,leakage,50.00730,0.199808,-1.47481,25.0220,1.00154,4.56599,4.75083,NONE
8.930000,leakage,49.99307,0.200239,-1.45142,25.0140,0.99927,4.55289,4.75771,NONE
8.940000,leakage,49.99074,0.199581,-1.47427,25.0150,0.99824,4.57468,4.76210,NONE
8.950000,leakage,50.00238,0.199850,-1.40532,25.0105,1.00013,4.56893,4.76358,NONE
8.960000,leakage,50.00765,0.200418,-1.40703,25.0161,1.00092,4.56041,4.76143,NONE
8.970000,leakage,50.00523,0.199590,-1.44080,25.0158,1.00056,4.57549,4.76866,NONE
8.980000,leakage,49.99846,0.199937,-1.44231,25.0278,1.00012,4.57448,4.75663,NONE
8.990000,leakage,50.00493,0.200461,-1.36735,25.0137,0.99891,4.58106,4.75449,NONE
9.000000,leakage,50.00944,0.200170,-1.42490,25.0191,0.99952,4.57044,4.78029,NONE
9.010000,leakage,50.00964,0.199651,-1.43756,25.0277,0.99831,4.57673,4.75793,NONE
9.020000,leakage,50.00584,0.199732,-1.39071,25.0238,0.99932,4.56470,4.77172,NONE
9.030000,leakage,50.00205,0.200209,-1.36800,25.0117,1.00127,4.56707,4.77302,NONE
9.040000,leakage,49.99550,0.200029,-1.41339,25.0263,1.00121,4.58430,4.76662,NONE
9.050000,leakage,50.00719,0.200406,-1.37778,25.0193,1.00124,4.58410,4.77558,NONE
9.060000,leakage,50.00177,0.199859,-1.35427,25.0159,1.00178,4.57477,4.76983,NONE
9.070000,leakage,50.00928,0.200090,-1.34098,25.0132,0.99978,4.58083,4.77290,NONE
9.080000,leakage,49.99301,0.199579,-1.33931,25.0131,0.99929,4.58387,4.78340,NONE
9.090000,leakage,50.00913,0.200366,-1.27207,25.0258,1.00191,4.58990,4.79104,NONE
9.100000,leakage,50.00299,0.200372,-1.29911,25.0269,1.00043,4.60227,4.78059,NONE
9.110000,leakage,49.99302,0.200024,-1.27517,25.0111,1.00175,4.60851,4.77165,NONE
9.120000,leakage,50.00987,0.200039,-1.29876,25.0104,1.00093,4.59523,4.78557,NONE
9.130000,leakage,49.99332,0.199667,-1.28174,25.0199,0.99825,4.59776,4.77819,NONE
9.140000,leakage,49.99576,0.199714,-1.22284,25.0144,1.00154,4.60354,4.80244,NONE
9.150000,leakage,50.00132,0.200181,-1.22064,25.0167,0.99925,4.59276,4.78730,NONE
9.160000,leakage,49.99155,0.200156,-1.28608,25.0167,0.99865,4.62254,4.79625,NONE
9.170000,leakage,49.99550,0.200439,-1.20344,25.0170,1.00097,4.61216,4.79384,NONE
9.180000,leakage,49.99856,0.200121,-1.18007,25.0199,0.99945,4.61870,4.78549,NONE
9.190000,leakage,49.99464,0.199725,-1.21019,25.0088,1.00018,4.62370,4.79840,NONE
9.200000,leakage,49.99577,0.200129,-1.16066,25.0201,1.00059,4.60912,4.79179,NONE
9.210000,leakage,50.00653,0.199540,-1.22010,25.0192,0.99928,4.63798,4.81111,NONE
9.220000,leakage,50.00547,0.199987,-1.19725,25.0184,0.99996,4.62352,4.80017,NONE
9.230000,leakage,49.99982,0.200200,-1.19164,25.0161,0.99940,4.61749,4.80739,NONE
9.240000,leakage,50.00706,0.199995,-1.16334,25.0260,1.00069,4.63715,4.82386,NONE
9.250000,leakage,49.99155,0.200028,-1.15105,25.0090,0.99877,4.64451,4.82660,NONE
9.260000,leakage,49.99500,0.200261,-1.11596,25.0269,1.00199,4.63854,4.81367,NONE
9.270000,leakage,49.99582,0.200045,-1.04141,25.0172,0.99821,4.64068,4.82501,NONE
9.280000,leakage,49.99851,0.200158,-1.10881,25.0144,0.99860,4.65495,4.83453,NONE
9.290000,leakage,49.99192,0.199965,-1.00899,25.0279,0.99800,4.63603,4.83772,NONE
9.300000,leakage,49.99402,0.200136,-1.07864,25.0179,0.99975,4.64295,4.82375,NONE
9.310000,leakage,50.00470,0.199973,-1.00445,25.0256,1.00134,4.64631,4.84092,NONE
9.320000,leakage,49.99277,0.199962,-1.05574,25.0121,1.00034,4.64808,4.82741,NONE
9.330000,leakage,49.99596,0.200435,-0.94676,25.0227,0.99968,4.67851,4.83416,NONE
9.340000,leakage,49.99142,0.199621,-0.94587,25.0256,1.00107,4.65837,4.84684,NONE
9.350000,leakage,50.00607,0.200204,-0.98098,25.0140,1.00157,4.67480,4.85320,NONE
9.360000,leakage,49.99962,0.200497,-0.93097,25.0143,0.99954,4.67842,4.83577,NONE
9.370000,leakage,50.00941,0.199855,-0.95169,25.0240,1.00087,4.67940,4.86477,NONE
9.380000,leakage,50.00132,0.199753,-0.90929,25.0217,0.99811,4.68533,4.86515,NONE
9.390000,leakage,49.99875,0.199773,-0.85536,25.0154,0.99935,4.69063,4.85682,NONE
9.400000,leakage,49.99218,0.200058,-0.85964,25.0099,1.00031,4.70239,4.85592,NONE
9.410000,leakage,50.00148,0.199968,-0.82025,25.0273,1.00016,4.68504,4.85896,NONE
9.420000,leakage,50.00041,0.199520,-0.83917,25.0187,1.00008,4.69241,4.87457,NONE
9.430000,leakage,49.99780,0.200411,-0.83731,25.0260,1.00134,4.70294,4.87881,NONE
9.440000,leakage,50.00901,0.199920,-0.82746,25.0152,0.99963,4.71738,4.86153,NONE
9.450000,leakage,50.00758,0.200110,-0.82092,25.0147,1.00026,4.72777,4.87878,NONE
9.460000,leakage,50.00906,0.199788,-0.78066,25.0265,0.99826,4.71593,4.88315,NONE
9.470000,leakage,50.00054,0.199724,-0.76088,25.0162,0.99931,4.71587,4.88523,NONE
9.480000,leakage,49.99431,0.200354,-0.67704,25.0223,1.00016,4.71275,4.87230,NONE
9.490000,leakage,49.99444,0.199610,-0.72809,25.0162,1.00193,4.73229,4.89585,NONE
9.500000,leakage,49.99114,0.199769,-0.68793,25.0112,0.99890,4.74508,4.89701,NONE
9.510000,leakage,49.99990,0.199667,-0.66141,25.0249,0.99945,4.75201,4.90268,NONE
9.520000,leakage,49.99333,0.200068,-0.61451,25.0138,1.00148,4.74924,4.90764,NONE
9.530000,leakage,49.99883,0.200445,-0.58471,25.0176,1.00175,4.75817,4.90433,NONE
9.540000,leakage,49.99187,0.199839,-0.56008,25.0119,1.00025,4.76534,4.90827,NONE
9.550000,leakage,50.00859,0.199522,-0.52588,25.0153,1.00129,4.74961,4.92437,NONE
9.560000,leakage,50.00524,0.200473,-0.57827,25.0218,0.99866,4.77830,4.90374,NONE
9.570000,leakage,49.99552,0.200498,-0.52659,25.0253,0.99948,4.78324,4.92890,NONE
9.580000,leakage,49.99871,0.199745,-0.51801,25.0139,0.99938,4.77035,4.93706,NONE
9.590000,leakage,50.00252,0.199897,-0.48688,25.0139,0.99849,4.77189,4.92856,NONE
9.600000,leakage,50.00066,0.200468,-0.49626,25.0128,0.99808,4.78019,4.91979,NONE
9.610000,leakage,49.99573,0.200028,-0.47617,25.0245,1.00175,4.79967,4.94427,NONE
9.620000,leakage,49.99481,0.200499,-0.43627,25.0232,0.99902,4.79971,4.94709,NONE
9.630000,leakage,49.99684,0.200457,-0.40552,25.0242,0.99852,4.80426,4.95436,NONE
9.640000,leakage,49.99591,0.199648,-0.33339,25.0268,1.00146,4.81725,4.94652,NONE
9.650000,leakage,50.00171,0.200223,-0.38841,25.0114,1.00170,4.80249,4.93994,NONE
9.660000,leakage,49.99971,0.199516,-0.31894,25.0137,0.99800,4.82808,4.94186,NONE
9.670000,leakage,49.99316,0.200378,-0.26369,25.0254,0.99971,4.83269,4.94778,NONE
9.680000,leakage,50.00139,0.200118,-0.30564,25.0208,0.99806,4.81631,4.95806,NONE
9.690000,leakage,50.00862,0.199929,-0.30694,25.0253,0.99929,4.82738,4.98177,NONE
9.700000,leakage,49.99708,0.199769,-0.28359,25.0188,1.00170,4.84805,4.98598,NONE
9.710000,leakage,50.00127,0.199763,-0.26084,25.0169,1.00048,4.85400,4.96784,NONE
9.720000,leakage,50.00607,0.200335,-0.21243,25.0158,1.00191,4.83151,4.98516,NONE
9.730000,leakage,50.00954,0.199933,-0.16286,25.0123,0.99993,4.84244,4.97912,NONE
9.740000,leakage,49.99405,0.200039,-0.09251,25.0099,1.00183,4.86711,4.99368,NONE
9.750000,leakage,50.00392,0.200494,-0.08570,25.0105,1.00131,4.86644,5.00084,NONE
9.760000,leakage,50.00536,0.199635,-0.11385,25.0288,1.00014,4.86660,4.99573,SPOT_UNSTABLE|LEAKAGE_ASSOC
9.770000,leakage,50.00451,0.200386,-0.02439,25.0144,0.99818,4.87581,5.01421,SPOT_UNSTABLE|LEAKAGE_ASSOC
9.780000,leakage,50.00197,0.199531,-0.04501,25.0247,1.00018,4.87625,5.00410,SPOT_UNSTABLE|LEAKAGE_ASSOC
9.790000,leakage,49.99789,0.200268,-0.00821,25.0197,1.00032,4.89617,5.01748,SPOT_UNSTABLE|LEAKAGE_ASSOC
9.800000,leakage,50.00462,0.200392,0.04577,25.0165,0.99918,4.90305,5.00594,SPOT_UNSTABLE|LEAKAGE_ASSOC
9.810000,leakage,49.99963,0.200255,0.02003,25.0285,0.99812,4.89885,5.02723,SPOT_UNSTABLE|LEAKAGE_ASSOC
9.820000,leakage,49.99310,0.200414,0.07983,25.0160,0.99963,4.88533,5.02016,SPOT_UNSTABLE|LEAKAGE_ASSOC
9.830000,leakage,49.99009,0.199790,0.08805,25.0192,1.00093,4.91313,5.01588,SPOT_UNSTABLE|LEAKAGE_ASSOC
9.840000,leakage,49.99529,0.199959,0.09130,25.0234,1.00092,4.91781,5.04254,SPOT_UNSTABLE|LEAKAGE_ASSOC
9.850000,leakage,50.00716,0.199881,0.08741,25.0171,0.99925,4.92167,5.02903,SPOT_UNSTABLE|LEAKAGE_ASSOC
9.860000,leakage,49.99311,0.200087,0.16615,25.0150,0.99889,4.91806,5.02590,SPOT_UNSTABLE|LEAKAGE_ASSOC
9.870000,leakage,49.99186,0.200361,0.13754,25.0125,0.99851,4.91693,5.04039,SPOT_UNSTABLE|LEAKAGE_ASSOC
9.880000,leakage,50.00610,0.199819,0.19580,25.0119,1.00166,4.92226,5.03487,SPOT_UNSTABLE|LEAKAGE_ASSOC
9.890000,leakage,50.00238,0.200029,0.20163,25.0255,1.00130,4.92582,5.03995,SPOT_UNSTABLE|LEAKAGE_ASSOC
9.900000,leakage,49.99395,0.200203,0.25086,25.0292,1.00039,4.95651,5.05395,SPOT_UNSTABLE|LEAKAGE_ASSOC
9.910000,leakage,49.99998,0.200348,0.31835,25.0123,0.99847,4.94109,5.05401,SPOT_UNSTABLE|LEAKAGE_ASSOC
9.920000,leakage,49.99636,0.199630,0.25834,25.0153,0.99985,4.94118,5.05223,SPOT_UNSTABLE|LEAKAGE_ASSOC
9.930000,leakage,49.99847,0.200027,0.36301,25.0183,0.99902,4.95595,5.07139,SPOT_UNSTABLE|LEAKAGE_ASSOC
9.940000,leakage,49.99686,0.199760,0.34571,25.0192,1.00187,4.95296,5.06293,SPOT_UNSTABLE|LEAKAGE_ASSOC
9.950000,leakage,49.99797,0.200270,0.32625,25.0207,0.99875,4.97143,5.08942,SPOT_UNSTABLE|LEAKAGE_ASSOC
9.960000,leakage,50.00350,0.200060,0.37930,25.0224,0.99954,4.97811,5.07991,SPOT_UNSTABLE|LEAKAGE_ASSOC
9.970000,leakage,50.00497,0.199850,0.40313,25.0181,0.99830,4.98007,5.08399,SPOT_UNSTABLE|LEAKAGE_ASSOC
9.980000,leakage,50.00006,0.199808,0.40278,25.0249,0.99892,4.97417,5.08172,SPOT_UNSTABLE|LEAKAGE_ASSOC
9.990000,leakage,49.99590,0.200474,0.47703,25.0240,0.99908,4.99183,5.09151,SPOT_UNSTABLE|LEAKAGE_ASSOC
10.000000,leakage,50.00221,0.199619,0.45636,25.0248,1.00145,4.99111,5.09461,SPOT_UNSTABLE|LEAKAGE_ASSOC
10.010000,leakage,50.00111,0.200271,0.56707,25.0117,0.99850,5.00546,5.10373,SPOT_UNSTABLE|LEAKAGE_ASSOC
10.020000,leakage,49.99107,0.199553,0.55943,25.0147,0.99907,5.01082,5.09503,SPOT_UNSTABLE|LEAKAGE_ASSOC
10.030000,leakage,49.99230,0.199657,0.54174,25.0191,1.00009,5.01825,5.10126,SPOT_UNSTABLE|LEAKAGE_ASSOC
10.040000,leakage,49.99722,0.199869,0.64980,25.0243,0.99869,5.03020,5.12769,SPOT_UNSTABLE|LEAKAGE_ASSOC
10.050000,leakage,49.99963,0.200426,0.59028,25.0147,0.99868,5.01467,5.11506,SPOT_UNSTABLE|LEAKAGE_ASSOC
10.060000,leakage,50.00806,0.199920,0.62352,25.0181,1.00081,5.04214,5.11255,SPOT_UNSTABLE|LEAKAGE_ASSOC
10.070000,leakage,50.00654,0.199694,0.64447,25.0164,1.00045,5.04916,5.11894,SPOT_UNSTABLE|LEAKAGE_ASSOC
10.080000,leakage,49.99699,0.199725,0.69044,25.0233,0.99886,5.03556,5.13182,SPOT_UNSTABLE|LEAKAGE_ASSOC
10.090000,leakage,50.00234,0.200408,0.76223,25.0105,0.99826,5.04374,5.13719,SPOT_UNSTABLE|LEAKAGE_ASSOC
10.100000,leakage,50.00006,0.199872,0.78496,25.0264,0.99991,5.05351,5.15089,SPOT_UNSTABLE|LEAKAGE_ASSOC
10.110000,leakage,49.99515,0.199522,0.77747,25.0265,1.00135,5.04826,5.16150,SPOT_UNSTABLE|LEAKAGE_ASSOC
10.120000,leakage,50.00042,0.199735,0.82873,25.0243,0.99979,5.06269,5.16451,SPOT_UNSTABLE|LEAKAGE_ASSOC
10.130000,leakage,49.99309,0.199750,0.79420,25.0246,1.00000,5.07210,5.14773,SPOT_UNSTABLE|LEAKAGE_ASSOC
10.140000,leakage,50.00083,0.200019,0.86442,25.0107,0.99863,5.07213,5.16568,SPOT_UNSTABLE|LEAKAGE_ASSOC
10.150000,leakage,49.99048,0.200063,0.91327,25.0248,1.00032,5.08275,5.16706,SPOT_UNSTABLE|LEAKAGE_ASSOC
10.160000,leakage,49.99383,0.199535,0.94835,25.0114,0.99852,5.08854,5.17912,SPOT_UNSTABLE|LEAKAGE_ASSOC
10.170000,leakage,49.99920,0.199904,0.93308,25.0199,0.99981,5.09125,5.18490,SPOT_UNSTABLE|LEAKAGE_ASSOC
10.180000,leakage,49.99577,0.200321,0.93519,25.0123,0.99808,5.11339,5.18802,SPOT_UNSTABLE|LEAKAGE_ASSOC
10.190000,leakage,50.00521,0.200415,1.01836,25.0119,1.00176,5.11785,5.18649,SPOT_UNSTABLE|LEAKAGE_ASSOC
10.200000,leakage,50.00046,0.199879,0.99281,25.0106,0.99869,5.12010,5.19178,SPOT_UNSTABLE|LEAKAGE_ASSOC
10.210000,leakage,49.99735,0.200078,0.98867,25.0250,1.00122,5.12667,5.18721,SPOT_UNSTABLE|LEAKAGE_ASSOC
10.220000,leakage,50.00688,0.199945,1.07913,25.0253,0.99933,5.11815,5.20763,SPOT_UNSTABLE|LEAKAGE_ASSOC
10.230000,leakage,49.99101,0.199794,1.09830,25.0143,1.00025,5.11604,5.19974,SPOT_UNSTABLE|LEAKAGE_ASSOC
10.240000,leakage,50.00945,0.199943,1.07851,25.0121,0.99820,5.13422,5.18994,SPOT_UNSTABLE|LEAKAGE_ASSOC
10.250000,leakage,50.00478,0.200038,1.16649,25.0297,1.00112,5.14506,5.21721,SPOT_UNSTABLE|LEAKAGE_ASSOC
10.260000,leakage,50.00526,0.199544,1.16268,25.0153,0.99958,5.14858,5.22202,SPOT_UNSTABLE|LEAKAGE_ASSOC
10.270000,leakage,50.00500,0.199973,1.12888,25.0119,1.00186,5.13654,5.22218,SPOT_UNSTABLE|LEAKAGE_ASSOC
10.280000,leakage,49.99676,0.199798,1.19260,25.0198,1.00002,5.16504,5.20578,SPOT_UNSTABLE|LEAKAGE_ASSOC
10.290000,leakage,50.00170,0.199731,1.22342,25.0302,0.99845,5.14639,5.22293,SPOT_UNSTABLE|LEAKAGE_ASSOC
10.300000,leakage,50.00590,0.199531,1.24372,25.0251,0.99893,5.15771,5.21874,SPOT_UNSTABLE|LEAKAGE_ASSOC
10.310000,leakage,50.00219,0.200187,1.25290,25.0280,1.00167,5.16856,5.23356,SPOT_UNSTABLE|LEAKAGE_ASSOC
10.320000,leakage,49.99505,0.200238,1.29920,25.0220,0.99823,5.17316,5.23540,SPOT_UNSTABLE|LEAKAGE_ASSOC
10.330000,leakage,49.99595,0.199852,1.28816,25.0290,0.99855,5.17784,5.23869,SPOT_UNSTABLE|LEAKAGE_ASSOC
10.340000,leakage,50.00443,0.200138,1.34546,25.0212,0.99808,5.18524,5.25534,SPOT_UNSTABLE|LEAKAGE_ASSOC
10.350000,leakage,49.99757,0.199754,1.34747,25.0188,1.00066,5.18894,5.24968,SPOT_UNSTABLE|LEAKAGE_ASSOC
10.360000,leakage,49.99475,0.200387,1.40231,25.0203,1.00006,5.20769,5.26187,SPOT_UNSTABLE|LEAKAGE_ASSOC
10.370000,leakage,50.00587,0.199696,1.41393,25.0213,0.99890,5.19412,5.25402,SPOT_UNSTABLE|LEAKAGE_ASSOC
10.380000,leakage,50.00059,0.200293,1.45806,25.0204,1.00048,5.22004,5.26900,SPOT_UNSTABLE|LEAKAGE_ASSOC
10.390000,leakage,50.00614,0.199880,1.49135,25.0258,0.99814,5.22253,5.26451,SPOT_UNSTABLE|LEAKAGE_ASSOC
10.400000,leakage,50.00350,0.199747,1.43897,25.0173,1.00200,5.21025,5.25815,SPOT_UNSTABLE|LEAKAGE_ASSOC
10.410000,leakage,50.00213,0.199915,1.45540,25.0223,0.99884,5.23624,5.27710,SPOT_UNSTABLE|LEAKAGE_ASSOC
10.420000,leakage,49.99795,0.199632,1.55405,25.0232,1.00138,5.23661,5.27532,SPOT_UNSTABLE|LEAKAGE_ASSOC
10.430000,leakage,49.99439,0.200398,1.48709,25.0208,1.00101,5.22110,5.27786,SPOT_UNSTABLE|LEAKAGE_ASSOC
10.440000,leakage,49.99619,0.199615,1.50091,25.0125,0.99885,5.22728,5.29297,SPOT_UNSTABLE|LEAKAGE_ASSOC
10.450000,leakage,49.99464,0.200047,1.58722,25.0183,1.00107,5.23818,5.28674,SPOT_UNSTABLE|LEAKAGE_ASSOC
10.460000,leakage,49.99477,0.200185,1.62849,25.0207,0.99916,5.23108,5.30338,SPOT_UNSTABLE|LEAKAGE_ASSOC
10.470000,leakage,50.00161,0.200410,1.61763,25.0151,0.99986,5.24396,5.30136,SPOT_UNSTABLE|LEAKAGE_ASSOC
10.480000,leakage,49.99272,0.200044,1.60839,25.0167,1.00168,5.24456,5.30058,SPOT_UNSTABLE|LEAKAGE_ASSOC
10.490000,leakage,49.99545,0.199899,1.60615,25.0260,1.00151,5.24864,5.31416,SPOT_UNSTABLE|LEAKAGE_ASSOC
10.500000,leakage,50.00549,0.199521,1.69971,25.0125,1.00132,5.26900,5.29161,SPOT_UNSTABLE|LEAKAGE_ASSOC
10.510000,leakage,49.99454,0.200087,1.74208,25.0131,0.99929,5.26126,5.30271,SPOT_UNSTABLE|LEAKAGE_ASSOC
10.520000,leakage,50.00569,0.199761,1.68441,25.0237,1.00159,5.27537,5.31253,SPOT_UNSTABLE|LEAKAGE_ASSOC
10.530000,leakage,49.99348,0.200180,1.78413,25.0118,1.00126,5.27225,5.30365,SPOT_UNSTABLE|LEAKAGE_ASSOC
10.540000,leakage,49.99771,0.200422,1.73170,25.0135,0.99879,5.29540,5.32639,SPOT_UNSTABLE|LEAKAGE_ASSOC
10.550000,leakage,50.00376,0.200084,1.76036,25.0124,0.99846,5.28803,5.32607,SPOT_UNSTABLE|LEAKAGE_ASSOC
10.560000,leakage,50.00530,0.199723,1.80296,25.0202,1.00125,5.29114,5.33742,SPOT_UNSTABLE|LEAKAGE_ASSOC
10.570000,leakage,50.00212,0.199965,1.76434,25.0268,0.99940,5.29233,5.33826,SPOT_UNSTABLE|LEAKAGE_ASSOC
10.580000,leakage,49.99419,0.200364,1.86395,25.0148,0.99875,5.30460,5.32303,SPOT_UNSTABLE|LEAKAGE_ASSOC
10.590000,leakage,49.99518,0.200332,1.80130,25.0199,0.99925,5.30494,5.34361,SPOT_UNSTABLE|LEAKAGE_ASSOC
10.600000,leakage,49.99344,0.200224,1.90949,25.0213,1.00120,5.31106,5.34176,SPOT_UNSTABLE|LEAKAGE_ASSOC
10.610000,leakage,50.00561,0.199858,1.91765,25.0177,0.99822,5.32475,5.35477,SPOT_UNSTABLE|LEAKAGE_ASSOC
10.620000,leakage,49.99470,0.200358,1.85982,25.0292,0.99950,5.30495,5.35612,SPOT_UNSTABLE|LEAKAGE_ASSOC
10.630000,leakage,49.99525,0.200168,1.91406,25.0162,1.00001,5.32890,5.36093,SPOT_UNSTABLE|LEAKAGE_ASSOC
10.640000,leakage,50.00443,0.199734,1.93732,25.0249,1.00071,5.31457,5.34275,SPOT_UNSTABLE|LEAKAGE_ASSOC
10.650000,leakage,49.99506,0.199970,2.00135,25.0214,1.00156,5.32993,5.36899,SPOT_UNSTABLE|LEAKAGE_ASSOC
10.660000,leakage,49.99732,0.199950,2.00927,25.0139,0.99988,5.33121,5.36375,SPOT_UNSTABLE|LEAKAGE_ASSOC
10.670000,leakage,49.99315,0.200058,1.96743,25.0281,0.99823,5.34442,5.34650,SPOT_UNSTABLE|LEAKAGE_ASSOC
10.680000,leakage,49.99430,0.199883,1.96824,25.0205,0.99826,5.33801,5.36135,SPOT_UNSTABLE|LEAKAGE_ASSOC
10.690000,leakage,49.99021,0.200065,1.98764,25.0117,1.00015,5.35746,5.38056,SPOT_UNSTABLE|LEAKAGE_ASSOC
10.700000,leakage,50.00390,0.200428,2.04688,25.0128,1.00060,5.34471,5.35765,SPOT_UNSTABLE|LEAKAGE_ASSOC
10.710000,leakage,50.00851,0.200380,2.08664,25.0313,0.99831,5.35386,5.37271,SPOT_UNSTABLE|LEAKAGE_ASSOC
10.720000,leakage,50.00606,0.200273,2.11071,25.0160,1.00157,5.34451,5.38131,SPOT_UNSTABLE|LEAKAGE_ASSOC
10.730000,leakage,50.00771,0.200477,2.05386,25.0169,0.99830,5.34538,5.36356,SPOT_UNSTABLE|LEAKAGE_ASSOC
10.740000,leakage,49.99934,0.199521,2.07122,25.0206,0.99984,5.34883,5.38884,SPOT_UNSTABLE|LEAKAGE_ASSOC
10.750000,leakage,49.99800,0.200012,2.08262,25.0124,1.00150,5.36256,5.37386,NONE
10.760000,leakage,50.00300,0.200026,2.09431,25.0291,0.99805,5.36339,5.37748,NONE
10.770000,leakage,50.00192,0.199677,2.15173,25.0261,1.00193,5.38368,5.39679,NONE
10.780000,leakage,49.99944,0.200156,2.17637,25.0205,0.99882,5.36523,5.39574,NONE
10.790000,leakage,49.99934,0.199706,2.15308,25.0240,1.00039,5.39187,5.40355,NONE
10.800000,leakage,50.00725,0.200250,2.20364,25.0149,1.00163,5.38304,5.39425,NONE
10.810000,leakage,50.00921,0.199578,2.19784,25.0131,1.00050,5.36909,5.39517,NONE
10.820000,leakage,50.00699,0.200056,2.23160,25.0284,1.00144,5.37311,5.39925,NONE
10.830000,leakage,49.99609,0.200480,2.26033,25.0306,1.00093,5.38108,5.39168,NONE
10.840000,leakage,50.00574,0.199841,2.20020,25.0286,1.00098,5.38868,5.39223,NONE
10.850000,leakage,49.99159,0.199948,2.25245,25.0270,1.00051,5.38558,5.41125,NONE
10.860000,leakage,50.00071,0.200225,2.27015,25.0243,1.00171,5.41202,5.40701,NONE
10.870000,leakage,49.99166,0.199519,2.31544,25.0291,1.00032,5.38647,5.41886,NONE
10.880000,leakage,49.99086,0.200300,2.30583,25.0231,0.99893,5.40389,5.39921,NONE
10.890000,leakage,50.00074,0.199541,2.27889,25.0256,1.00127,5.39267,5.41308,NONE
10.900000,leakage,50.00684,0.199627,2.27300,25.0155,1.00126,5.39566,5.41610,NONE
10.910000,leakage,50.00603,0.200313,2.32340,25.0119,1.00190,5.41313,5.43315,NONE
10.920000,leakage,50.00790,0.200468,2.34581,25.0311,0.99817,5.40234,5.42837,NONE
10.930000,leakage,50.00826,0.199801,2.30070,25.0137,1.00070,5.42111,5.43243,NONE
10.940000,leakage,50.00800,0.199602,2.35861,25.0212,1.00036,5.42183,5.43146,NONE
10.950000,leakage,49.99358,0.200018,2.36906,25.0275,1.00120,5.42309,5.41200,NONE
10.960000,leakage,50.00645,0.200377,2.37544,25.0222,1.00101,5.41359,5.41482,NONE
10.970000,leakage,49.99314,0.200253,2.39873,25.0303,0.99972,5.41287,5.42477,NONE
10.980000,leakage,50.00898,0.199805,2.41455,25.0128,0.99897,5.42132,5.42439,NONE
10.990000,leakage,50.00542,0.200273,2.34841,25.0145,0.99842,5.44025,5.41937,NONE
11.000000,leakage,49.99810,0.199614,2.43827,25.0129,1.00033,5.43440,5.42852,NONE
11.010000,leakage,50.00240,0.199935,2.41535,25.0182,0.99907,5.44010,5.41994,NONE
11.020000,leakage,50.00430,0.199737,2.43198,25.0301,1.00125,5.42577,5.43328,NONE
11.030000,leakage,50.00476,0.199970,2.37505,25.0155,1.00144,5.44068,5.43585,NONE
11.040000,leakage,50.00739,0.199893,2.42949,25.0312,0.99941,5.42443,5.43953,NONE
11.050000,leakage,50.00576,0.200488,2.45800,25.0291,0.99908,5.42496,5.43979,NONE
11.060000,leakage,49.99696,0.200139,2.42889,25.0181,1.00183,5.43219,5.44603,NONE
11.070000,leakage,50.00869,0.199685,2.41632,25.0162,1.00056,5.44376,5.44682,NONE
11.080000,leakage,50.00845,0.199732,2.46300,25.0240,0.99988,5.43281,5.44871,NONE
11.090000,leakage,49.99041,0.199750,2.41920,25.0273,0.99820,5.43992,5.44691,NONE
11.100000,leakage,50.00340,0.199818,2.47303,25.0136,1.00151,5.43935,5.43119,NONE
11.110000,leakage,49.99487,0.199780,2.43901,25.0256,1.00128,5.44777,5.44131,NONE
11.120000,leakage,50.00430,0.200432,2.46550,25.0183,1.00140,5.42933,5.45484,NONE
11.130000,leakage,50.00662,0.199983,2.45530,25.0169,0.99900,5.45555,5.44561,NONE
11.140000,leakage,50.00401,0.199689,2.44048,25.0168,1.00056,5.45862,5.44237,NONE
11.150000,leakage,49.99637,0.200402,2.46922,25.0147,0.99808,5.46045,5.46181,NONE
11.160000,leakage,49.99111,0.199760,2.44604,25.0141,0.99831,5.44183,5.45626,NONE
11.170000,leakage,50.00037,0.200073,2.49109,25.0243,0.99914,5.45036,5.44425,NONE
11.180000,leakage,50.00422,0.200085,2.47088,25.0273,0.99932,5.45941,5.45800,NONE
11.190000,leakage,49.99347,0.199854,2.49599,25.0173,1.00160,5.46289,5.46258,NONE
11.200000,leakage,49.99467,0.200020,2.51452,25.0307,0.99897,5.43858,5.45291,NONE
11.210000,leakage,49.99372,0.200325,2.54246,25.0301,0.99821,5.45465,5.44526,NONE
11.220000,leakage,49.99552,0.199629,2.50504,25.0289,1.00033,5.45701,5.43590,NONE
11.230000,leakage,49.99544,0.200089,2.47354,25.0207,1.00033,5.45268,5.46170,NONE
11.240000,leakage,49.99102,0.200425,2.54759,25.0146,0.99881,5.45215,5.45208,NONE
11.250000,leakage,49.99902,0.199707,2.47434,25.0138,1.00007,5.43798,5.45671,NONE
11.260000,leakage,49.99140,0.200218,2.51616,25.0142,0.99957,5.44780,5.43967,NONE
11.270000,leakage,49.99104,0.200292,2.50170,25.0211,0.99890,5.44932,5.45941,NONE
11.280000,leakage,50.00877,0.199955,2.52524,25.0195,0.99908,5.45849,5.45851,NONE
11.290000,leakage,49.99773,0.199654,2.53606,25.0155,0.99926,5.43721,5.43691,NONE
11.300000,leakage,49.99771,0.199910,2.47032,25.0217,0.99912,5.44457,5.46155,NONE
11.310000,leakage,49.99105,0.199810,2.48927,25.0208,1.00039,5.44290,5.44307,NONE
11.320000,leakage,49.99494,0.200104,2.48680,25.0172,1.00012,5.46296,5.43733,NONE
11.330000,leakage,50.00000,0.199788,2.44136,25.0261,1.00134,5.45977,5.45092,NONE
11.340000,leakage,50.00214,0.199773,2.47738,25.0265,0.99882,5.45213,5.44365,NONE
11.350000,leakage,49.99128,0.199883,2.52997,25.0317,1.00058,5.45427,5.44617,NONE
11.360000,leakage,49.99180,0.200209,2.47944,25.0211,0.99916,5.44182,5.45538,NONE
11.370000,leakage,50.00576,0.200174,2.48521,25.0217,0.99969,5.45399,5.45530,NONE
11.380000,leakage,49.99264,0.199978,2.51811,25.0294,1.00124,5.44085,5.43718,NONE
11.390000,leakage,50.00948,0.199937,2.44564,25.0326,0.99950,5.43242,5.45675,NONE
11.400000,leakage,49.99673,0.200261,2.49790,25.0285,0.99965,5.45590,5.43445,NONE
11.410000,leakage,49.99336,0.199953,2.41461,25.0240,1.00061,5.43626,5.45521,NONE
11.420000,leakage,49.99928,0.199693,2.45853,25.0326,1.00146,5.44323,5.45665,NONE
11.430000,leakage,49.99467,0.200414,2.47649,25.0142,1.00047,5.44243,5.42779,NONE
11.440000,leakage,50.00230,0.200387,2.43869,25.0155,0.99984,5.45018,5.42696,NONE
11.450000,leakage,50.00659,0.200483,2.39560,25.0309,1.00129,5.42182,5.43499,NONE
11.460000,leakage,49.99940,0.199570,2.38744,25.0188,0.99814,5.42623,5.43358,NONE
11.470000,leakage,49.99223,0.200363,2.42291,25.0308,0.99968,5.43471,5.43969,NONE
11.480000,leakage,49.99888,0.200425,2.41740,25.0207,1.00185,5.43080,5.44259,NONE
11.490000,leakage,49.99627,0.200325,2.44368,25.0303,0.99836,5.44392,5.43139,NONE
11.500000,leakage,49.99064,0.199875,2.43796,25.0311,0.99916,5.43953,5.44178,NONE
11.510000,leakage,49.99326,0.200297,2.36874,25.0204,0.99864,5.42387,5.44261,NONE
11.520000,leakage,50.00677,0.200244,2.42225,25.0197,0.99892,5.42826,5.42147,NONE
11.530000,leakage,49.99695,0.199707,2.40973,25.0317,1.00176,5.41321,5.43562,NONE
11.540000,leakage,50.00155,0.199557,2.37912,25.0207,1.00048,5.40723,5.41373,NONE
11.550000,leakage,50.00155,0.200031,2.34046,25.0243,1.00062,5.41295,5.42374,NONE
11.560000,leakage,49.99026,0.199754,2.30272,25.0189,0.99986,5.41341,5.41736,NONE
11.570000,leakage,50.00505,0.200305,2.33874,25.0165,1.00157,5.41701,5.41834,NONE
11.580000,leakage,49.99457,0.199801,2.28847,25.0303,1.00151,5.40838,5.43502,NONE
11.590000,leakage,49.99676,0.199501,2.28220,25.0166,1.00134,5.39631,5.41211,NONE
11.600000,leakage,49.99059,0.199771,2.31627,25.0185,0.99867,5.39994,5.43141,NONE
11.610000,leakage,50.00915,0.200457,2.34345,25.0141,1.00050,5.41539,5.41886,NONE
11.620000,leakage,50.00086,0.199860,2.24144,25.0285,1.00144,5.40875,5.40152,NONE
11.630000,leakage,49.99706,0.199781,2.25112,25.0249,1.00087,5.39200,5.40129,NONE
11.640000,leakage,50.00016,0.200143,2.28197,25.0247,0.99830,5.40493,5.39503,NONE
11.650000,leakage,50.00839,0.200182,2.26014,25.0332,1.00171,5.39874,5.40749,NONE
11.660000,leakage,49.99188,0.200227,2.27871,25.0152,0.99801,5.39417,5.41114,NONE
11.670000,leakage,50.00981,0.199802,2.26284,25.0232,1.00135,5.40179,5.39742,NONE
11.680000,leakage,50.00514,0.199842,2.21419,25.0307,0.99828,5.39628,5.38738,NONE
11.690000,leakage,50.00001,0.199587,2.17873,25.0253,0.99870,5.36865,5.38744,NONE
11.700000,leakage,49.99726,0.200421,2.23718,25.0222,0.99922,5.39309,5.38984,NONE
11.710000,leakage,50.00368,0.200496,2.14176,25.0272,0.99920,5.38478,5.38781,NONE
11.720000,leakage,50.00857,0.199905,2.13499,25.0154,1.00147,5.36344,5.40103,NONE
11.730000,leakage,50.00185,0.199552,2.16435,25.0212,0.99891,5.38185,5.40020,NONE
11.740000,leakage,50.00380,0.199949,2.15576,25.0192,0.99920,5.36333,5.39891,NONE
11.750000,leakage,50.00055,0.200344,2.15576,25.0247,0.99847,5.36771,5.39284,NONE
11.760000,leakage,49.99126,0.200425,2.08845,25.0317,0.99960,5.35538,5.38631,NONE
11.770000,leakage,50.00089,0.199774,2.11267,25.0262,1.00169,5.36410,5.37585,NONE
11.780000,leakage,49.99505,0.200243,2.09180,25.0191,0.99892,5.34597,5.37796,NONE
11.790000,leakage,49.99083,0.199577,2.04011,25.0194,1.00025,5.34295,5.38121,NONE
11.800000,leakage,49.99267,0.200008,2.00563,25.0204,0.99867,5.33718,5.38286,NONE
11.810000,leakage,50.00358,0.199551,2.00605,25.0244,1.00046,5.33857,5.37700,NONE
11.820000,leakage,49.99643,0.199609,2.00901,25.0233,1.00109,5.33624,5.36576,NONE
11.830000,leakage,50.00042,0.199508,2.04021,25.0318,1.00032,5.33223,5.34617,NONE
11.840000,leakage,49.99883,0.200350,1.99334,25.0333,0.99815,5.32412,5.34404,NONE
11.850000,leakage,50.00911,0.199903,1.96277,25.0299,0.99952,5.34083,5.35309,NONE
11.860000,leakage,49.99536,0.200489,1.92300,25.0306,1.00155,5.31933,5.35840,NONE
11.870000,leakage,50.00287,0.199719,1.92784,25.0258,1.00045,5.31206,5.33812,NONE
11.880000,leakage,50.00964,0.199883,1.94533,25.0327,0.99882,5.32975,5.34743,NONE
11.890000,leakage,49.99135,0.199897,1.89654,25.0233,1.00150,5.31988,5.32866,NONE
11.900000,leakage,49.99125,0.199586,1.91524,25.0207,1.00087,5.29601,5.35178,NONE
11.910000,leakage,49.99521,0.200105,1.87073,25.0140,0.99929,5.30406,5.34587,NONE
11.920000,leakage,50.00269,0.199643,1.79926,25.0180,0.99935,5.30176,5.33235,NONE
11.930000,leakage,50.00058,0.200274,1.82842,25.0214,1.00180,5.30235,5.33718,NONE
11.940000,leakage,49.99487,0.199644,1.75138,25.0253,1.00033,5.28102,5.31308,NONE
11.950000,leakage,50.00075,0.199999,1.75988,25.0203,0.99817,5.28096,5.31705,NONE
11.960000,leakage,49.99569,0.199786,1.78791,25.0182,0.99835,5.28714,5.31261,NONE
11.970000,leakage,50.00078,0.199753,1.71838,25.0305,1.00000,5.26426,5.31924,NONE
11.980000,leakage,50.00198,0.199934,1.76498,25.0283,0.99984,5.26409,5.31307,NONE
11.990000,leakage,50.00739,0.199866,1.72465,25.0237,1.00193,5.26660,5.31516,NONE
