time_s,scenario,kv_meas,tube_ma,return_ua,temp_c,flux,spot_x_um,spot_y_um,flags
0.000000,optical,50.00308,0.199971,0.54153,24.9936,1.00190,4.98719,5.10883,NONE
0.010000,optical,49.99716,0.199819,0.45052,24.9919,1.00078,5.00028,5.09786,NONE
0.020000,optical,50.00450,0.200358,0.53944,24.9946,1.00077,5.01194,5.11360,NONE
0.030000,optical,49.99640,0.200076,0.48499,25.0026,0.99833,5.02798,5.12459,NONE
0.040000,optical,49.99470,0.200005,0.48340,25.0051,1.00085,5.03644,5.11899,NONE
0.050000,optical,50.00723,0.199544,0.47572,24.9960,1.00068,5.03475,5.11591,NONE
0.060000,optical,50.00494,0.200078,0.49867,25.0100,0.99949,5.03651,5.12159,NONE
0.070000,optical,50.00544,0.200147,0.52391,24.9933,1.00081,5.05174,5.11393,NONE
0.080000,optical,49.99951,0.200153,0.52926,24.9985,0.99952,5.06833,5.13250,NONE
0.090000,optical,50.00575,0.199880,0.50867,25.0089,1.00018,5.06612,5.12371,NONE
0.100000,optical,49.99688,0.199605,0.47020,24.9939,0.99800,5.06764,5.12317,NONE
0.110000,optical,49.99529,0.200488,0.51248,24.9909,1.00030,5.07620,5.14764,NONE
0.120000,optical,50.00706,0.200469,0.54065,24.9930,0.99862,5.08129,5.14893,NONE
0.130000,optical,49.99944,0.200094,0.51598,24.9913,0.99820,5.08693,5.13747,NONE
0.140000,optical,50.00120,0.200115,0.51817,24.9956,1.00041,5.11125,5.14255,NONE
0.150000,optical,49.99702,0.200254,0.51241,24.9931,1.00085,5.09397,5.14538,NONE
0.160000,optical,49.99193,0.200459,0.51373,25.0014,1.00118,5.09988,5.15446,NONE
0.170000,optical,50.00147,0.199952,0.54857,25.0030,0.99989,5.11643,5.16818,NONE
0.180000,optical,50.00795,0.199948,0.47813,24.9976,0.99916,5.12375,5.15534,NONE
0.190000,optical,49.99474,0.200240,0.52949,24.9936,0.99992,5.14123,5.16998,NONE
0.200000,optical,49.99874,0.200257,0.47591,25.0015,1.00062,5.13954,5.16025,NONE
0.210000,optical,49.99330,0.199992,0.53512,25.0092,1.00101,5.14988,5.16601,NONE
0.220000,optical,50.00215,0.200038,0.47222,24.9989,1.00138,5.16052,5.19612,NONE
0.230000,optical,50.00197,0.200281,0.54523,25.0078,0.99948,5.17098,5.18592,NONE
0.240000,optical,49.99495,0.200329,0.53467,25.0051,1.00166,5.15367,5.17470,NONE
0.250000,optical,50.00257,0.199666,0.45922,24.9943,1.00089,5.16266,5.18467,NONE
0.260000,optical,50.00035,0.199812,0.48489,25.0071,1.00190,5.17620,5.18675,NONE
0.270000,optical,49.99119,0.199791,0.48762,25.0006,0.99929,5.17873,5.20612,NONE
0.280000,optical,49.99355,0.200144,0.52682,25.0049,0.99913,5.20425,5.21774,NONE
0.290000,optical,49.99288,0.199719,0.48745,24.9966,1.00135,5.18409,5.20449,NONE
0.300000,optical,50.00253,0.199615,0.46033,25.0004,1.00055,5.21725,5.19753,NONE
0.310000,optical,50.00531,0.199936,0.47072,25.0015,1.00053,5.20912,5.22477,NONE
0.320000,optical,49.99291,0.200476,0.54166,24.9991,1.00052,5.20499,5.22305,NONE
0.330000,optical,50.00635,0.200398,0.54045,24.9980,0.99851,5.22262,5.23070,NONE
0.340000,optical,50.00918,0.199937,0.50728,25.0037,1.00194,5.22428,5.21067,NONE
0.350000,optical,50.00412,0.200173,0.45787,24.9959,1.00087,5.23913,5.24145,NONE
0.360000,optical,50.00592,0.200268,0.51656,25.0022,0.99919,5.24349,5.22145,NONE
0.370000,optical,50.00499,0.200374,0.52434,25.0103,0.99897,5.25226,5.24082,NONE
0.380000,optical,49.99810,0.200006,0.52239,25.0086,1.00139,5.25925,5.23310,NONE
0.390000,optical,50.00454,0.200131,0.52800,25.0048,0.99930,5.27122,5.23900,NONE
0.400000,optical,49.99570,0.200215,0.52829,24.9944,0.99835,5.27616,5.24616,NONE
0.410000,optical,50.00179,0.200464,0.46448,25.0044,1.00126,5.26701,5.25251,NONE
0.420000,optical,50.00070,0.199540,0.46797,24.9917,1.00132,5.27041,5.26322,NONE
0.430000,optical,49.99774,0.200085,0.54997,24.9915,1.00173,5.28714,5.25544,NONE
0.440000,optical,49.99991,0.199502,0.52864,25.0053,0.99845,5.27742,5.24838,NONE
0.450000,optical,49.99741,0.199527,0.50891,24.9923,1.00003,5.29799,5.25085,NONE
0.460000,optical,50.00249,0.199700,0.46502,24.9914,0.99956,5.31486,5.25356,NONE
0.470000,optical,49.99193,0.200485,0.49443,25.0000,0.99981,5.32073,5.27761,NONE
0.480000,optical,49.99100,0.200361,0.49763,24.9957,0.99826,5.31205,5.25882,NONE
0.490000,optical,50.00347,0.200136,0.49365,24.9992,0.99990,5.32526,5.26144,NONE
0.500000,optical,49.99732,0.199543,0.48756,25.0073,1.00001,5.33667,5.27891,NONE
0.510000,optical,49.99392,0.200298,0.53797,24.9917,0.99985,5.31552,5.29156,NONE
0.520000,optical,50.00449,0.200375,0.51294,25.0037,1.00030,5.33715,5.28851,NONE
0.530000,optical,49.99838,0.199890,0.48688,25.0058,0.99837,5.35382,5.29319,NONE
0.540000,optical,49.99028,0.199526,0.46918,24.9929,1.00113,5.34547,5.28688,NONE
0.550000,optical,50.00813,0.200130,0.53930,24.9956,1.00031,5.34027,5.29250,NONE
0.560000,optical,49.99258,0.199689,0.45884,25.0083,1.00065,5.35746,5.27973,NONE
0.570000,optical,50.00660,0.200470,0.45447,25.0060,0.99881,5.36085,5.30227,NONE
0.580000,optical,50.00875,0.199855,0.45773,24.9946,0.99867,5.37830,5.28560,NONE
0.590000,optical,49.99637,0.200370,0.49204,25.0093,1.00083,5.36340,5.30428,NONE
0.600000,optical,50.00507,0.199568,0.52307,25.0057,1.00023,5.36564,5.30523,NONE
0.610000,optical,49.99732,0.199803,0.51375,24.9931,0.99891,5.36873,5.30602,NONE
0.620000,optical,50.00636,0.199721,0.47905,24.9982,1.00001,5.38491,5.30035,NONE
0.630000,optical,50.00688,0.199839,0.48385,24.9939,0.99909,5.38452,5.31630,SPOT_UNSTABLE|OPTICAL_MECH
0.640000,optical,50.00503,0.199954,0.45519,25.0031,0.99915,5.40633,5.32160,SPOT_UNSTABLE|OPTICAL_MECH
0.650000,optical,50.00345,0.199943,0.46792,25.0087,1.00154,5.39589,5.33340,SPOT_UNSTABLE|OPTICAL_MECH
0.660000,optical,50.00955,0.199728,0.49579,25.0071,1.00073,5.39401,5.30883,SPOT_UNSTABLE|OPTICAL_MECH
0.670000,optical,50.00605,0.199677,0.51662,24.9931,1.00075,5.40881,5.32277,SPOT_UNSTABLE|OPTICAL_MECH
0.680000,optical,49.99124,0.199962,0.48484,24.9951,1.00146,5.42032,5.32008,SPOT_UNSTABLE|OPTICAL_MECH
0.690000,optical,50.00688,0.199524,0.53819,24.9946,0.99944,5.40492,5.32566,SPOT_UNSTABLE|OPTICAL_MECH
0.700000,optical,50.00146,0.200058,0.47213,25.0022,0.99860,5.42578,5.34210,SPOT_UNSTABLE|OPTICAL_MECH
0.710000,optical,49.99118,0.200457,0.46741,25.0080,1.00046,5.41757,5.32710,SPOT_UNSTABLE|OPTICAL_MECH
0.720000,optical,50.00461,0.200475,0.52318,24.9961,1.00189,5.43290,5.34556,SPOT_UNSTABLE|OPTICAL_MECH
0.730000,optical,50.00096,0.199903,0.53590,24.9968,0.99869,5.43514,5.34888,SPOT_UNSTABLE|OPTICAL_MECH
0.740000,optical,50.00275,0.200163,0.48042,24.9963,1.00168,5.43321,5.34551,SPOT_UNSTABLE|OPTICAL_MECH
0.750000,optical,50.00789,0.199754,0.49471,25.0065,1.00136,5.43571,5.33159,SPOT_UNSTABLE|OPTICAL_MECH
0.760000,optical,50.00085,0.200258,0.49616,25.0049,0.99979,5.45764,5.34199,SPOT_UNSTABLE|OPTICAL_MECH
0.770000,optical,50.00612,0.200340,0.54169,25.0085,0.99848,5.45400,5.34707,SPOT_UNSTABLE|OPTICAL_MECH
0.780000,optical,49.99406,0.200041,0.51064,25.0066,0.99976,5.44251,5.36199,SPOT_UNSTABLE|OPTICAL_MECH
0.790000,optical,50.00048,0.199654,0.51990,24.9917,1.00106,5.47450,5.33999,SPOT_UNSTABLE|OPTICAL_MECH
0.800000,optical,49.99643,0.200282,0.48296,25.0052,0.99801,5.45465,5.36010,SPOT_UNSTABLE|OPTICAL_MECH
0.810000,optical,49.99958,0.199837,0.48408,25.0110,1.00194,5.45942,5.35236,NONE
0.820000,optical,50.00988,0.200386,0.46864,25.0054,1.00166,5.47009,5.34695,NONE
0.830000,optical,50.00869,0.199948,0.53844,24.9967,1.00143,5.46529,5.34819,NONE
0.840000,optical,50.00022,0.200151,0.45800,25.0068,1.00175,5.47955,5.35072,NONE
0.850000,optical,50.00504,0.200485,0.53446,24.9924,1.00160,5.47261,5.36620,NONE
0.860000,optical,49.99841,0.200162,0.47409,25.0023,1.00194,5.49147,5.37188,NONE
0.870000,optical,50.00934,0.199979,0.54053,24.9996,1.00034,5.48750,5.36556,NONE
0.880000,optical,50.00781,0.199827,0.46005,25.0030,1.00136,5.47723,5.36424,NONE
0.890000,optical,49.99341,0.200440,0.46086,25.0097,1.00043,5.48834,5.36286,NONE
0.900000,optical,50.00714,0.200390,0.49406,25.0104,1.00120,5.50458,5.36135,NONE
0.910000,optical,50.00629,0.200388,0.54597,24.9967,1.00045,5.49175,5.36730,NONE
0.920000,optical,50.00074,0.200069,0.53678,24.9973,0.99991,5.50175,5.36486,NONE
0.930000,optical,49.99031,0.199873,0.50756,25.0060,1.00180,5.51731,5.36427,NONE
0.940000,optical,49.99890,0.200217,0.47319,24.9976,1.00167,5.49780,5.37521,NONE
0.950000,optical,49.99714,0.200239,0.48278,24.9988,0.99941,5.52624,5.38521,NONE
0.960000,optical,49.99796,0.200250,0.53827,25.0058,0.99954,5.50116,5.37511,NONE
0.970000,optical,49.99156,0.199513,0.49271,24.9978,0.99934,5.50245,5.39249,NONE
0.980000,optical,50.00789,0.199528,0.54638,25.0065,1.00034,5.53018,5.38562,NONE
0.990000,optical,49.99004,0.200260,0.46451,24.9968,0.99849,5.53236,5.38224,NONE
1.000000,optical,49.99155,0.200483,0.45787,24.9994,1.00155,5.52389,5.38407,NONE
1.010000,optical,49.99227,0.199643,0.54133,24.9947,0.99824,5.52893,5.38385,NONE
1.020000,optical,49.99063,0.199689,0.54495,24.9936,0.99918,5.53922,5.39605,NONE
1.030000,optical,50.00920,0.200181,0.54558,25.0120,0.99997,5.52265,5.40337,NONE
1.040000,optical,50.00389,0.200220,0.54387,24.9990,1.00009,5.53042,5.39000,NONE
1.050000,optical,50.00077,0.199653,0.49563,24.9959,1.00070,5.52471,5.39599,NONE
1.060000,optical,49.99132,0.200179,0.53214,25.0016,1.00088,5.54868,5.37654,NONE
1.070000,optical,49.99243,0.200404,0.45971,25.0085,1.00034,5.52196,5.39302,NONE
1.080000,optical,50.00864,0.199762,0.53040,25.0016,0.99850,5.53166,5.38575,NONE
1.090000,optical,49.99314,0.199515,0.47002,24.9952,1.00124,5.54626,5.39688,NONE
1.100000,optical,50.00629,0.200190,0.52903,25.0054,0.99939,5.54668,5.39748,NONE
1.110000,optical,50.00908,0.200493,0.47079,25.0113,0.99964,5.53011,5.39658,NONE
1.120000,optical,50.00251,0.200326,0.46101,24.9983,0.99805,5.55303,5.40264,NONE
1.130000,optical,50.00928,0.199779,0.54295,25.0111,0.99851,5.53144,5.40212,NONE
1.140000,optical,49.99746,0.200471,0.51667,24.9955,0.99998,5.54173,5.39134,NONE
1.150000,optical,49.99206,0.200214,0.49119,24.9992,0.99997,5.53179,5.40137,NONE
1.160000,optical,50.00010,0.199612,0.50335,25.0121,0.99828,5.56064,5.40609,NONE
1.170000,optical,49.99657,0.199964,0.50269,25.0012,0.99942,5.53911,5.38448,NONE
1.180000,optical,50.00917,0.199968,0.52540,25.0095,1.00002,5.56185,5.38932,NONE
1.190000,optical,50.00209,0.200111,0.54691,25.0042,0.99950,5.55699,5.39946,NONE
1.200000,optical,50.00906,0.200037,0.47842,25.0077,1.00062,5.55332,5.41394,NONE
1.210000,optical,49.99193,0.200447,0.48937,25.0090,1.00004,5.55250,5.40701,NONE
1.220000,optical,50.00835,0.200069,0.54739,25.0053,0.99895,5.54933,5.40764,NONE
1.230000,optical,50.00781,0.199855,0.49444,24.9984,1.00111,5.56274,5.39268,NONE
1.240000,optical,50.00763,0.200055,0.45281,25.0099,1.00043,5.55216,5.40545,NONE
1.250000,optical,49.99832,0.200199,0.50035,25.0116,1.00123,5.55077,5.38875,NONE
1.260000,optical,49.99255,0.200474,0.53317,24.9972,0.99907,5.56154,5.39527,NONE
1.270000,optical,49.99014,0.199844,0.51902,25.0096,0.99980,5.54451,5.39750,NONE
1.280000,optical,49.99178,0.200227,0.46733,24.9937,1.00123,5.55622,5.40711,NONE
1.290000,optical,49.99655,0.199996,0.45120,25.0070,1.00146,5.54097,5.38932,NONE
1.300000,optical,49.99554,0.200024,0.45826,24.9974,0.99929,5.55512,5.39279,NONE
1.310000,optical,50.00425,0.199796,0.46885,24.9950,0.99817,5.54291,5.39471,NONE
1.320000,optical,50.00431,0.199989,0.50056,25.0120,0.99817,5.54098,5.39818,NONE
1.330000,optical,49.99832,0.199955,0.50938,24.9991,0.99863,5.54978,5.38636,NONE
1.340000,optical,50.00528,0.199994,0.47071,24.9951,1.00151,5.53898,5.39941,NONE
1.350000,optical,49.99776,0.200311,0.50505,25.0065,1.00003,5.54909,5.38684,NONE
1.360000,optical,50.00275,0.200255,0.49065,24.9950,0.99871,5.55337,5.40711,NONE
1.370000,optical,49.99156,0.200497,0.54292,25.0088,1.00162,5.55213,5.38727,NONE
1.380000,optical,49.99376,0.199686,0.45554,25.0056,0.99800,5.53861,5.38254,NONE
1.390000,optical,50.00835,0.199648,0.47206,25.0056,1.00142,5.52961,5.40326,NONE
1.400000,optical,50.00866,0.200304,0.46388,24.9964,1.00124,5.54480,5.39676,NONE
1.410000,optical,49.99384,0.200110,0.45116,25.0003,1.00105,5.53120,5.40403,NONE
1.420000,optical,50.00361,0.200341,0.47703,25.0109,1.00116,5.54193,5.39211,NONE
1.430000,optical,50.00946,0.200187,0.51815,25.0123,0.99919,5.52898,5.39078,NONE
1.440000,optical,50.00510,0.199612,0.54340,25.0098,1.00185,5.52109,5.38452,NONE
1.450000,optical,49.99486,0.199515,0.46991,24.9999,0.99819,5.54187,5.39761,NONE
1.460000,optical,50.00092,0.199678,0.48477,24.9954,0.99816,5.54427,5.38910,NONE
1.470000,optical,49.99737,0.200320,0.52059,24.9946,0.99834,5.51574,5.38470,NONE
1.480000,optical,49.99487,0.199552,0.53658,25.0024,1.00001,5.51571,5.38034,NONE
1.490000,optical,49.99402,0.200093,0.46798,25.0072,0.99958,5.53710,5.39589,NONE
1.500000,optical,50.00925,0.199612,0.49440,25.0062,1.00189,5.51773,5.39525,NONE
1.510000,optical,49.99820,0.199761,0.49548,24.9941,1.00030,5.51530,5.37327,NONE
1.520000,optical,49.99635,0.200132,0.52439,24.9979,0.99910,5.53026,5.39372,NONE
1.530000,optical,50.00391,0.199687,0.47752,25.0050,1.00198,5.50438,5.39638,NONE
1.540000,optical,50.00427,0.199933,0.47904,24.9944,0.99868,5.52747,5.37860,NONE
1.550000,optical,49.99809,0.200486,0.49659,25.0050,0.99931,5.50042,5.38535,NONE
1.560000,optical,49.99936,0.200196,0.50132,25.0058,0.99888,5.50352,5.37766,NONE
1.570000,optical,49.99564,0.200127,0.52517,24.9996,1.00150,5.50656,5.36275,NONE
1.580000,optical,49.99378,0.200007,0.53222,24.9947,0.99809,5.50518,5.37683,NONE
1.590000,optical,50.00527,0.199816,0.53314,25.0098,0.99917,5.50743,5.37926,NONE
1.600000,optical,50.00812,0.199762,0.53916,24.9999,1.00158,5.49807,5.37556,NONE
1.610000,optical,50.00712,0.200110,0.45631,25.0058,1.00149,5.49936,5.36158,NONE
1.620000,optical,49.99292,0.199792,0.48844,25.0097,0.99943,5.48733,5.37789,NONE
1.630000,optical,49.99719,0.200362,0.46102,25.0010,0.99946,5.49417,5.35775,NONE
1.640000,optical,50.00354,0.200409,0.47317,25.0117,0.99887,5.49085,5.36430,NONE
1.650000,optical,50.00003,0.200267,0.46953,24.9992,0.99890,5.49493,5.35317,NONE
1.660000,optical,50.00913,0.199709,0.51209,25.0078,0.99827,5.48332,5.35503,NONE
1.670000,optical,49.99132,0.199810,0.52737,25.0012,1.00145,5.48282,5.36186,NONE
1.680000,optical,50.00198,0.199897,0.53412,25.0129,0.99930,5.48157,5.34424,NONE
1.690000,optical,49.99649,0.199545,0.50358,25.0008,1.00180,5.47846,5.35779,NONE
1.700000,optical,49.99652,0.200171,0.49084,25.0102,1.00147,5.46638,5.35074,NONE
1.710000,optical,50.00297,0.199801,0.47293,25.0013,1.00088,5.45837,5.36380,NONE
1.720000,optical,49.99279,0.200436,0.47442,25.0024,1.00149,5.47029,5.33440,NONE
1.730000,optical,49.99141,0.200260,0.54394,25.0047,0.99972,5.45256,5.34647,NONE
1.740000,optical,50.00450,0.199825,0.49426,25.0053,1.00008,5.44705,5.33156,NONE
1.750000,optical,49.99864,0.200372,0.52205,24.9983,0.99987,5.43115,5.35646,NONE
1.760000,optical,50.00162,0.200275,0.46205,25.0013,0.99868,5.43325,5.32873,NONE
1.770000,optical,50.00143,0.200425,0.54116,25.0060,1.00162,5.45118,5.35249,NONE
1.780000,optical,49.99020,0.199781,0.48386,24.9967,0.99867,5.44722,5.32342,NONE
1.790000,optical,49.99825,0.199696,0.51503,25.0039,0.99898,5.41905,5.34480,NONE
1.800000,optical,49.99183,0.199530,0.54059,25.0022,1.00187,5.43322,5.33662,NONE
1.810000,optical,49.99631,0.200215,0.45829,25.0080,1.00092,5.43286,5.31761,NONE
1.820000,optical,50.00943,0.200398,0.48518,25.0131,1.00042,5.40967,5.32440,NONE
1.830000,optical,50.00476,0.200118,0.46235,24.9944,0.99980,5.41282,5.31167,NONE
1.840000,optical,50.00123,0.200436,0.47871,25.0053,1.00128,5.40831,5.30846,NONE
1.850000,optical,50.00390,0.199685,0.48942,24.9968,1.00063,5.39012,5.30445,NONE
1.860000,optical,50.00585,0.200415,0.45813,24.9967,1.00045,5.38589,5.30959,NONE
1.870000,optical,50.00458,0.199697,0.52560,25.0025,1.00112,5.39517,5.32832,NONE
1.880000,optical,49.99615,0.200432,0.45779,24.9985,0.99913,5.39067,5.32461,NONE
1.890000,optical,50.00435,0.200085,0.51663,25.0120,0.99994,5.38971,5.30388,NONE
1.900000,optical,50.00310,0.200469,0.52637,25.0069,1.00088,5.36225,5.31993,NONE
1.910000,optical,50.00722,0.199769,0.45475,25.0133,1.00097,5.37194,5.29716,NONE
1.920000,optical,49.99019,0.199747,0.47081,25.0043,0.99978,5.35395,5.29342,NONE
1.930000,optical,49.99479,0.200400,0.49753,25.0113,1.00110,5.35561,5.28385,NONE
1.940000,optical,50.00949,0.200302,0.45175,25.0071,1.00190,5.35225,5.30467,NONE
1.950000,optical,49.99763,0.200237,0.53648,25.0134,1.00157,5.35120,5.29198,NONE
1.960000,optical,49.99982,0.200432,0.53125,24.9987,0.99996,5.33598,5.30176,NONE
1.970000,optical,49.99020,0.199961,0.50052,25.0091,1.00041,5.34433,5.29356,NONE
1.980000,optical,50.00996,0.200209,0.46460,25.0021,1.00047,5.33992,5.29446,NONE
1.990000,optical,49.99964,0.199591,0.53321,25.0066,0.99956,5.33350,5.27833,NONE
2.000000,optical,49.99392,0.199981,0.51518,24.9976,0.99925,5.32048,5.27864,NONE
2.010000,optical,49.99152,0.200237,0.53001,24.9948,0.99967,5.32969,5.26436,NONE
2.020000,optical,50.00506,0.199513,0.48608,25.0016,1.00102,5.29716,5.25951,NONE
2.030000,optical,49.99391,0.199881,0.51751,24.9941,1.00059,5.29405,5.25407,NONE
2.040000,optical,49.99953,0.199982,0.48514,25.0037,0.99954,5.29934,5.25038,NONE
2.050000,optical,49.99687,0.200182,0.50874,25.0020,1.00015,5.29138,5.26636,NONE
2.060000,optical,50.00153,0.200118,0.50318,25.0099,0.99949,5.29500,5.24506,NONE
2.070000,optical,49.99899,0.200140,0.53166,25.0034,0.99843,5.29512,5.26794,NONE
2.080000,optical,49.99105,0.200466,0.46919,25.0007,0.99962,5.28426,5.25302,NONE
2.090000,optical,49.99690,0.199718,0.50949,25.0054,1.00148,5.26951,5.24703,NONE
2.100000,optical,50.00432,0.200443,0.48268,25.0053,0.99933,5.25658,5.24343,NONE
2.110000,optical,50.00866,0.199974,0.52701,25.0134,0.99988,5.24448,5.23111,NONE
2.120000,optical,49.99485,0.199870,0.49358,24.9975,0.99962,5.25421,5.23521,NONE
2.130000,optical,50.00014,0.200252,0.45316,25.0044,1.00133,5.23461,5.23582,NONE
2.140000,optical,50.00452,0.200274,0.53463,25.0001,0.99874,5.22700,5.22988,NONE
2.150000,optical,50.00423,0.200322,0.46270,25.0105,1.00163,5.23305,5.22454,NONE
2.160000,optical,50.00682,0.199794,0.49244,24.9983,0.99942,5.24261,5.23254,NONE
2.170000,optical,49.99928,0.200294,0.51573,25.0012,1.00048,5.23008,5.20612,NONE
2.180000,optical,50.00311,0.200340,0.46160,24.9953,1.00165,5.21251,5.22670,NONE
2.190000,optical,50.00508,0.199608,0.46870,25.0123,0.99820,5.20275,5.21220,NONE
2.200000,optical,50.00473,0.199965,0.54300,25.0132,0.99989,5.20563,5.20133,NONE
2.210000,optical,49.99437,0.199575,0.51089,25.0038,0.99896,5.20174,5.20353,NONE
2.220000,optical,49.99512,0.199653,0.45450,25.0096,1.00193,5.17953,5.20769,NONE
2.230000,optical,50.00601,0.199769,0.50255,25.0042,1.00123,5.19256,5.20780,NONE
2.240000,optical,50.00274,0.200092,0.49969,25.0130,1.00080,5.19052,5.19791,NONE
2.250000,optical,49.99388,0.200238,0.54091,25.0086,0.99803,5.16636,5.18677,NONE
2.260000,optical,50.00379,0.199911,0.52084,25.0076,0.99915,5.15080,5.20233,NONE
2.270000,optical,49.99470,0.199906,0.45474,24.9960,0.99928,5.16878,5.18030,NONE
2.280000,optical,50.00030,0.199518,0.52567,24.9949,0.99862,5.16037,5.18648,NONE
2.290000,optical,49.99944,0.199997,0.53266,25.0058,0.99958,5.14881,5.17524,NONE
2.300000,optical,49.99964,0.199513,0.45655,24.9971,1.00141,5.13408,5.18695,NONE
2.310000,optical,50.00781,0.199523,0.48226,25.0129,1.00029,5.13273,5.16071,NONE
2.320000,optical,50.00246,0.199857,0.54505,25.0108,0.99974,5.12924,5.17647,SPOT_UNSTABLE|OPTICAL_MECH
2.330000,optical,50.00542,0.200341,0.50113,25.0115,0.99974,5.10480,5.16453,SPOT_UNSTABLE|OPTICAL_MECH
2.340000,optical,50.00394,0.199981,0.49710,25.0098,0.99967,5.10589,5.16724,SPOT_UNSTABLE|OPTICAL_MECH
2.350000,optical,50.00911,0.199610,0.47508,24.9981,0.99996,5.09655,5.15040,SPOT_UNSTABLE|OPTICAL_MECH
2.360000,optical,49.99391,0.200026,0.46449,24.9965,0.99850,5.09899,5.13764,SPOT_UNSTABLE|OPTICAL_MECH
2.370000,optical,50.00901,0.200167,0.50752,24.9986,0.99826,5.08383,5.14885,SPOT_UNSTABLE|OPTICAL_MECH
2.380000,optical,50.00132,0.199835,0.50905,25.0050,0.99901,5.07059,5.14417,SPOT_UNSTABLE|OPTICAL_MECH
2.390000,optical,49.99817,0.200034,0.48521,25.0119,1.00016,5.06561,5.12866,SPOT_UNSTABLE|OPTICAL_MECH
2.400000,optical,49.99393,0.200351,0.53737,25.0026,1.00156,5.07681,5.13859,SPOT_UNSTABLE|OPTICAL_MECH
2.410000,optical,49.99201,0.200432,0.50421,25.0021,0.99854,5.05420,5.14678,SPOT_UNSTABLE|OPTICAL_MECH
2.420000,optical,49.99133,0.200218,0.50778,25.0012,1.00125,5.04234,5.14289,SPOT_UNSTABLE|OPTICAL_MECH
2.430000,optical,50.00287,0.199987,0.47306,25.0147,0.99860,5.05300,5.13449,SPOT_UNSTABLE|OPTICAL_MECH
2.440000,optical,50.00435,0.199663,0.46908,24.9960,1.00180,5.03977,5.11216,SPOT_UNSTABLE|OPTICAL_MECH
2.450000,optical,50.00003,0.199703,0.48368,24.9995,1.00176,5.01986,5.10424,SPOT_UNSTABLE|OPTICAL_MECH
2.460000,optical,49.99340,0.199827,0.51247,25.0060,0.99832,5.01507,5.10163,SPOT_UNSTABLE|OPTICAL_MECH
2.470000,optical,49.99433,0.200469,0.45077,25.0080,0.99999,5.00975,5.10541,SPOT_UNSTABLE|OPTICAL_MECH
2.480000,optical,50.00781,0.199561,0.48696,25.0019,1.00164,5.02038,5.09835,SPOT_UNSTABLE|OPTICAL_MECH
2.490000,optical,49.99023,0.199697,0.47367,25.0130,1.00003,5.01592,5.09606,SPOT_UNSTABLE|OPTICAL_MECH
2.500000,optical,50.00514,0.199922,0.47421,24.9974,1.00097,4.99332,5.08512,SPOT_UNSTABLE|OPTICAL_MECH
2.510000,optical,50.00767,0.200042,0.52720,25.0110,0.99973,4.98121,5.09347,SPOT_UNSTABLE|OPTICAL_MECH
2.520000,optical,49.99842,0.200265,0.52306,25.0065,0.99866,4.98447,5.08309,SPOT_UNSTABLE|OPTICAL_MECH
2.530000,optical,50.00343,0.200179,0.54569,25.0030,0.99803,4.96745,5.08508,SPOT_UNSTABLE|OPTICAL_MECH
2.540000,optical,49.99847,0.200496,0.53826,24.9975,1.00005,4.98388,5.09454,SPOT_UNSTABLE|OPTICAL_MECH
2.550000,optical,49.99695,0.200338,0.48428,24.9970,1.00053,4.96811,5.07591,SPOT_UNSTABLE|OPTICAL_MECH
2.560000,optical,49.99211,0.199720,0.48350,24.9990,0.99946,4.96044,5.08865,SPOT_UNSTABLE|OPTICAL_MECH
2.570000,optical,50.00152,0.199825,0.52907,25.0107,0.99805,4.94358,5.06522,SPOT_UNSTABLE|OPTICAL_MECH
2.580000,optical,50.00341,0.199870,0.52617,25.0030,0.99897,4.94594,5.07357,SPOT_UNSTABLE|OPTICAL_MECH
2.590000,optical,49.99781,0.200054,0.53936,24.9982,0.99893,4.93800,5.05594,SPOT_UNSTABLE|OPTICAL_MECH
2.600000,optical,50.00870,0.199888,0.50259,25.0035,1.00079,4.92605,5.06899,SPOT_UNSTABLE|OPTICAL_MECH
2.610000,optical,49.99618,0.199915,0.54784,25.0091,0.99990,4.93645,5.07236,SPOT_UNSTABLE|OPTICAL_MECH
2.620000,optical,49.99408,0.200278,0.54904,25.0014,1.00072,4.91507,5.05754,SPOT_UNSTABLE|OPTICAL_MECH
2.630000,optical,49.99623,0.200428,0.47329,25.0112,1.00010,4.90032,5.04599,SPOT_UNSTABLE|OPTICAL_MECH
2.640000,optical,50.00308,0.200391,0.50526,25.0108,1.00179,4.89696,5.04071,SPOT_UNSTABLE|OPTICAL_MECH
2.650000,optical,49.99979,0.199952,0.52247,25.0096,1.00055,4.89200,5.03446,SPOT_UNSTABLE|OPTICAL_MECH
2.660000,optical,49.99677,0.200234,0.48757,25.0091,1.00178,4.89342,5.03027,SPOT_UNSTABLE|OPTICAL_MECH
2.670000,optical,50.00682,0.200413,0.52899,25.0026,0.99997,4.87592,5.04382,SPOT_UNSTABLE|OPTICAL_MECH
2.680000,optical,50.00752,0.199922,0.52623,25.0081,1.00029,4.88817,5.01810,SPOT_UNSTABLE|OPTICAL_MECH
2.690000,optical,49.99448,0.199587,0.50379,25.0137,0.99906,4.85717,5.03990,SPOT_UNSTABLE|OPTICAL_MECH
2.700000,optical,50.00454,0.199729,0.49994,25.0099,0.99862,4.85650,5.02055,SPOT_UNSTABLE|OPTICAL_MECH
2.710000,optical,50.00916,0.200052,0.50997,24.9984,0.99893,4.86934,5.02896,SPOT_UNSTABLE|OPTICAL_MECH
2.720000,optical,49.99238,0.200113,0.45944,25.0081,0.99921,4.84736,5.01785,SPOT_UNSTABLE|OPTICAL_MECH
2.730000,optical,50.00029,0.200431,0.53123,25.0078,1.00162,4.84557,5.02027,SPOT_UNSTABLE|OPTICAL_MECH
2.740000,optical,50.00835,0.199552,0.54352,24.9982,1.00087,4.84416,5.01779,SPOT_UNSTABLE|OPTICAL_MECH
2.750000,optical,49.99544,0.199774,0.53378,25.0046,1.00028,4.83955,5.01484,SPOT_UNSTABLE|OPTICAL_MECH
2.760000,optical,49.99733,0.199764,0.53593,25.0066,1.00179,4.81662,5.01684,SPOT_UNSTABLE|OPTICAL_MECH
2.770000,optical,50.00830,0.199648,0.53249,24.9998,0.99823,4.81099,5.01175,SPOT_UNSTABLE|OPTICAL_MECH
2.780000,optical,49.99902,0.200284,0.52122,24.9986,0.99896,4.81083,4.98404,SPOT_UNSTABLE|OPTICAL_MECH
2.790000,optical,50.00812,0.199606,0.51984,25.0129,0.99964,4.79251,4.98904,SPOT_UNSTABLE|OPTICAL_MECH
2.800000,optical,49.99044,0.199612,0.45394,24.9977,0.99984,4.80633,4.99376,SPOT_UNSTABLE|OPTICAL_MECH
2.810000,optical,50.00974,0.200403,0.50704,25.0046,0.99988,4.79605,4.97623,SPOT_UNSTABLE|OPTICAL_MECH
2.820000,optical,50.00006,0.199765,0.48853,25.0141,0.99842,4.78775,4.97661,SPOT_UNSTABLE|OPTICAL_MECH
2.830000,optical,49.99076,0.199526,0.51648,25.0105,1.00049,4.76626,4.97200,SPOT_UNSTABLE|OPTICAL_MECH
2.840000,optical,49.99712,0.200066,0.50938,25.0067,0.99977,4.77265,4.98276,SPOT_UNSTABLE|OPTICAL_MECH
2.850000,optical,49.99705,0.199558,0.46032,25.0102,1.00169,4.76024,4.97136,SPOT_UNSTABLE|OPTICAL_MECH
2.860000,optical,49.99588,0.200072,0.48213,25.0047,0.99833,4.74743,4.98365,SPOT_UNSTABLE|OPTICAL_MECH
2.870000,optical,50.00068,0.200448,0.49677,24.9967,1.00001,4.75692,4.95173,SPOT_UNSTABLE|OPTICAL_MECH
2.880000,optical,50.00618,0.199571,0.50026,25.0016,1.00036,4.73762,4.95509,SPOT_UNSTABLE|OPTICAL_MECH
2.890000,optical,49.99766,0.200191,0.48119,24.9982,0.99903,4.73963,4.96565,SPOT_UNSTABLE|OPTICAL_MECH
2.900000,optical,50.00501,0.200318,0.45599,24.9993,1.00044,4.73775,4.95197,SPOT_UNSTABLE|OPTICAL_MECH
2.910000,optical,49.99669,0.199572,0.47797,25.0145,0.99842,4.73127,4.93977,SPOT_UNSTABLE|OPTICAL_MECH
2.920000,optical,50.00527,0.199532,0.50353,25.0095,1.00127,4.70809,4.95178,SPOT_UNSTABLE|OPTICAL_MECH
2.930000,optical,50.00665,0.199831,0.47947,25.0017,0.99992,4.70756,4.95275,SPOT_UNSTABLE|OPTICAL_MECH
2.940000,optical,49.99326,0.199801,0.53602,25.0122,1.00033,4.72115,4.95422,SPOT_UNSTABLE|OPTICAL_MECH
2.950000,optical,50.00060,0.200079,0.54413,25.0124,0.99803,4.69924,4.95096,SPOT_UNSTABLE|OPTICAL_MECH
2.960000,optical,50.00280,0.199963,0.54765,25.0124,0.99820,4.68761,4.93839,SPOT_UNSTABLE|OPTICAL_MECH
2.970000,optical,50.00902,0.200494,0.52607,25.0054,0.99872,4.68349,4.94617,SPOT_UNSTABLE|OPTICAL_MECH
2.980000,optical,50.00622,0.200322,0.52895,24.9978,1.00102,4.70137,4.94005,SPOT_UNSTABLE|OPTICAL_MECH
2.990000,optical,49.99560,0.200417,0.47662,25.0122,0.99918,4.67714,4.92726,SPOT_UNSTABLE|OPTICAL_MECH
3.000000,optical,49.99853,0.200285,0.52943,24.9976,1.00164,4.66244,4.90986,SPOT_UNSTABLE|OPTICAL_MECH
3.010000,optical,50.00772,0.199890,0.46262,24.9994,1.00061,4.68455,4.92345,SPOT_UNSTABLE|OPTICAL_MECH
3.020000,optical,50.00595,0.199698,0.54674,25.0032,0.99856,4.67795,4.90310,SPOT_UNSTABLE|OPTICAL_MECH
3.030000,optical,49.99023,0.199642,0.52228,25.0080,1.00117,4.64982,4.90321,SPOT_UNSTABLE|OPTICAL_MECH
3.040000,optical,49.99005,0.199949,0.54858,25.0050,1.00109,4.66083,4.91149,SPOT_UNSTABLE|OPTICAL_MECH
3.050000,optical,49.99811,0.200409,0.47300,25.0023,0.99960,4.66163,4.91613,SPOT_UNSTABLE|OPTICAL_MECH
3.060000,optical,50.00158,0.199778,0.53208,25.0045,1.00191,4.63612,4.89352,SPOT_UNSTABLE|OPTICAL_MECH
3.070000,optical,50.00127,0.199576,0.45384,25.0053,1.00158,4.64761,4.90824,SPOT_UNSTABLE|OPTICAL_MECH
3.080000,optical,50.00733,0.199795,0.45827,25.0002,1.00177,4.63176,4.88906,SPOT_UNSTABLE|OPTICAL_MECH
3.090000,optical,49.99510,0.199741,0.53382,25.0141,1.00183,4.62985,4.90939,SPOT_UNSTABLE|OPTICAL_MECH
3.100000,optical,50.00839,0.199514,0.49623,25.0150,0.99874,4.63739,4.88296,SPOT_UNSTABLE|OPTICAL_MECH
3.110000,optical,49.99397,0.199734,0.50230,25.0115,0.99988,4.61126,4.88845,SPOT_UNSTABLE|OPTICAL_MECH
3.120000,optical,49.99253,0.200336,0.45540,25.0036,1.00175,4.61725,4.88920,SPOT_UNSTABLE|OPTICAL_MECH
3.130000,optical,50.00363,0.200250,0.48617,25.0064,0.99867,4.61012,4.88291,SPOT_UNSTABLE|OPTICAL_MECH
3.140000,optical,49.99510,0.199865,0.50493,25.0008,0.99932,4.60320,4.88653,SPOT_UNSTABLE|OPTICAL_MECH
3.150000,optical,50.00308,0.200289,0.46596,24.9982,1.00079,4.59577,4.87803,SPOT_UNSTABLE|OPTICAL_MECH
3.160000,optical,50.00725,0.200369,0.45868,25.0138,0.99836,4.58947,4.87791,SPOT_UNSTABLE|OPTICAL_MECH
3.170000,optical,50.00858,0.200449,0.49564,24.9989,0.99953,4.57657,4.88163,SPOT_UNSTABLE|OPTICAL_MECH
3.180000,optical,50.00411,0.199598,0.47340,25.0041,1.00020,4.59209,4.88390,SPOT_UNSTABLE|OPTICAL_MECH
3.190000,optical,50.00313,0.199527,0.52589,24.9982,1.00138,4.58127,4.87797,SPOT_UNSTABLE|OPTICAL_MECH
3.200000,optical,49.99439,0.199601,0.54828,25.0068,1.00192,4.56160,4.86341,SPOT_UNSTABLE|OPTICAL_MECH
3.210000,optical,50.00507,0.200192,0.49300,24.9996,0.99888,4.58175,4.86307,SPOT_UNSTABLE|OPTICAL_MECH
3.220000,optical,49.99431,0.200286,0.45641,24.9966,1.00195,4.57785,4.86894,SPOT_UNSTABLE|OPTICAL_MECH
3.230000,optical,50.00140,0.199551,0.52229,25.0047,0.99922,4.57676,4.86725,SPOT_UNSTABLE|OPTICAL_MECH
3.240000,optical,50.00686,0.200204,0.46527,24.9993,0.99963,4.56903,4.84621,SPOT_UNSTABLE|OPTICAL_MECH
3.250000,optical,49.99490,0.200441,0.51257,25.0088,1.00125,4.54912,4.85494,SPOT_UNSTABLE|OPTICAL_MECH
3.260000,optical,50.00122,0.200022,0.54423,25.0162,1.00050,4.54391,4.85494,SPOT_UNSTABLE|OPTICAL_MECH
3.270000,optical,49.99197,0.200204,0.47167,25.0082,0.99969,4.54003,4.83909,SPOT_UNSTABLE|OPTICAL_MECH
3.280000,optical,50.00022,0.200471,0.49437,25.0070,1.00161,4.54442,4.84755,SPOT_UNSTABLE|OPTICAL_MECH
3.290000,optical,50.00034,0.199718,0.47059,25.0132,1.00094,4.55001,4.85444,SPOT_UNSTABLE|OPTICAL_MECH
3.300000,optical,49.99403,0.199687,0.50054,24.9981,1.00036,4.54655,4.85008,SPOT_UNSTABLE|OPTICAL_MECH
3.310000,optical,49.99433,0.200453,0.52945,25.0068,1.00168,4.54461,4.85250,SPOT_UNSTABLE|OPTICAL_MECH
3.320000,optical,49.99167,0.200000,0.47847,25.0156,0.99809,4.53849,4.85418,SPOT_UNSTABLE|OPTICAL_MECH
3.330000,optical,49.99097,0.199605,0.45066,25.0007,0.99803,4.52937,4.83834,SPOT_UNSTABLE|OPTICAL_MECH
3.340000,optical,49.99433,0.199777,0.50315,25.0023,0.99941,4.52715,4.82492,SPOT_UNSTABLE|OPTICAL_MECH
3.350000,optical,50.00500,0.199710,0.52756,25.0159,1.00187,4.52176,4.82674,SPOT_UNSTABLE|OPTICAL_MECH
3.360000,optical,49.99219,0.200072,0.53827,25.0074,1.00152,4.51505,4.82547,SPOT_UNSTABLE|OPTICAL_MECH
3.370000,optical,50.00463,0.199887,0.48855,25.0128,1.00143,4.52249,4.84000,SPOT_UNSTABLE|OPTICAL_MECH
3.380000,optical,50.00627,0.200124,0.47345,25.0021,0.99945,4.50109,4.82178,SPOT_UNSTABLE|OPTICAL_MECH
3.390000,optical,49.99557,0.199837,0.54197,25.0044,0.99877,4.50368,4.83383,SPOT_UNSTABLE|OPTICAL_MECH
3.400000,optical,50.00447,0.200143,0.49557,25.0090,1.00073,4.51691,4.82602,NONE
3.410000,optical,50.00839,0.200217,0.47345,25.0143,0.99868,4.49221,4.81743,NONE
3.420000,optical,49.99259,0.200027,0.50566,25.0011,0.99807,4.49853,4.82272,NONE
3.430000,optical,49.99556,0.199808,0.46954,25.0104,0.99861,4.50081,4.82188,NONE
3.440000,optical,50.00345,0.199638,0.52364,25.0144,0.99889,4.47652,4.81461,NONE
3.450000,optical,49.99051,0.200404,0.50799,25.0063,1.00113,4.48358,4.82369,NONE
3.460000,optical,49.99651,0.199607,0.53160,25.0169,0.99830,4.47956,4.81084,NONE
3.470000,optical,50.00364,0.200263,0.51914,25.0167,0.99853,4.47434,4.80917,NONE
3.480000,optical,50.00183,0.200440,0.47301,24.9990,1.00038,4.48265,4.82777,NONE
3.490000,optical,49.99919,0.199670,0.49407,25.0152,0.99821,4.48054,4.82861,NONE
3.500000,optical,49.99400,0.200431,0.48219,25.0077,1.00139,4.48412,4.80691,NONE
3.510000,optical,49.99557,0.200454,0.54658,25.0070,0.99892,4.48202,4.82691,NONE
3.520000,optical,50.00778,0.199781,0.54621,25.0072,1.00040,4.46225,4.80365,NONE
3.530000,optical,50.00931,0.199515,0.53680,25.0113,0.99958,4.46666,4.80811,NONE
3.540000,optical,50.00609,0.199695,0.53130,25.0091,1.00123,4.47412,4.82079,NONE
3.550000,optical,50.00229,0.200288,0.48806,25.0140,0.99836,4.45308,4.79558,NONE
3.560000,optical,50.00685,0.200423,0.51994,25.0011,1.00028,4.46355,4.79964,NONE
3.570000,optical,50.00280,0.200018,0.48368,24.9989,1.00056,4.44951,4.79523,NONE
3.580000,optical,50.00606,0.199521,0.53323,25.0089,0.99979,4.47307,4.81475,NONE
3.590000,optical,49.99665,0.200484,0.47187,25.0101,1.00122,4.46557,4.79778,NONE
3.600000,optical,50.00550,0.200327,0.53791,25.0025,1.00045,4.45469,4.80442,NONE
3.610000,optical,49.99377,0.199706,0.54120,25.0049,0.99995,4.45555,4.80405,NONE
3.620000,optical,50.00099,0.200158,0.48943,25.0164,1.00009,4.44576,4.81314,NONE
3.630000,optical,49.99219,0.200056,0.51299,25.0016,1.00114,4.45694,4.80740,NONE
3.640000,optical,49.99821,0.200216,0.52305,25.0044,0.99999,4.44896,4.79265,NONE
3.650000,optical,49.99430,0.200336,0.53610,25.0151,0.99952,4.45027,4.81557,NONE
3.660000,optical,49.99258,0.200144,0.50567,25.0039,0.99808,4.44828,4.79056,NONE
3.670000,optical,50.00238,0.199611,0.52028,25.0077,1.00059,4.46606,4.80314,NONE
3.680000,optical,50.00559,0.199711,0.48231,25.0161,1.00067,4.45578,4.80831,NONE
3.690000,optical,50.00183,0.200214,0.51345,25.0147,1.00013,4.44542,4.81189,NONE
3.700000,optical,50.00673,0.199706,0.52542,25.0071,0.99984,4.44585,4.78792,NONE
3.710000,optical,49.99384,0.200205,0.47096,25.0146,0.99964,4.44243,4.79126,NONE
3.720000,optical,49.99544,0.199961,0.50259,25.0068,0.99849,4.45370,4.80966,NONE
3.730000,optical,49.99394,0.199889,0.48871,25.0150,0.99800,4.46301,4.79265,NONE
3.740000,optical,50.00674,0.199972,0.45045,25.0121,0.99966,4.46388,4.81350,NONE
3.750000,optical,49.99187,0.199733,0.53207,25.0166,1.00026,4.43610,4.81029,NONE
3.760000,optical,50.00413,0.199937,0.46129,25.0013,0.99862,4.43935,4.79694,NONE
3.770000,optical,50.00181,0.200358,0.49596,25.0104,0.99802,4.45301,4.80497,NONE
3.780000,optical,50.00962,0.199770,0.48455,25.0057,0.99930,4.45460,4.81360,NONE
3.790000,optical,50.00179,0.200085,0.53357,25.0037,1.00116,4.45868,4.78798,NONE
3.800000,optical,50.00042,0.199810,0.49971,25.0054,0.99858,4.46384,4.79078,NONE
3.810000,optical,49.99785,0.200114,0.49959,24.9984,1.00145,4.44938,4.78606,NONE
3.820000,optical,49.99045,0.200068,0.46140,25.0068,1.00195,4.43968,4.79464,NONE
3.830000,optical,49.99456,0.199562,0.52284,24.9989,0.99946,4.45419,4.78795,NONE
3.840000,optical,49.99890,0.200097,0.53301,25.0019,1.00182,4.45532,4.80731,NONE
3.850000,optical,49.99879,0.199672,0.46147,25.0172,0.99916,4.44631,4.80468,NONE
3.860000,optical,50.00420,0.200357,0.54238,25.0049,0.99928,4.44639,4.79644,NONE
3.870000,optical,49.99003,0.200281,0.45511,25.0128,1.00044,4.46508,4.81135,NONE
3.880000,optical,49.99521,0.200475,0.49496,25.0044,1.00043,4.44435,4.80316,NONE
3.890000,optical,49.99002,0.200414,0.48094,25.0028,1.00159,4.44436,4.79548,NONE
3.900000,optical,49.99995,0.199516,0.49539,25.0149,0.99907,4.45240,4.81353,NONE
3.910000,optical,49.99630,0.199552,0.49974,25.0104,1.00137,4.45704,4.79607,NONE
3.920000,optical,50.00033,0.200459,0.54103,25.0033,0.99898,4.46580,4.81120,NONE
3.930000,optical,50.00214,0.199863,0.54966,25.0104,0.99855,4.46349,4.80757,NONE
3.940000,optical,50.00698,0.199960,0.49052,25.0032,1.00181,4.47199,4.79917,NONE
3.950000,optical,50.00867,0.200462,0.46684,25.0073,1.00081,4.47322,4.80376,NONE
3.960000,optical,49.99601,0.200346,0.45817,25.0177,1.00051,4.46872,4.80517,NONE
3.970000,optical,49.99560,0.199767,0.48871,25.0131,0.99833,4.47740,4.81624,NONE
3.980000,optical,49.99761,0.200116,0.47363,25.0036,0.99975,4.47380,4.80403,NONE
3.990000,optical,49.99659,0.200153,0.48397,24.9994,1.00142,4.47617,4.82230,NONE
4.000000,optical,49.99860,0.200111,0.45480,24.9987,1.00047,4.48315,4.82911,NONE
4.010000,optical,49.99449,0.199568,0.45986,25.0109,1.00075,4.47137,4.80426,NONE
4.020000,optical,49.99634,0.199531,0.50361,25.0098,1.00076,4.48764,4.82905,NONE
4.030000,optical,49.99192,0.199530,0.47766,25.0141,0.99957,4.47328,4.81872,NONE
4.040000,optical,50.00346,0.200167,0.52943,25.0090,0.99967,4.49029,4.82488,NONE
4.050000,optical,49.99533,0.200147,0.46850,25.0137,1.00006,4.50301,4.80664,NONE
4.060000,optical,49.99004,0.200140,0.46439,25.0122,1.00055,4.48575,4.81960,NONE
4.070000,optical,49.99722,0.200371,0.53943,25.0172,0.99984,4.47902,4.81553,NONE
4.080000,optical,50.00707,0.200169,0.54129,25.0119,1.00009,4.49978,4.82839,NONE
4.090000,optical,50.00179,0.199934,0.50012,25.0024,0.99818,4.50307,4.83024,NONE
4.100000,optical,49.99883,0.199520,0.48760,25.0147,0.99959,4.50098,4.81533,NONE
4.110000,optical,49.99719,0.200092,0.48088,25.0126,1.00168,4.50472,4.83027,NONE
4.120000,optical,50.00916,0.200277,0.53145,25.0075,1.00054,4.50566,4.83303,NONE
4.130000,optical,50.00133,0.199753,0.45774,25.0003,0.99804,4.52069,4.83720,NONE
4.140000,optical,49.99243,0.200147,0.54678,25.0114,0.99824,4.52210,4.82790,NONE
4.150000,optical,50.00200,0.199636,0.50773,25.0000,0.99839,4.50428,4.82620,NONE
4.160000,optical,50.00191,0.199552,0.46793,25.0164,0.99807,4.50989,4.82590,NONE
4.170000,optical,50.00468,0.200006,0.49243,25.0095,0.99973,4.53525,4.83854,NONE
4.180000,optical,50.00155,0.199975,0.50917,25.0062,1.00044,4.52393,4.83602,NONE
4.190000,optical,49.99561,0.200232,0.46731,25.0170,1.00159,4.54140,4.85922,NONE
4.200000,optical,49.99847,0.200412,0.51309,25.0004,0.99811,4.53976,4.85028,NONE
4.210000,optical,49.99405,0.200057,0.54402,25.0144,0.99913,4.55428,4.85180,NONE
4.220000,optical,49.99911,0.199870,0.45589,25.0079,1.00153,4.54743,4.84481,NONE
4.230000,optical,50.00787,0.199994,0.54937,25.0014,1.00140,4.55177,4.86350,NONE
4.240000,optical,49.99801,0.200311,0.53684,25.0105,1.00127,4.56313,4.86497,NONE
4.250000,optical,49.99111,0.199928,0.53430,25.0174,1.00162,4.55452,4.84429,NONE
4.260000,optical,49.99090,0.199704,0.50654,25.0130,1.00044,4.57236,4.87415,NONE
4.270000,optical,49.99361,0.199611,0.54465,25.0097,1.00146,4.55101,4.87632,NONE
4.280000,optical,50.00948,0.200071,0.52415,25.0007,0.99963,4.57299,4.86890,NONE
4.290000,optical,50.00055,0.199659,0.47981,25.0182,1.00077,4.58061,4.88062,NONE
4.300000,optical,50.00042,0.200153,0.50918,25.0160,1.00195,4.56273,4.86782,NONE
4.310000,optical,50.00717,0.199601,0.49122,25.0171,1.00106,4.58651,4.85943,NONE
4.320000,optical,50.00115,0.199532,0.45017,25.0089,1.00070,4.58006,4.86674,NONE
4.330000,optical,49.99024,0.199955,0.51649,25.0123,1.00044,4.60340,4.89115,NONE
4.340000,optical,49.99754,0.200496,0.48145,25.0144,0.99921,4.59269,4.88329,NONE
4.350000,optical,50.00594,0.199866,0.46299,25.0064,1.00151,4.60901,4.87230,NONE
4.360000,optical,50.00834,0.200445,0.52148,25.0125,1.00170,4.59010,4.88877,NONE
4.370000,optical,49.99396,0.199960,0.45331,25.0106,1.00018,4.61760,4.89505,NONE
4.380000,optical,50.00576,0.199961,0.51408,25.0145,1.00007,4.60792,4.87877,NONE
4.390000,optical,50.00121,0.199535,0.48023,24.9998,0.99892,4.62732,4.88983,NONE
4.400000,optical,49.99633,0.199787,0.50688,25.0108,0.99829,4.61952,4.89588,NONE
4.410000,optical,50.00750,0.200284,0.49707,25.0039,1.00051,4.62551,4.89959,NONE
4.420000,optical,50.00759,0.200415,0.47236,25.0155,1.00173,4.64536,4.89250,NONE
4.430000,optical,49.99981,0.200326,0.54674,25.0119,0.99868,4.64675,4.91472,NONE
4.440000,optical,50.00073,0.199903,0.50621,25.0114,1.00065,4.63101,4.91782,NONE
4.450000,optical,49.99424,0.199640,0.51563,25.0056,1.00180,4.64168,4.90440,NONE
4.460000,optical,49.99295,0.200447,0.45685,25.0107,0.99893,4.66122,4.91596,NONE
4.470000,optical,50.00507,0.199917,0.54338,25.0065,0.99967,4.64972,4.90213,NONE
4.480000,optical,49.99249,0.200163,0.53056,25.0031,0.99881,4.66786,4.91071,NONE
4.490000,optical,50.00101,0.199686,0.53167,25.0079,0.99946,4.68025,4.90712,NONE
4.500000,optical,50.00010,0.200142,0.50899,25.0093,1.00037,4.68514,4.91069,NONE
4.510000,optical,49.99031,0.200048,0.53263,25.0076,1.00155,4.67416,4.92176,NONE
4.520000,optical,49.99969,0.200050,0.49236,25.0018,1.00017,4.69349,4.93682,NONE
4.530000,optical,49.99019,0.199957,0.46418,25.0105,0.99905,4.69466,4.93453,NONE
4.540000,optical,50.00384,0.200083,0.47273,25.0107,1.00066,4.70544,4.94572,NONE
4.550000,optical,50.00364,0.200352,0.45389,25.0158,1.00118,4.69320,4.94011,NONE
4.560000,optical,50.00338,0.199843,0.52873,25.0018,0.99918,4.70008,4.92766,NONE
4.570000,optical,49.99915,0.199964,0.45998,25.0113,1.00009,4.71678,4.95028,NONE
4.580000,optical,49.99075,0.200393,0.54803,25.0043,1.00019,4.71836,4.96023,NONE
4.590000,optical,50.00711,0.200149,0.51412,25.0099,1.00147,4.72667,4.96289,NONE
4.600000,optical,50.00959,0.200337,0.50663,25.0104,1.00015,4.72770,4.94850,NONE
4.610000,optical,50.00265,0.199853,0.48229,25.0063,0.99822,4.72986,4.94835,NONE
4.620000,optical,50.00606,0.199852,0.49725,25.0150,0.99850,4.75116,4.95323,NONE
4.630000,optical,49.99898,0.199670,0.50369,25.0173,1.00074,4.75292,4.96548,NONE
4.640000,optical,50.00471,0.200249,0.48316,25.0074,0.99894,4.77282,4.97012,NONE
4.650000,optical,49.99948,0.200209,0.54860,25.0176,1.00039,4.77744,4.97859,NONE
4.660000,optical,50.00183,0.200391,0.49017,25.0193,0.99948,4.76701,4.97010,NONE
4.670000,optical,49.99237,0.200469,0.49192,25.0001,0.99993,4.77659,4.97636,NONE
4.680000,optical,50.00644,0.200244,0.51945,25.0159,0.99882,4.78265,4.99115,NONE
4.690000,optical,50.00902,0.199874,0.53515,25.0089,1.00076,4.79772,4.97816,NONE
4.700000,optical,50.00121,0.199507,0.49890,25.0013,0.99990,4.78668,4.98279,NONE
4.710000,optical,50.00878,0.199991,0.48214,25.0123,1.00163,4.81570,4.99633,NONE
4.720000,optical,50.00753,0.199757,0.47162,25.0186,0.99998,4.81921,4.98168,NONE
4.730000,optical,50.00881,0.199885,0.48998,25.0141,1.00198,4.82044,5.01039,SPOT_UNSTABLE|OPTICAL_MECH
4.740000,optical,49.99842,0.200403,0.47829,25.0037,1.00161,4.81967,5.00830,SPOT_UNSTABLE|OPTICAL_MECH
4.750000,optical,50.00993,0.199534,0.53089,25.0053,1.00029,4.81881,5.01361,SPOT_UNSTABLE|OPTICAL_MECH
4.760000,optical,49.99440,0.200017,0.50727,25.0147,1.00010,4.82448,4.99650,SPOT_UNSTABLE|OPTICAL_MECH
4.770000,optical,50.00899,0.199901,0.52194,25.0119,0.99967,4.85073,5.01991,SPOT_UNSTABLE|OPTICAL_MECH
4.780000,optical,49.99912,0.199887,0.49298,25.0132,1.00100,4.83500,5.00748,SPOT_UNSTABLE|OPTICAL_MECH
4.790000,optical,49.99627,0.200097,0.46097,25.0053,0.99983,4.86049,5.02246,SPOT_UNSTABLE|OPTICAL_MECH
4.800000,optical,50.00792,0.199965,0.52079,25.0008,0.99953,4.86564,5.03371,SPOT_UNSTABLE|OPTICAL_MECH
4.810000,optical,50.00459,0.199711,0.45773,24.9998,1.00058,4.88208,5.02047,SPOT_UNSTABLE|OPTICAL_MECH
4.820000,optical,49.99089,0.200341,0.47699,25.0047,0.99803,4.88935,5.04365,SPOT_UNSTABLE|OPTICAL_MECH
4.830000,optical,50.00577,0.199835,0.52307,25.0111,0.99959,4.89095,5.05054,SPOT_UNSTABLE|OPTICAL_MECH
4.840000,optical,49.99853,0.199971,0.54615,25.0029,0.99824,4.88665,5.03199,SPOT_UNSTABLE|OPTICAL_MECH
4.850000,optical,49.99156,0.199698,0.48422,25.0105,0.99827,4.88779,5.04931,SPOT_UNSTABLE|OPTICAL_MECH
4.860000,optical,49.99848,0.200297,0.53671,25.0151,1.00029,4.90755,5.04813,SPOT_UNSTABLE|OPTICAL_MECH
4.870000,optical,49.99120,0.200117,0.48550,25.0066,0.99911,4.91311,5.05760,SPOT_UNSTABLE|OPTICAL_MECH
4.880000,optical,49.99284,0.199528,0.49042,25.0112,1.00043,4.92033,5.04733,SPOT_UNSTABLE|OPTICAL_MECH
4.890000,optical,49.99753,0.200363,0.51816,25.0153,0.99894,4.91818,5.06963,SPOT_UNSTABLE|OPTICAL_MECH
4.900000,optical,50.00358,0.200422,0.53333,24.9998,0.99861,4.93824,5.07705,SPOT_UNSTABLE|OPTICAL_MECH
4.910000,optical,49.99962,0.200420,0.45703,25.0045,1.00074,4.93779,5.05568,SPOT_UNSTABLE|OPTICAL_MECH
4.920000,optical,49.99389,0.200354,0.53655,25.0152,0.99966,4.95199,5.05746,SPOT_UNSTABLE|OPTICAL_MECH
4.930000,optical,50.00323,0.200266,0.47060,25.0064,0.99912,4.95783,5.06983,SPOT_UNSTABLE|OPTICAL_MECH
4.940000,optical,49.99366,0.199954,0.50560,25.0134,0.99954,4.94482,5.09173,SPOT_UNSTABLE|OPTICAL_MECH
4.950000,optical,50.00217,0.199528,0.47210,25.0069,0.99827,4.97545,5.08849,SPOT_UNSTABLE|OPTICAL_MECH
4.960000,optical,50.00233,0.199554,0.48880,25.0012,0.99859,4.98389,5.07979,SPOT_UNSTABLE|OPTICAL_MECH
4.970000,optical,49.99545,0.199992,0.49803,25.0132,1.00187,4.98503,5.07615,SPOT_UNSTABLE|OPTICAL_MECH
4.980000,optical,50.00977,0.199894,0.51882,25.0168,1.00121,4.99925,5.10195,SPOT_UNSTABLE|OPTICAL_MECH
4.990000,optical,50.00795,0.199799,0.49350,25.0094,1.00092,5.00014,5.10516,SPOT_UNSTABLE|OPTICAL_MECH
5.000000,optical,49.99070,0.199780,0.45936,25.0193,0.99809,4.98664,5.09618,SPOT_UNSTABLE|OPTICAL_MECH
5.010000,optical,49.99754,0.200014,0.45761,25.0143,0.99924,4.99297,5.10254,SPOT_UNSTABLE|OPTICAL_MECH
5.020000,optical,50.00778,0.200491,0.45108,25.0040,0.99999,5.01396,5.10917,SPOT_UNSTABLE|OPTICAL_MECH
5.030000,optical,50.00018,0.200458,0.51191,25.0029,0.99865,5.00901,5.10085,SPOT_UNSTABLE|OPTICAL_MECH
5.040000,optical,50.00786,0.199562,0.51940,25.0130,0.99977,5.03164,5.12520,SPOT_UNSTABLE|OPTICAL_MECH
5.050000,optical,50.00840,0.199544,0.50856,25.0103,1.00160,5.03961,5.12905,SPOT_UNSTABLE|OPTICAL_MECH
5.060000,optical,49.99289,0.199824,0.45263,25.0189,1.00042,5.04451,5.13438,SPOT_UNSTABLE|OPTICAL_MECH
5.070000,optical,49.99814,0.200162,0.54715,25.0122,1.00022,5.03809,5.12466,SPOT_UNSTABLE|OPTICAL_MECH
5.080000,optical,49.99597,0.200213,0.46323,25.0066,0.99891,5.06585,5.13029,SPOT_UNSTABLE|OPTICAL_MECH
5.090000,optical,50.00580,0.199745,0.52689,25.0095,0.99960,5.07089,5.14788,SPOT_UNSTABLE|OPTICAL_MECH
5.100000,optical,49.99207,0.199527,0.53933,25.0061,1.00175,5.07310,5.14238,SPOT_UNSTABLE|OPTICAL_MECH
5.110000,optical,49.99344,0.200320,0.48077,25.0132,0.99994,5.06278,5.15220,SPOT_UNSTABLE|OPTICAL_MECH
5.120000,optical,50.00701,0.200007,0.45881,25.0147,1.00153,5.08786,5.14957,SPOT_UNSTABLE|OPTICAL_MECH
5.130000,optical,49.99507,0.199905,0.52575,25.0008,1.00137,5.07922,5.14327,SPOT_UNSTABLE|OPTICAL_MECH
5.140000,optical,49.99401,0.199947,0.50613,25.0167,0.99968,5.11067,5.16224,SPOT_UNSTABLE|OPTICAL_MECH
5.150000,optical,49.99388,0.199905,0.47469,25.0192,0.99855,5.10858,5.15817,SPOT_UNSTABLE|OPTICAL_MECH
5.160000,optical,49.99120,0.199523,0.48314,25.0196,1.00080,5.11166,5.17052,SPOT_UNSTABLE|OPTICAL_MECH
5.170000,optical,50.00907,0.200444,0.49852,25.0167,1.00077,5.11673,5.14927,SPOT_UNSTABLE|OPTICAL_MECH
5.180000,optical,49.99146,0.200295,0.47146,25.0018,0.99853,5.11266,5.16083,SPOT_UNSTABLE|OPTICAL_MECH
5.190000,optical,49.99344,0.199737,0.45549,25.0071,1.00017,5.12559,5.16157,SPOT_UNSTABLE|OPTICAL_MECH
5.200000,optical,49.99436,0.200359,0.46595,25.0097,1.00050,5.12194,5.18035,SPOT_UNSTABLE|OPTICAL_MECH
5.210000,optical,49.99034,0.199847,0.52685,25.0106,1.00123,5.14052,5.17676,SPOT_UNSTABLE|OPTICAL_MECH
5.220000,optical,50.00549,0.199574,0.48861,25.0063,0.99856,5.14116,5.19399,SPOT_UNSTABLE|OPTICAL_MECH
5.230000,optical,49.99188,0.200474,0.46923,25.0053,1.00076,5.14739,5.17360,SPOT_UNSTABLE|OPTICAL_MECH
5.240000,optical,50.00646,0.199601,0.49016,25.0151,0.99859,5.17247,5.20042,SPOT_UNSTABLE|OPTICAL_MECH
5.250000,optical,49.99140,0.199893,0.52076,25.0203,1.00096,5.18419,5.19859,SPOT_UNSTABLE|OPTICAL_MECH
5.260000,optical,49.99639,0.200338,0.48482,25.0030,0.99953,5.16352,5.19741,SPOT_UNSTABLE|OPTICAL_MECH
5.270000,optical,49.99222,0.199797,0.53624,25.0032,1.00001,5.18270,5.19609,SPOT_UNSTABLE|OPTICAL_MECH
5.280000,optical,50.00862,0.199754,0.52246,25.0038,1.00085,5.18634,5.21027,SPOT_UNSTABLE|OPTICAL_MECH
5.290000,optical,49.99418,0.199793,0.48317,25.0135,0.99819,5.18789,5.20937,SPOT_UNSTABLE|OPTICAL_MECH
5.300000,optical,49.99099,0.199575,0.51426,25.0135,0.99930,5.20523,5.19671,SPOT_UNSTABLE|OPTICAL_MECH
5.310000,optical,50.00978,0.199519,0.46083,25.0136,0.99808,5.19550,5.21537,SPOT_UNSTABLE|OPTICAL_MECH
5.320000,optical,49.99060,0.200034,0.47255,25.0043,0.99938,5.22447,5.20487,SPOT_UNSTABLE|OPTICAL_MECH
5.330000,optical,49.99435,0.200084,0.51586,25.0156,1.00015,5.23621,5.23357,SPOT_UNSTABLE|OPTICAL_MECH
5.340000,optical,50.00091,0.200265,0.53564,25.0030,0.99862,5.23200,5.22371,SPOT_UNSTABLE|OPTICAL_MECH
5.350000,optical,49.99095,0.199611,0.47532,25.0200,0.99926,5.23693,5.23448,SPOT_UNSTABLE|OPTICAL_MECH
5.360000,optical,49.99607,0.200201,0.50439,25.0080,1.00007,5.22646,5.24552,SPOT_UNSTABLE|OPTICAL_MECH
5.370000,optical,50.00178,0.200396,0.50911,25.0075,1.00047,5.25120,5.22367,SPOT_UNSTABLE|OPTICAL_MECH
5.380000,optical,49.99166,0.200409,0.45045,25.0049,1.00066,5.25394,5.22357,SPOT_UNSTABLE|OPTICAL_MECH
5.390000,optical,50.00535,0.200362,0.52338,25.0068,1.00172,5.25981,5.24373,SPOT_UNSTABLE|OPTICAL_MECH
5.400000,optical,49.99783,0.200352,0.54802,25.0080,0.99990,5.27491,5.25299,SPOT_UNSTABLE|OPTICAL_MECH
5.410000,optical,49.99271,0.200456,0.48227,25.0015,0.99862,5.26482,5.24698,SPOT_UNSTABLE|OPTICAL_MECH
5.420000,optical,50.00702,0.199567,0.46289,25.0158,0.99879,5.28180,5.24462,SPOT_UNSTABLE|OPTICAL_MECH
5.430000,optical,49.99971,0.200185,0.51209,25.0177,1.00166,5.29398,5.24732,SPOT_UNSTABLE|OPTICAL_MECH
5.440000,optical,49.99016,0.200352,0.48515,25.0168,0.99993,5.28240,5.25842,SPOT_UNSTABLE|OPTICAL_MECH
5.450000,optical,49.99490,0.199924,0.46738,25.0139,1.00019,5.30295,5.25764,SPOT_UNSTABLE|OPTICAL_MECH
5.460000,optical,49.99862,0.200225,0.54717,25.0038,0.99891,5.31301,5.25064,SPOT_UNSTABLE|OPTICAL_MECH
5.470000,optical,50.00689,0.199773,0.48764,25.0089,1.00083,5.31826,5.26111,SPOT_UNSTABLE|OPTICAL_MECH
5.480000,optical,49.99047,0.199821,0.50732,25.0093,1.00113,5.31733,5.27546,SPOT_UNSTABLE|OPTICAL_MECH
5.490000,optical,49.99147,0.199939,0.45301,25.0142,1.00161,5.33052,5.28781,SPOT_UNSTABLE|OPTICAL_MECH
5.500000,optical,49.99525,0.199500,0.53342,25.0010,0.99983,5.32274,5.28237,SPOT_UNSTABLE|OPTICAL_MECH
5.510000,optical,50.00858,0.199610,0.51417,25.0110,0.99990,5.34231,5.29432,SPOT_UNSTABLE|OPTICAL_MECH
5.520000,optical,50.00746,0.199840,0.46966,25.0044,0.99871,5.33259,5.28433,SPOT_UNSTABLE|OPTICAL_MECH
5.530000,optical,49.99448,0.200464,0.53059,25.0161,1.00009,5.35475,5.27921,SPOT_UNSTABLE|OPTICAL_MECH
5.540000,optical,49.99166,0.200026,0.54783,25.0143,1.00018,5.33249,5.29306,SPOT_UNSTABLE|OPTICAL_MECH
5.550000,optical,49.99496,0.200065,0.46060,25.0193,1.00058,5.34927,5.30520,SPOT_UNSTABLE|OPTICAL_MECH
5.560000,optical,49.99797,0.199818,0.48905,25.0017,1.00017,5.34858,5.28611,SPOT_UNSTABLE|OPTICAL_MECH
5.570000,optical,50.00412,0.199810,0.51033,25.0026,0.99832,5.37098,5.28423,SPOT_UNSTABLE|OPTICAL_MECH
5.580000,optical,50.00150,0.200027,0.46829,25.0149,1.00123,5.36646,5.30986,SPOT_UNSTABLE|OPTICAL_MECH
5.590000,optical,50.00993,0.199553,0.52495,25.0134,1.00088,5.35724,5.30837,SPOT_UNSTABLE|OPTICAL_MECH
5.600000,optical,49.99975,0.200172,0.45981,25.0156,1.00074,5.37925,5.30304,SPOT_UNSTABLE|OPTICAL_MECH
5.610000,optical,49.99453,0.199932,0.49899,25.0204,0.99873,5.38326,5.30268,SPOT_UNSTABLE|OPTICAL_MECH
5.620000,optical,50.00417,0.199895,0.48118,25.0099,1.00002,5.38337,5.32066,SPOT_UNSTABLE|OPTICAL_MECH
5.630000,optical,49.99524,0.200496,0.45107,25.0175,1.00060,5.38564,5.30902,SPOT_UNSTABLE|OPTICAL_MECH
5.640000,optical,49.99219,0.199752,0.48567,25.0141,0.99938,5.38779,5.32806,SPOT_UNSTABLE|OPTICAL_MECH
5.650000,optical,49.99210,0.200364,0.45660,25.0044,0.99907,5.40907,5.31844,SPOT_UNSTABLE|OPTICAL_MECH
5.660000,optical,50.00012,0.199824,0.45042,25.0077,1.00039,5.39887,5.31349,SPOT_UNSTABLE|OPTICAL_MECH
5.670000,optical,49.99195,0.200073,0.51725,25.0124,0.99925,5.41953,5.31652,SPOT_UNSTABLE|OPTICAL_MECH
5.680000,optical,50.00246,0.200187,0.45111,25.0140,0.99911,5.41576,5.32450,SPOT_UNSTABLE|OPTICAL_MECH
5.690000,optical,49.99724,0.199903,0.47447,25.0185,1.00174,5.41537,5.32705,SPOT_UNSTABLE|OPTICAL_MECH
5.700000,optical,49.99442,0.200276,0.53463,25.0094,0.99816,5.42107,5.33285,SPOT_UNSTABLE|OPTICAL_MECH
5.710000,optical,50.00277,0.199989,0.50151,25.0190,1.00163,5.44275,5.33779,SPOT_UNSTABLE|OPTICAL_MECH
5.720000,optical,49.99893,0.199557,0.48084,25.0111,1.00070,5.43712,5.32404,SPOT_UNSTABLE|OPTICAL_MECH
5.730000,optical,50.00555,0.200397,0.54145,25.0039,0.99884,5.44033,5.33345,SPOT_UNSTABLE|OPTICAL_MECH
5.740000,optical,49.99325,0.200350,0.51344,25.0079,0.99804,5.42962,5.33521,SPOT_UNSTABLE|OPTICAL_MECH
5.750000,optical,50.00351,0.199745,0.45329,25.0163,0.99918,5.43824,5.34781,SPOT_UNSTABLE|OPTICAL_MECH
5.760000,optical,49.99932,0.200083,0.46063,25.0055,0.99965,5.45595,5.34887,SPOT_UNSTABLE|OPTICAL_MECH
5.770000,optical,50.00932,0.200250,0.49088,25.0103,0.99945,5.44291,5.33615,SPOT_UNSTABLE|OPTICAL_MECH
5.780000,optical,50.00295,0.200330,0.50871,25.0187,1.00062,5.45572,5.35297,SPOT_UNSTABLE|OPTICAL_MECH
5.790000,optical,49.99735,0.200157,0.52610,25.0025,1.00040,5.47115,5.36272,SPOT_UNSTABLE|OPTICAL_MECH
5.800000,optical,50.00567,0.199743,0.51799,25.0109,1.00130,5.47449,5.34122,SPOT_UNSTABLE|OPTICAL_MECH
5.810000,optical,50.00530,0.199501,0.54520,25.0109,0.99890,5.47978,5.35167,SPOT_UNSTABLE|OPTICAL_MECH
5.820000,optical,50.00640,0.199976,0.51181,25.0116,0.99893,5.46835,5.34411,SPOT_UNSTABLE|OPTICAL_MECH
5.830000,optical,49.99013,0.200088,0.45094,25.0123,1.00039,5.46812,5.35794,NONE
5.840000,optical,50.00324,0.199995,0.48621,25.0192,0.99820,5.47515,5.35107,NONE
5.850000,optical,49.99966,0.199590,0.50054,25.0083,0.99870,5.49660,5.36077,NONE
5.860000,optical,49.99632,0.200343,0.45277,25.0189,1.00097,5.49940,5.37197,NONE
5.870000,optical,49.99023,0.199648,0.45511,25.0090,1.00080,5.48357,5.35163,NONE
5.880000,optical,50.00565,0.200015,0.50008,25.0180,0.99844,5.47811,5.37039,NONE
5.890000,optical,50.00613,0.200167,0.51847,25.0205,0.99881,5.49816,5.36538,NONE
5.900000,optical,49.99030,0.200180,0.47220,25.0190,0.99971,5.48780,5.35722,NONE
5.910000,optical,50.00139,0.200323,0.45614,25.0155,1.00038,5.51115,5.38094,NONE
5.920000,optical,49.99344,0.200145,0.49683,25.0033,0.99910,5.50325,5.37957,NONE
5.930000,optical,49.99818,0.199553,0.51699,25.0040,1.00095,5.51949,5.36251,NONE
5.940000,optical,49.99708,0.200204,0.48205,25.0205,1.00091,5.50025,5.39150,NONE
5.950000,optical,50.00203,0.199798,0.48546,25.0110,1.00123,5.52623,5.37651,NONE
5.960000,optical,49.99810,0.200446,0.52067,25.0134,0.99958,5.51292,5.36945,NONE
5.970000,optical,50.00124,0.199714,0.47811,25.0149,0.99864,5.51742,5.37916,NONE
5.980000,optical,50.00898,0.199800,0.52607,25.0168,1.00020,5.52389,5.38984,NONE
5.990000,optical,50.00938,0.200426,0.52160,25.0092,1.00102,5.52267,5.39754,NONE
6.000000,optical,50.00891,0.199550,0.45435,25.0183,0.99891,5.50948,5.37963,NONE
6.010000,optical,49.99591,0.199857,0.51405,25.0139,0.99862,5.51965,5.38962,NONE
6.020000,optical,49.99994,0.199938,0.47587,25.0043,0.99805,5.53338,5.38632,NONE
6.030000,optical,49.99193,0.199599,0.53754,25.0138,0.99833,5.52463,5.37788,NONE
6.040000,optical,50.00476,0.200220,0.52625,25.0199,1.00177,5.51888,5.39136,NONE
6.050000,optical,50.00799,0.200011,0.45934,25.0056,0.99941,5.53574,5.39405,NONE
6.060000,optical,49.99408,0.200356,0.52359,25.0069,1.00174,5.52260,5.38509,NONE
6.070000,optical,49.99860,0.199503,0.49183,25.0170,0.99929,5.53177,5.40055,NONE
6.080000,optical,49.99800,0.200294,0.46639,25.0060,0.99942,5.52927,5.40090,NONE
6.090000,optical,50.00643,0.200193,0.48104,25.0086,1.00163,5.55234,5.40468,NONE
6.100000,optical,49.99427,0.200309,0.45712,25.0079,1.00102,5.52874,5.39614,NONE
6.110000,optical,49.99811,0.199977,0.51835,25.0078,0.99880,5.54356,5.39608,NONE
6.120000,optical,50.00270,0.199935,0.50978,25.0051,1.00023,5.55114,5.40641,NONE
6.130000,optical,49.99494,0.200029,0.52413,25.0176,1.00180,5.55179,5.39372,NONE
6.140000,optical,50.00550,0.200428,0.52872,25.0216,1.00089,5.53372,5.39299,NONE
6.150000,optical,50.00694,0.200478,0.49426,25.0052,0.99830,5.54604,5.38707,NONE
6.160000,optical,50.00434,0.200360,0.47056,25.0145,1.00190,5.55273,5.40941,NONE
6.170000,optical,50.00843,0.199931,0.53438,25.0220,0.99829,5.56152,5.38414,NONE
6.180000,optical,49.99278,0.200482,0.45304,25.0188,0.99970,5.55582,5.38680,NONE
6.190000,optical,50.00938,0.200382,0.49080,25.0122,0.99958,5.56167,5.39941,NONE
6.200000,optical,49.99328,0.200466,0.53546,25.0188,0.99825,5.54215,5.38887,NONE
6.210000,optical,49.99000,0.200197,0.52587,25.0143,0.99913,5.53847,5.39246,NONE
6.220000,optical,49.99815,0.200101,0.49557,25.0044,0.99838,5.56150,5.39882,NONE
6.230000,optical,49.99801,0.200090,0.53677,25.0174,0.99856,5.54078,5.39754,NONE
6.240000,optical,50.00900,0.200028,0.54982,25.0201,0.99856,5.53526,5.39389,NONE
6.250000,optical,50.00959,0.199633,0.48528,25.0219,0.99836,5.56073,5.38976,NONE
6.260000,optical,50.00652,0.199744,0.53719,25.0141,0.99883,5.55521,5.39087,NONE
6.270000,optical,50.00817,0.199698,0.54927,25.0095,1.00028,5.54022,5.39915,NONE
6.280000,optical,50.00749,0.200394,0.49484,25.0085,0.99829,5.54551,5.39807,NONE
6.290000,optical,49.99004,0.199571,0.53025,25.0042,1.00056,5.54594,5.39499,NONE
6.300000,optical,49.99511,0.200469,0.52606,25.0177,0.99928,5.55220,5.40082,NONE
6.310000,optical,50.00472,0.200199,0.51138,25.0199,1.00151,5.56252,5.39174,NONE
6.320000,optical,50.00886,0.199836,0.47925,25.0046,1.00132,5.55983,5.40653,NONE
6.330000,optical,49.99172,0.200375,0.46383,25.0220,0.99838,5.55332,5.40187,NONE
6.340000,optical,50.00605,0.200296,0.45266,25.0056,0.99878,5.53712,5.38754,NONE
6.350000,optical,50.00469,0.200454,0.50152,25.0117,0.99977,5.54641,5.40146,NONE
6.360000,optical,50.00740,0.199999,0.49410,25.0099,0.99837,5.53181,5.38375,NONE
6.370000,optical,49.99151,0.199815,0.49243,25.0080,1.00055,5.54409,5.38827,NONE
6.380000,optical,50.00693,0.200208,0.50876,25.0165,1.00042,5.54847,5.40740,NONE
6.390000,optical,50.00406,0.200418,0.50419,25.0180,1.00132,5.52692,5.38159,NONE
6.400000,optical,49.99128,0.200098,0.50389,25.0098,0.99981,5.55126,5.38803,NONE
6.410000,optical,49.99710,0.199891,0.49924,25.0156,1.00128,5.55210,5.39462,NONE
6.420000,optical,50.00893,0.200099,0.51663,25.0121,0.99964,5.52663,5.40196,NONE
6.430000,optical,50.00234,0.200357,0.45670,25.0178,1.00110,5.54088,5.40614,NONE
6.440000,optical,50.00401,0.199806,0.47260,25.0139,1.00163,5.54632,5.40589,NONE
6.450000,optical,50.00254,0.200000,0.49044,25.0077,0.99856,5.54434,5.39506,NONE
6.460000,optical,49.99722,0.200200,0.53899,25.0082,1.00108,5.53059,5.38360,NONE
6.470000,optical,50.00314,0.200038,0.51163,25.0042,1.00086,5.52106,5.40088,NONE
6.480000,optical,50.00500,0.199988,0.54799,25.0074,1.00056,5.53233,5.37712,NONE
6.490000,optical,49.99610,0.199520,0.45636,25.0094,0.99818,5.51833,5.38295,NONE
6.500000,optical,49.99340,0.199788,0.50605,25.0170,1.00049,5.52597,5.37396,NONE
6.510000,optical,49.99440,0.200130,0.51973,25.0219,1.00068,5.51975,5.39229,NONE
6.520000,optical,49.99121,0.199709,0.45268,25.0103,0.99927,5.50851,5.36886,NONE
6.530000,optical,49.99611,0.200207,0.51478,25.0170,1.00104,5.52084,5.37943,NONE
6.540000,optical,49.99449,0.200231,0.52022,25.0193,1.00092,5.51466,5.38696,NONE
6.550000,optical,49.99653,0.200287,0.46288,25.0177,1.00003,5.50010,5.37182,NONE
6.560000,optical,50.00728,0.200191,0.45539,25.0060,0.99958,5.52174,5.38437,NONE
6.570000,optical,49.99606,0.199973,0.52849,25.0197,1.00052,5.52011,5.38159,NONE
6.580000,optical,49.99837,0.199647,0.52469,25.0132,1.00197,5.49355,5.36607,NONE
6.590000,optical,49.99199,0.199671,0.49187,25.0136,1.00163,5.50093,5.38080,NONE
6.600000,optical,49.99610,0.199639,0.52075,25.0075,0.99864,5.49349,5.37993,NONE
6.610000,optical,50.00458,0.199950,0.51440,25.0124,1.00161,5.49102,5.36411,NONE
6.620000,optical,49.99023,0.199747,0.54667,25.0072,1.00115,5.48760,5.38280,NONE
6.630000,optical,49.99478,0.199880,0.54862,25.0142,1.00022,5.48833,5.37854,NONE
6.640000,optical,50.00729,0.200106,0.46124,25.0131,1.00001,5.49403,5.35043,NONE
6.650000,optical,49.99142,0.199906,0.48635,25.0092,0.99836,5.48015,5.36578,NONE
6.660000,optical,50.00965,0.199642,0.45132,25.0131,1.00010,5.48993,5.36098,NONE
6.670000,optical,50.00319,0.199517,0.47757,25.0084,0.99946,5.47486,5.36379,NONE
6.680000,optical,50.00548,0.199814,0.53954,25.0080,1.00056,5.47530,5.35221,NONE
6.690000,optical,49.99539,0.200408,0.49876,25.0055,0.99954,5.45555,5.36976,NONE
6.700000,optical,50.00325,0.199669,0.46718,25.0192,1.00096,5.47901,5.33883,NONE
6.710000,optical,50.00427,0.199900,0.45595,25.0078,1.00116,5.47455,5.35737,NONE
6.720000,optical,50.00579,0.199621,0.49489,25.0150,0.99916,5.46123,5.33863,NONE
6.730000,optical,49.99503,0.200312,0.48339,25.0056,1.00099,5.44286,5.35404,NONE
6.740000,optical,49.99233,0.199527,0.46924,25.0060,0.99930,5.45067,5.33837,NONE
6.750000,optical,50.00352,0.199624,0.49754,25.0106,0.99997,5.43960,5.34083,NONE
6.760000,optical,50.00863,0.199534,0.49170,25.0209,0.99802,5.43209,5.35194,NONE
6.770000,optical,50.00811,0.200467,0.49630,25.0177,1.00047,5.43765,5.32604,NONE
6.780000,optical,49.99029,0.200278,0.53033,25.0176,1.00121,5.44002,5.32917,NONE
6.790000,optical,49.99820,0.199980,0.50964,25.0044,1.00186,5.42188,5.34411,NONE
6.800000,optical,49.99098,0.200449,0.51410,25.0114,1.00076,5.43657,5.33195,NONE
6.810000,optical,49.99084,0.199719,0.51731,25.0206,0.99973,5.43085,5.34263,NONE
6.820000,optical,50.00959,0.200001,0.47702,25.0205,1.00073,5.42602,5.33106,NONE
6.830000,optical,49.99762,0.200456,0.50807,25.0065,1.00137,5.40028,5.31211,NONE
6.840000,optical,49.99636,0.199549,0.45458,25.0103,0.99999,5.39319,5.31010,NONE
6.850000,optical,49.99265,0.199583,0.46905,25.0144,0.99933,5.41176,5.31461,NONE
6.860000,optical,50.00280,0.200155,0.51079,25.0109,0.99936,5.40883,5.31770,NONE
6.870000,optical,49.99897,0.199802,0.51957,25.0050,1.00197,5.39189,5.31804,NONE
6.880000,optical,49.99069,0.200017,0.47046,25.0073,1.00043,5.39987,5.32435,NONE
6.890000,optical,50.00771,0.200205,0.54783,25.0107,1.00107,5.37085,5.30201,NONE
6.900000,optical,50.00758,0.199936,0.48049,25.0147,1.00182,5.38749,5.31063,NONE
6.910000,optical,49.99212,0.200396,0.52668,25.0092,1.00070,5.36300,5.28846,NONE
6.920000,optical,49.99624,0.199991,0.50631,25.0196,1.00054,5.36799,5.29850,NONE
6.930000,optical,50.00875,0.200446,0.48354,25.0221,1.00160,5.36163,5.30402,NONE
6.940000,optical,49.99008,0.200189,0.51698,25.0109,0.99965,5.36330,5.28084,NONE
6.950000,optical,49.99167,0.199905,0.53444,25.0221,0.99922,5.36316,5.30292,NONE
6.960000,optical,50.00078,0.199935,0.50607,25.0207,1.00044,5.35499,5.28650,NONE
6.970000,optical,49.99456,0.200225,0.47070,25.0196,1.00196,5.32892,5.29517,NONE
6.980000,optical,50.00668,0.199660,0.46597,25.0110,0.99908,5.32132,5.29231,NONE
6.990000,optical,49.99990,0.200456,0.46388,25.0149,1.00049,5.32298,5.28821,NONE
7.000000,optical,50.00418,0.199854,0.46306,25.0129,1.00124,5.33677,5.29015,NONE
7.010000,optical,50.00672,0.200465,0.53794,25.0055,0.99874,5.31773,5.27641,NONE
7.020000,optical,50.00857,0.199643,0.47989,25.0168,0.99851,5.30032,5.27966,NONE
7.030000,optical,50.00892,0.199814,0.50174,25.0055,0.99926,5.31415,5.27482,NONE
7.040000,optical,50.00973,0.200008,0.48146,25.0064,1.00166,5.29897,5.27589,NONE
7.050000,optical,49.99674,0.200250,0.54799,25.0210,0.99943,5.30510,5.26775,NONE
7.060000,optical,49.99895,0.200312,0.45478,25.0184,0.99816,5.27877,5.26933,NONE
7.070000,optical,49.99547,0.200308,0.46130,25.0100,0.99962,5.27720,5.26101,NONE
7.080000,optical,49.99214,0.200059,0.54764,25.0116,0.99875,5.27334,5.24406,NONE
7.090000,optical,50.00944,0.200065,0.54547,25.0067,1.00189,5.28410,5.23612,NONE
7.100000,optical,49.99750,0.200289,0.52321,25.0050,1.00126,5.27205,5.24140,NONE
7.110000,optical,50.00690,0.200469,0.53394,25.0208,1.00165,5.27053,5.23680,NONE
7.120000,optical,49.99962,0.199826,0.53479,25.0166,1.00087,5.25323,5.24129,NONE
7.130000,optical,49.99360,0.200215,0.49460,25.0236,0.99838,5.24738,5.23011,NONE
7.140000,optical,49.99184,0.200249,0.53898,25.0204,0.99917,5.23341,5.21657,NONE
7.150000,optical,50.00165,0.199630,0.53603,25.0096,1.00051,5.23135,5.23843,NONE
7.160000,optical,49.99219,0.200059,0.48929,25.0082,1.00169,5.22962,5.21440,NONE
7.170000,optical,49.99563,0.199791,0.47405,25.0051,1.00190,5.23448,5.22022,NONE
7.180000,optical,50.00065,0.199596,0.51473,25.0054,0.99803,5.22910,5.23031,NONE
7.190000,optical,49.99270,0.199975,0.48100,25.0184,0.99812,5.19681,5.22051,NONE
7.200000,optical,50.00323,0.199909,0.47226,25.0172,1.00120,5.20649,5.21158,NONE
7.210000,optical,49.99743,0.199786,0.52107,25.0161,1.00171,5.19512,5.20129,NONE
7.220000,optical,49.99813,0.199524,0.49832,25.0095,1.00118,5.19508,5.19367,NONE
7.230000,optical,50.00752,0.199755,0.53116,25.0076,1.00050,5.17118,5.20149,NONE
7.240000,optical,49.99678,0.200023,0.45472,25.0160,1.00075,5.18206,5.18402,NONE
7.250000,optical,50.00427,0.200229,0.54219,25.0190,0.99944,5.17794,5.19082,NONE
7.260000,optical,49.99449,0.199992,0.49890,25.0236,0.99895,5.15054,5.18793,NONE
7.270000,optical,50.00282,0.199667,0.50901,25.0140,0.99914,5.15233,5.18464,NONE
7.280000,optical,49.99744,0.200416,0.48980,25.0208,0.99990,5.14967,5.17899,NONE
7.290000,optical,49.99352,0.200435,0.53254,25.0148,0.99865,5.13175,5.18473,NONE
7.300000,optical,49.99217,0.200423,0.49857,25.0074,0.99810,5.13095,5.18743,NONE
7.310000,optical,49.99761,0.199639,0.47268,25.0175,0.99948,5.11822,5.17507,SPOT_UNSTABLE|OPTICAL_MECH
7.320000,optical,49.99527,0.199573,0.51043,25.0147,1.00011,5.11990,5.16237,SPOT_UNSTABLE|OPTICAL_MECH
7.330000,optical,50.00041,0.199740,0.47113,25.0079,1.00153,5.11376,5.16933,SPOT_UNSTABLE|OPTICAL_MECH
7.340000,optical,50.00248,0.200174,0.51074,25.0101,1.00057,5.10074,5.16274,SPOT_UNSTABLE|OPTICAL_MECH
7.350000,optical,49.99301,0.200477,0.48523,25.0200,1.00066,5.11176,5.17023,SPOT_UNSTABLE|OPTICAL_MECH
7.360000,optical,49.99287,0.200415,0.52600,25.0153,1.00129,5.08259,5.15669,SPOT_UNSTABLE|OPTICAL_MECH
7.370000,optical,50.00154,0.200328,0.48408,25.0118,0.99933,5.08692,5.14602,SPOT_UNSTABLE|OPTICAL_MECH
7.380000,optical,49.99233,0.200061,0.47092,25.0123,1.00168,5.08326,5.14366,SPOT_UNSTABLE|OPTICAL_MECH
7.390000,optical,49.99227,0.200143,0.53251,25.0247,0.99983,5.08985,5.12914,SPOT_UNSTABLE|OPTICAL_MECH
7.400000,optical,50.00668,0.200089,0.51628,25.0125,1.00196,5.07538,5.12776,SPOT_UNSTABLE|OPTICAL_MECH
7.410000,optical,50.00215,0.200003,0.49325,25.0167,1.00026,5.05577,5.13257,SPOT_UNSTABLE|OPTICAL_MECH
7.420000,optical,49.99570,0.200499,0.47096,25.0147,0.99954,5.06319,5.12909,SPOT_UNSTABLE|OPTICAL_MECH
7.430000,optical,49.99932,0.199622,0.46922,25.0090,0.99913,5.04978,5.11292,SPOT_UNSTABLE|OPTICAL_MECH
7.440000,optical,49.99984,0.199720,0.54628,25.0096,0.99908,5.05258,5.11076,SPOT_UNSTABLE|OPTICAL_MECH
7.450000,optical,49.99817,0.200027,0.49218,25.0241,0.99961,5.03799,5.11240,SPOT_UNSTABLE|OPTICAL_MECH
7.460000,optical,50.00970,0.200050,0.47277,25.0119,0.99983,5.03409,5.12831,SPOT_UNSTABLE|OPTICAL_MECH
7.470000,optical,49.99943,0.199623,0.49788,25.0102,0.99853,5.02381,5.10693,SPOT_UNSTABLE|OPTICAL_MECH
7.480000,optical,50.00874,0.199573,0.45024,25.0249,1.00047,5.00576,5.11405,SPOT_UNSTABLE|OPTICAL_MECH
7.490000,optical,50.00885,0.200373,0.51674,25.0205,1.00167,5.00603,5.09075,SPOT_UNSTABLE|OPTICAL_MECH
7.500000,optical,49.99965,0.200420,0.46229,25.0082,1.00156,5.00113,5.08565,SPOT_UNSTABLE|OPTICAL_MECH
7.510000,optical,49.99037,0.199602,0.51037,25.0072,0.99878,4.99030,5.09198,SPOT_UNSTABLE|OPTICAL_MECH
7.520000,optical,49.99044,0.200283,0.45834,25.0152,0.99978,4.98500,5.09652,SPOT_UNSTABLE|OPTICAL_MECH
7.530000,optical,50.00097,0.200005,0.50255,25.0248,1.00019,4.97093,5.09420,SPOT_UNSTABLE|OPTICAL_MECH
7.540000,optical,50.00309,0.200216,0.52974,25.0223,0.99818,4.96689,5.07812,SPOT_UNSTABLE|OPTICAL_MECH
7.550000,optical,49.99746,0.199832,0.54686,25.0054,0.99958,4.96700,5.06993,SPOT_UNSTABLE|OPTICAL_MECH
7.560000,optical,50.00314,0.200076,0.46451,25.0092,1.00084,4.94725,5.08167,SPOT_UNSTABLE|OPTICAL_MECH
7.570000,optical,49.99065,0.200050,0.54645,25.0114,1.00107,4.93789,5.07734,SPOT_UNSTABLE|OPTICAL_MECH
7.580000,optical,50.00734,0.199993,0.48713,25.0093,1.00150,4.93505,5.07310,SPOT_UNSTABLE|OPTICAL_MECH
7.590000,optical,49.99098,0.199511,0.45157,25.0206,0.99918,4.92996,5.05627,SPOT_UNSTABLE|OPTICAL_MECH
7.600000,optical,49.99695,0.200157,0.45881,25.0233,0.99948,4.93556,5.05929,SPOT_UNSTABLE|OPTICAL_MECH
7.610000,optical,49.99348,0.199967,0.51411,25.0147,0.99994,4.92053,5.06813,SPOT_UNSTABLE|OPTICAL_MECH
7.620000,optical,50.00019,0.200395,0.45886,25.0143,1.00087,4.91496,5.04047,SPOT_UNSTABLE|OPTICAL_MECH
7.630000,optical,50.00940,0.200141,0.53028,25.0179,0.99864,4.89872,5.05980,SPOT_UNSTABLE|OPTICAL_MECH
7.640000,optical,49.99706,0.199689,0.47277,25.0151,0.99967,4.90081,5.05300,SPOT_UNSTABLE|OPTICAL_MECH
7.650000,optical,49.99920,0.200066,0.46107,25.0056,1.00041,4.90843,5.05078,SPOT_UNSTABLE|OPTICAL_MECH
7.660000,optical,49.99862,0.200447,0.50641,25.0191,0.99893,4.88705,5.05132,SPOT_UNSTABLE|OPTICAL_MECH
7.670000,optical,49.99688,0.199660,0.53918,25.0111,0.99893,4.87606,5.04713,SPOT_UNSTABLE|OPTICAL_MECH
7.680000,optical,50.00654,0.200019,0.51121,25.0195,1.00186,4.86457,5.01942,SPOT_UNSTABLE|OPTICAL_MECH
7.690000,optical,49.99158,0.199997,0.45929,25.0159,0.99948,4.87002,5.02248,SPOT_UNSTABLE|OPTICAL_MECH
7.700000,optical,50.00504,0.200275,0.47309,25.0245,0.99863,4.87676,5.03275,SPOT_UNSTABLE|OPTICAL_MECH
7.710000,optical,50.00836,0.200065,0.45973,25.0091,0.99994,4.84825,5.01712,SPOT_UNSTABLE|OPTICAL_MECH
7.720000,optical,50.00097,0.200097,0.46880,25.0121,0.99863,4.83981,5.03220,SPOT_UNSTABLE|OPTICAL_MECH
7.730000,optical,49.99966,0.200071,0.54653,25.0125,1.00004,4.85024,5.00812,SPOT_UNSTABLE|OPTICAL_MECH
7.740000,optical,50.00582,0.199817,0.45969,25.0202,1.00069,4.84218,5.02582,SPOT_UNSTABLE|OPTICAL_MECH
7.750000,optical,50.00085,0.199511,0.53926,25.0248,0.99978,4.81881,5.01799,SPOT_UNSTABLE|OPTICAL_MECH
7.760000,optical,49.99210,0.200246,0.45510,25.0138,1.00140,4.83304,5.01182,SPOT_UNSTABLE|OPTICAL_MECH
7.770000,optical,49.99114,0.199501,0.54056,25.0059,0.99899,4.81012,5.00412,SPOT_UNSTABLE|OPTICAL_MECH
7.780000,optical,49.99179,0.200313,0.46707,25.0140,1.00007,4.80811,5.00104,SPOT_UNSTABLE|OPTICAL_MECH
7.790000,optical,49.99421,0.200109,0.50195,25.0227,1.00140,4.79683,5.00705,SPOT_UNSTABLE|OPTICAL_MECH
7.800000,optical,50.00262,0.199693,0.47620,25.0130,0.99927,4.80958,4.97933,SPOT_UNSTABLE|OPTICAL_MECH
7.810000,optical,50.00395,0.199950,0.48563,25.0250,1.00066,4.79268,4.98049,SPOT_UNSTABLE|OPTICAL_MECH
7.820000,optical,50.00549,0.199630,0.46656,25.0236,0.99890,4.78652,4.97367,SPOT_UNSTABLE|OPTICAL_MECH
7.830000,optical,50.00997,0.199927,0.45999,25.0110,0.99883,4.78798,4.97101,SPOT_UNSTABLE|OPTICAL_MECH
7.840000,optical,49.99941,0.199569,0.54655,25.0073,0.99987,4.78066,4.98979,SPOT_UNSTABLE|OPTICAL_MECH
7.850000,optical,49.99687,0.199975,0.52316,25.0137,0.99835,4.77737,4.95746,SPOT_UNSTABLE|OPTICAL_MECH
7.860000,optical,50.00460,0.199706,0.48411,25.0123,0.99823,4.75129,4.96814,SPOT_UNSTABLE|OPTICAL_MECH
7.870000,optical,50.00151,0.199915,0.47939,25.0244,1.00007,4.75400,4.95180,SPOT_UNSTABLE|OPTICAL_MECH
7.880000,optical,49.99730,0.200255,0.52951,25.0133,0.99915,4.75884,4.95888,SPOT_UNSTABLE|OPTICAL_MECH
7.890000,optical,50.00522,0.200238,0.50397,25.0106,0.99952,4.73235,4.97048,SPOT_UNSTABLE|OPTICAL_MECH
7.900000,optical,49.99658,0.199670,0.50921,25.0208,1.00010,4.73220,4.95873,SPOT_UNSTABLE|OPTICAL_MECH
7.910000,optical,49.99419,0.199733,0.48042,25.0128,1.00108,4.72398,4.96055,SPOT_UNSTABLE|OPTICAL_MECH
7.920000,optical,49.99058,0.200282,0.52978,25.0147,1.00010,4.72567,4.96321,SPOT_UNSTABLE|OPTICAL_MECH
7.930000,optical,49.99243,0.199582,0.48418,25.0167,0.99943,4.72187,4.95523,SPOT_UNSTABLE|OPTICAL_MECH
7.940000,optical,50.00389,0.200431,0.46441,25.0081,1.00038,4.71095,4.95105,SPOT_UNSTABLE|OPTICAL_MECH
7.950000,optical,49.99869,0.199737,0.47706,25.0130,1.00174,4.70829,4.95009,SPOT_UNSTABLE|OPTICAL_MECH
7.960000,optical,49.99444,0.200187,0.48649,25.0074,1.00125,4.70297,4.92273,SPOT_UNSTABLE|OPTICAL_MECH
7.970000,optical,49.99360,0.200351,0.47205,25.0241,1.00089,4.69309,4.92132,SPOT_UNSTABLE|OPTICAL_MECH
7.980000,optical,50.00472,0.199788,0.49637,25.0225,1.00170,4.69930,4.92628,SPOT_UNSTABLE|OPTICAL_MECH
7.990000,optical,50.00615,0.199585,0.48542,25.0084,1.00023,4.67322,4.93342,SPOT_UNSTABLE|OPTICAL_MECH
8.000000,optical,50.00362,0.200007,0.54010,25.0234,1.00098,4.66659,4.92115,SPOT_UNSTABLE|OPTICAL_MECH
8.010000,optical,49.99180,0.199537,0.51779,25.0189,0.99873,4.68447,4.92118,SPOT_UNSTABLE|OPTICAL_MECH
8.020000,optical,49.99876,0.200344,0.47457,25.0061,1.00110,4.66699,4.91777,SPOT_UNSTABLE|OPTICAL_MECH
8.030000,optical,49.99847,0.200214,0.45560,25.0227,0.99886,4.66237,4.92336,SPOT_UNSTABLE|OPTICAL_MECH
8.040000,optical,50.00028,0.200323,0.47169,25.0203,1.00052,4.64920,4.90736,SPOT_UNSTABLE|OPTICAL_MECH
8.050000,optical,49.99321,0.199635,0.46372,25.0216,1.00079,4.64527,4.89807,SPOT_UNSTABLE|OPTICAL_MECH
8.060000,optical,49.99281,0.199790,0.50833,25.0238,0.99963,4.65463,4.89701,SPOT_UNSTABLE|OPTICAL_MECH
8.070000,optical,49.99221,0.200160,0.50688,25.0244,0.99964,4.64789,4.91616,SPOT_UNSTABLE|OPTICAL_MECH
8.080000,optical,50.00842,0.200035,0.53810,25.0089,1.00163,4.63581,4.89888,SPOT_UNSTABLE|OPTICAL_MECH
8.090000,optical,49.99191,0.200310,0.49679,25.0101,0.99813,4.62316,4.89459,SPOT_UNSTABLE|OPTICAL_MECH
8.100000,optical,50.00578,0.200340,0.51834,25.0101,0.99855,4.63420,4.90348,SPOT_UNSTABLE|OPTICAL_MECH
8.110000,optical,49.99956,0.200466,0.47066,25.0167,1.00068,4.63245,4.87896,SPOT_UNSTABLE|OPTICAL_MECH
8.120000,optical,49.99698,0.200288,0.45123,25.0164,0.99980,4.61366,4.89555,SPOT_UNSTABLE|OPTICAL_MECH
8.130000,optical,50.00037,0.200222,0.47080,25.0154,1.00191,4.61446,4.88054,SPOT_UNSTABLE|OPTICAL_MECH
8.140000,optical,49.99790,0.200374,0.52341,25.0151,0.99932,4.61733,4.87042,SPOT_UNSTABLE|OPTICAL_MECH
8.150000,optical,49.99477,0.199653,0.47118,25.0199,1.00167,4.60014,4.88910,SPOT_UNSTABLE|OPTICAL_MECH
8.160000,optical,49.99883,0.200217,0.47508,25.0064,0.99899,4.60511,4.88915,SPOT_UNSTABLE|OPTICAL_MECH
8.170000,optical,50.00648,0.199642,0.49036,25.0074,0.99805,4.57906,4.87670,SPOT_UNSTABLE|OPTICAL_MECH
8.180000,optical,49.99384,0.199580,0.52860,25.0124,0.99808,4.58891,4.86610,SPOT_UNSTABLE|OPTICAL_MECH
8.190000,optical,49.99956,0.200496,0.49840,25.0119,0.99966,4.58217,4.86011,SPOT_UNSTABLE|OPTICAL_MECH
8.200000,optical,49.99783,0.200433,0.53887,25.0241,0.99889,4.58028,4.88241,SPOT_UNSTABLE|OPTICAL_MECH
8.210000,optical,50.00312,0.199697,0.47396,25.0105,0.99886,4.55954,4.85819,SPOT_UNSTABLE|OPTICAL_MECH
8.220000,optical,49.99422,0.200142,0.52548,25.0200,1.00183,4.57142,4.85754,SPOT_UNSTABLE|OPTICAL_MECH
8.230000,optical,50.00583,0.199585,0.45291,25.0219,1.00117,4.57059,4.85729,SPOT_UNSTABLE|OPTICAL_MECH
8.240000,optical,50.00112,0.200429,0.48972,25.0182,0.99849,4.57298,4.86796,SPOT_UNSTABLE|OPTICAL_MECH
8.250000,optical,50.00118,0.200367,0.53811,25.0162,1.00077,4.55159,4.85905,SPOT_UNSTABLE|OPTICAL_MECH
8.260000,optical,49.99546,0.199777,0.54059,25.0090,0.99895,4.56238,4.85125,SPOT_UNSTABLE|OPTICAL_MECH
8.270000,optical,49.99919,0.199907,0.46743,25.0152,0.99809,4.56081,4.85284,SPOT_UNSTABLE|OPTICAL_MECH
8.280000,optical,49.99884,0.200318,0.53331,25.0165,1.00099,4.55162,4.84576,SPOT_UNSTABLE|OPTICAL_MECH
8.290000,optical,50.00197,0.199584,0.46993,25.0221,1.00158,4.53008,4.83683,SPOT_UNSTABLE|OPTICAL_MECH
8.300000,optical,50.00253,0.199663,0.49291,25.0184,1.00130,4.54519,4.83308,SPOT_UNSTABLE|OPTICAL_MECH
8.310000,optical,49.99177,0.199930,0.53480,25.0120,0.99925,4.53126,4.84836,SPOT_UNSTABLE|OPTICAL_MECH
8.320000,optical,49.99856,0.199587,0.53601,25.0180,0.99806,4.53387,4.84461,SPOT_UNSTABLE|OPTICAL_MECH
8.330000,optical,50.00996,0.200054,0.48032,25.0144,1.00000,4.53311,4.85360,SPOT_UNSTABLE|OPTICAL_MECH
8.340000,optical,50.00421,0.199548,0.54644,25.0221,1.00047,4.51114,4.83656,SPOT_UNSTABLE|OPTICAL_MECH
8.350000,optical,49.99764,0.199932,0.49682,25.0103,0.99905,4.50588,4.82974,SPOT_UNSTABLE|OPTICAL_MECH
8.360000,optical,50.00644,0.199769,0.48676,25.0086,1.00023,4.51151,4.83098,SPOT_UNSTABLE|OPTICAL_MECH
8.370000,optical,49.99184,0.199642,0.45484,25.0146,1.00113,4.50319,4.84729,SPOT_UNSTABLE|OPTICAL_MECH
8.380000,optical,50.00574,0.199607,0.46864,25.0170,1.00163,4.49743,4.81694,SPOT_UNSTABLE|OPTICAL_MECH
8.390000,optical,50.00942,0.199547,0.47397,25.0242,1.00131,4.49281,4.83721,SPOT_UNSTABLE|OPTICAL_MECH
8.400000,optical,49.99239,0.200234,0.54243,25.0113,1.00142,4.50932,4.81622,SPOT_UNSTABLE|OPTICAL_MECH
8.410000,optical,49.99268,0.200456,0.54452,25.0162,1.00071,4.49296,4.83481,SPOT_UNSTABLE|OPTICAL_MECH
8.420000,optical,49.99839,0.199820,0.53086,25.0076,0.99925,4.50423,4.82533,SPOT_UNSTABLE|OPTICAL_MECH
8.430000,optical,49.99934,0.199775,0.54045,25.0170,1.00146,4.49006,4.81060,NONE
8.440000,optical,50.00154,0.200491,0.50472,25.0109,0.99860,4.47960,4.82008,NONE
8.450000,optical,50.00536,0.199965,0.46387,25.0218,1.00157,4.49970,4.83583,NONE
8.460000,optical,49.99070,0.199938,0.51155,25.0253,1.00041,4.49061,4.81504,NONE
8.470000,optical,49.99339,0.199931,0.47436,25.0141,0.99931,4.48626,4.80759,NONE
8.480000,optical,49.99892,0.199690,0.50240,25.0116,1.00048,4.49091,4.80656,NONE
8.490000,optical,49.99397,0.199775,0.48817,25.0181,1.00125,4.49080,4.80355,NONE
8.500000,optical,49.99106,0.200313,0.48820,25.0096,1.00178,4.47725,4.82963,NONE
8.510000,optical,49.99182,0.200268,0.53764,25.0204,0.99958,4.48260,4.81993,NONE
8.520000,optical,49.99984,0.200247,0.47705,25.0188,1.00005,4.47780,4.80529,NONE
8.530000,optical,49.99733,0.199912,0.46721,25.0080,0.99823,4.46970,4.79656,NONE
8.540000,optical,49.99633,0.200168,0.52909,25.0180,1.00010,4.46089,4.79965,NONE
8.550000,optical,49.99457,0.200271,0.46547,25.0197,0.99833,4.47893,4.80055,NONE
8.560000,optical,50.00295,0.199753,0.49593,25.0133,0.99916,4.47513,4.80923,NONE
8.570000,optical,50.00336,0.199737,0.49780,25.0262,1.00166,4.46934,4.79291,NONE
8.580000,optical,50.00619,0.200069,0.52060,25.0214,1.00023,4.45331,4.80273,NONE
8.590000,optical,49.99493,0.199833,0.46991,25.0119,0.99859,4.46500,4.80136,NONE
8.600000,optical,50.00827,0.199598,0.54028,25.0187,1.00183,4.46858,4.79696,NONE
8.610000,optical,49.99047,0.199832,0.52213,25.0107,0.99813,4.45753,4.81565,NONE
8.620000,optical,50.00791,0.199678,0.49115,25.0239,0.99846,4.45497,4.81893,NONE
8.630000,optical,50.00998,0.199824,0.48728,25.0125,0.99927,4.46497,4.79979,NONE
8.640000,optical,50.00738,0.199978,0.54256,25.0209,0.99836,4.47015,4.81534,NONE
8.650000,optical,49.99665,0.200484,0.54419,25.0236,0.99826,4.44653,4.81588,NONE
8.660000,optical,50.00116,0.200058,0.51759,25.0116,0.99947,4.45087,4.79091,NONE
8.670000,optical,50.00124,0.199764,0.52414,25.0222,0.99853,4.45113,4.78890,NONE
8.680000,optical,49.99784,0.200206,0.47113,25.0100,0.99916,4.44513,4.79584,NONE
8.690000,optical,50.00243,0.199613,0.48143,25.0246,0.99872,4.44605,4.78748,NONE
8.700000,optical,49.99769,0.200098,0.52516,25.0205,0.99823,4.46393,4.78600,NONE
8.710000,optical,50.00382,0.199602,0.48149,25.0209,1.00194,4.46002,4.81387,NONE
8.720000,optical,49.99918,0.199506,0.48556,25.0139,0.99819,4.44438,4.80538,NONE
8.730000,optical,49.99849,0.200268,0.49392,25.0210,1.00048,4.44701,4.81486,NONE
8.740000,optical,49.99544,0.199836,0.51674,25.0177,0.99946,4.43845,4.79464,NONE
8.750000,optical,50.00775,0.199821,0.46187,25.0240,0.99842,4.44168,4.79507,NONE
8.760000,optical,49.99261,0.199699,0.51137,25.0235,0.99905,4.46340,4.78974,NONE
8.770000,optical,49.99398,0.200035,0.45807,25.0268,1.00082,4.45033,4.79255,NONE
8.780000,optical,49.99176,0.199748,0.49248,25.0157,1.00004,4.45382,4.78728,NONE
8.790000,optical,49.99973,0.200368,0.48901,25.0242,1.00030,4.46046,4.79524,NONE
8.800000,optical,49.99149,0.200465,0.50731,25.0088,1.00147,4.45700,4.79566,NONE
8.810000,optical,50.00632,0.199974,0.47718,25.0263,1.00196,4.44300,4.79314,NONE
8.820000,optical,50.00558,0.200272,0.54571,25.0253,1.00071,4.45620,4.78918,NONE
8.830000,optical,49.99880,0.200130,0.49487,25.0276,1.00065,4.46301,4.80597,NONE
8.840000,optical,49.99500,0.200098,0.52383,25.0162,0.99943,4.46606,4.80456,NONE
8.850000,optical,49.99859,0.199946,0.54606,25.0226,0.99985,4.44076,4.78743,NONE
8.860000,optical,50.00304,0.200147,0.54600,25.0149,0.99863,4.44320,4.80028,NONE
8.870000,optical,50.00441,0.199947,0.45358,25.0179,1.00200,4.45688,4.81626,NONE
8.880000,optical,50.00200,0.199924,0.47604,25.0164,0.99848,4.46028,4.81897,NONE
8.890000,optical,49.99540,0.200438,0.51174,25.0176,1.00189,4.45459,4.79818,NONE
8.900000,optical,50.00640,0.200333,0.54545,25.0137,1.00114,4.45437,4.81450,NONE
8.910000,optical,50.00025,0.200401,0.46703,25.0261,0.99969,4.45039,4.79312,NONE
8.920000,optical,50.00730,0.199808,0.47973,25.0220,1.00154,4.46826,4.79970,NONE
8.930000,optical,49.99307,0.200239,0.49764,25.0140,0.99927,4.45544,4.80644,NONE
8.940000,optical,49.99074,0.199581,0.46899,25.0150,0.99824,4.47752,4.81068,NONE
8.950000,optical,50.00238,0.199850,0.53184,25.0105,1.00013,4.47207,4.81200,NONE
8.960000,optical,50.00765,0.200418,0.52373,25.0161,1.00092,4.46387,4.80970,NONE
8.970000,optical,50.00523,0.199590,0.48325,25.0158,1.00056,4.47929,4.81676,NONE
8.980000,optical,49.99846,0.199937,0.47474,25.0278,1.00012,4.47862,4.80456,NONE
8.990000,optical,50.00493,0.200461,0.54238,25.0137,0.99891,4.48558,4.80224,NONE
9.000000,optical,50.00944,0.200170,0.47721,25.0191,0.99952,4.47534,4.82785,NONE
9.010000,optical,50.00964,0.199651,0.45663,25.0277,0.99831,4.48202,4.80528,NONE
9.020000,optical,50.00584,0.199732,0.49528,25.0238,0.99932,4.47040,4.81887,NONE
9.030000,optical,50.00205,0.200209,0.50946,25.0117,1.00127,4.47320,4.81996,NONE
9.040000,optical,49.99550,0.200029,0.45527,25.0263,1.00121,4.49087,4.81334,NONE
9.050000,optical,50.00719,0.200406,0.48177,25.0193,1.00124,4.49112,4.82206,NONE
9.060000,optical,50.00177,0.199859,0.49588,25.0159,1.00178,4.48227,4.81608,NONE
9.070000,optical,50.00928,0.200090,0.49948,25.0132,0.99978,4.48881,4.81892,NONE
9.080000,optical,49.99301,0.199579,0.49117,25.0131,0.99929,4.49235,4.82916,NONE
9.090000,optical,50.00913,0.200366,0.54814,25.0258,1.00191,4.49889,4.83655,NONE
9.100000,optical,50.00299,0.200372,0.51054,25.0269,1.00043,4.51178,4.82583,NONE
9.110000,optical,49.99302,0.200024,0.52364,25.0111,1.00175,4.51857,4.81662,NONE
9.120000,optical,50.00987,0.200039,0.48892,25.0104,1.00093,4.50585,4.83026,NONE
9.130000,optical,49.99332,0.199667,0.49453,25.0199,0.99825,4.50895,4.82260,NONE
9.140000,optical,49.99576,0.199714,0.54174,25.0144,1.00154,4.51531,4.84656,NONE
9.150000,optical,50.00132,0.200181,0.53197,25.0167,0.99925,4.50513,4.83112,NONE
9.160000,optical,49.99155,0.200156,0.45429,25.0167,0.99865,4.53552,4.83976,NONE
9.170000,optical,49.99550,0.200439,0.52441,25.0170,1.00097,4.52577,4.83704,NONE
9.180000,optical,49.99856,0.200121,0.53498,25.0199,0.99945,4.53294,4.82837,NONE
9.190000,optical,49.99464,0.199725,0.49180,25.0088,1.00018,4.53860,4.84095,NONE
9.200000,optical,49.99577,0.200129,0.52800,25.0201,1.00059,4.52468,4.83400,NONE
9.210000,optical,50.00653,0.199540,0.45495,25.0192,0.99928,4.55423,4.85299,NONE
9.220000,optical,50.00547,0.199987,0.46394,25.0184,0.99996,4.54046,4.84170,NONE
9.230000,optical,49.99982,0.200200,0.45543,25.0161,0.99940,4.53513,4.84857,NONE
9.240000,optical,50.00706,0.199995,0.46934,25.0260,1.00069,4.55552,4.86468,NONE
9.250000,optical,49.99155,0.200028,0.46698,25.0090,0.99877,4.56360,4.86705,NONE
9.260000,optical,49.99500,0.200261,0.48717,25.0269,1.00199,4.55839,4.85375,NONE
9.270000,optical,49.99582,0.200045,0.54657,25.0172,0.99821,4.56128,4.86471,NONE
9.280000,optical,49.99851,0.200158,0.46376,25.0144,0.99860,4.57632,4.87385,NONE
9.290000,optical,49.99192,0.199965,0.54794,25.0279,0.99800,4.55818,4.87665,NONE
9.300000,optical,49.99402,0.200136,0.46239,25.0179,0.99975,4.56590,4.86227,NONE
9.310000,optical,50.00470,0.199973,0.52044,25.0256,1.00134,4.57006,4.87904,NONE
9.320000,optical,49.99277,0.199962,0.45277,25.0121,1.00034,4.57266,4.86512,NONE
9.330000,optical,49.99596,0.200435,0.54512,25.0227,0.99968,4.60392,4.87146,NONE
9.340000,optical,49.99142,0.199621,0.52916,25.0256,1.00107,4.58462,4.88372,NONE
9.350000,optical,50.00607,0.200204,0.47696,25.0140,1.00157,4.60190,4.88965,NONE
9.360000,optical,49.99962,0.200497,0.50965,25.0143,0.99954,4.60639,4.87179,NONE
9.370000,optical,50.00941,0.199855,0.47138,25.0240,1.00087,4.60825,4.90035,NONE
9.380000,optical,50.00132,0.199753,0.49601,25.0217,0.99811,4.61506,4.90028,NONE
9.390000,optical,49.99875,0.199773,0.53195,25.0154,0.99935,4.62127,4.89151,NONE
9.400000,optical,49.99218,0.200058,0.50946,25.0099,1.00031,4.63393,4.89015,NONE
9.410000,optical,50.00148,0.199968,0.53042,25.0273,1.00016,4.61751,4.89272,NONE
9.420000,optical,50.00041,0.199520,0.49286,25.0187,1.00008,4.62581,4.90787,NONE
9.430000,optical,49.99780,0.200411,0.47586,25.0260,1.00134,4.63728,4.91163,NONE
9.440000,optical,50.00901,0.199920,0.46665,25.0152,0.99963,4.65267,4.89389,NONE
9.450000,optical,50.00758,0.200110,0.45393,25.0147,1.00026,4.66403,4.91065,NONE
9.460000,optical,50.00906,0.199788,0.47472,25.0265,0.99826,4.65316,4.91453,NONE
9.470000,optical,50.00054,0.199724,0.47484,25.0162,0.99931,4.65408,4.91612,NONE
9.480000,optical,49.99431,0.200354,0.53882,25.0223,1.00016,4.65196,4.90270,NONE
9.490000,optical,49.99444,0.199610,0.46772,25.0162,1.00193,4.67250,4.92575,NONE
9.500000,optical,49.99114,0.199769,0.48764,25.0112,0.99890,4.68630,4.92640,NONE
9.510000,optical,49.99990,0.199667,0.49374,25.0249,0.99945,4.69425,4.93155,NONE
9.520000,optical,49.99333,0.200068,0.52003,25.0138,1.00148,4.69251,4.93600,NONE
9.530000,optical,49.99883,0.200445,0.52905,25.0176,1.00175,4.70248,4.93217,NONE
9.540000,optical,49.99187,0.199839,0.53271,25.0119,1.00025,4.71070,4.93559,NONE
9.550000,optical,50.00859,0.199522,0.54577,25.0153,1.00129,4.69602,4.95116,NONE
9.560000,optical,50.00524,0.200473,0.47208,25.0218,0.99866,4.72578,4.93000,NONE
9.570000,optical,49.99552,0.200498,0.50228,25.0253,0.99948,4.73179,4.95462,NONE
9.580000,optical,49.99871,0.199745,0.48923,25.0139,0.99938,4.71999,4.96224,NONE
9.590000,optical,50.00252,0.199897,0.49858,25.0139,0.99849,4.72261,4.95319,NONE
9.600000,optical,50.00066,0.200468,0.46725,25.0128,0.99808,4.73201,4.94388,NONE
9.610000,optical,49.99573,0.200028,0.46524,25.0245,1.00175,4.75260,4.96781,NONE
9.620000,optical,49.99481,0.200499,0.48289,25.0232,0.99902,4.75376,4.97007,NONE
9.630000,optical,49.99684,0.200457,0.49125,25.0242,0.99852,4.75942,4.97678,NONE
9.640000,optical,49.99591,0.199648,0.54084,25.0268,1.00146,4.77354,4.96838,NONE
9.650000,optical,50.00171,0.200223,0.46314,25.0114,1.00170,4.75991,4.96123,NONE
9.660000,optical,49.99971,0.199516,0.50981,25.0137,0.99800,4.78664,4.96258,NONE
9.670000,optical,49.99316,0.200378,0.54213,25.0254,0.99971,4.79240,4.96792,NONE
9.680000,optical,50.00139,0.200118,0.47711,25.0208,0.99806,4.77717,4.97763,NONE
9.690000,optical,50.00862,0.199929,0.45262,25.0253,0.99929,4.78940,5.00075,NONE
9.700000,optical,49.99708,0.199769,0.45265,25.0188,1.00170,4.81124,5.00438,SPOT_UNSTABLE|OPTICAL_MECH
9.710000,optical,50.00127,0.199763,0.45199,25.0169,1.00048,4.81836,4.98566,SPOT_UNSTABLE|OPTICAL_MECH
9.720000,optical,50.00607,0.200335,0.47686,25.0158,1.00191,4.79704,5.00239,SPOT_UNSTABLE|OPTICAL_MECH
9.730000,optical,50.00954,0.199933,0.50278,25.0123,0.99993,4.80915,4.99576,SPOT_UNSTABLE|OPTICAL_MECH
9.740000,optical,49.99405,0.200039,0.54938,25.0099,1.00183,4.83502,5.00973,SPOT_UNSTABLE|OPTICAL_MECH
9.750000,optical,50.00392,0.200494,0.53233,25.0105,1.00131,4.83554,5.01629,SPOT_UNSTABLE|OPTICAL_MECH
9.760000,optical,50.00536,0.199635,0.48023,25.0288,1.00014,4.83690,5.01059,SPOT_UNSTABLE|OPTICAL_MECH
9.770000,optical,50.00451,0.200386,0.54565,25.0144,0.99818,4.84731,5.02846,SPOT_UNSTABLE|OPTICAL_MECH
9.780000,optical,50.00197,0.199531,0.50089,25.0247,1.00018,4.84895,5.01774,SPOT_UNSTABLE|OPTICAL_MECH
9.790000,optical,49.99789,0.200268,0.51347,25.0197,1.00032,4.87009,5.03052,SPOT_UNSTABLE|OPTICAL_MECH
9.800000,optical,50.00462,0.200392,0.54315,25.0165,0.99918,4.87818,5.01838,SPOT_UNSTABLE|OPTICAL_MECH
9.810000,optical,49.99963,0.200255,0.49303,25.0285,0.99812,4.87520,5.03905,SPOT_UNSTABLE|OPTICAL_MECH
9.820000,optical,49.99310,0.200414,0.52837,25.0160,0.99963,4.86290,5.03137,SPOT_UNSTABLE|OPTICAL_MECH
9.830000,optical,49.99009,0.199790,0.51206,25.0192,1.00093,4.89193,5.02648,SPOT_UNSTABLE|OPTICAL_MECH
9.840000,optical,49.99529,0.199959,0.49072,25.0234,1.00092,4.89784,5.05252,SPOT_UNSTABLE|OPTICAL_MECH
9.850000,optical,50.00716,0.199881,0.46217,25.0171,0.99925,4.90293,5.03840,SPOT_UNSTABLE|OPTICAL_MECH
9.860000,optical,49.99311,0.200087,0.51619,25.0150,0.99889,4.90056,5.03465,SPOT_UNSTABLE|OPTICAL_MECH
9.870000,optical,49.99186,0.200361,0.46281,25.0125,0.99851,4.90067,5.04853,SPOT_UNSTABLE|OPTICAL_MECH
9.880000,optical,50.00610,0.199819,0.49625,25.0119,1.00166,4.90724,5.04238,SPOT_UNSTABLE|OPTICAL_MECH
9.890000,optical,50.00238,0.200029,0.47721,25.0255,1.00130,4.91204,5.04684,SPOT_UNSTABLE|OPTICAL_MECH
9.900000,optical,49.99395,0.200203,0.50153,25.0292,1.00039,4.94398,5.06021,SPOT_UNSTABLE|OPTICAL_MECH
9.910000,optical,49.99998,0.200348,0.54406,25.0123,0.99847,4.92981,5.05965,SPOT_UNSTABLE|OPTICAL_MECH
9.920000,optical,49.99636,0.199630,0.45907,25.0153,0.99985,4.93115,5.05725,SPOT_UNSTABLE|OPTICAL_MECH
9.930000,optical,49.99847,0.200027,0.53871,25.0183,0.99902,4.94716,5.07579,SPOT_UNSTABLE|OPTICAL_MECH
9.940000,optical,49.99686,0.199760,0.49637,25.0192,1.00187,4.94542,5.06670,SPOT_UNSTABLE|OPTICAL_MECH
9.950000,optical,49.99797,0.200270,0.45183,25.0207,0.99875,4.96515,5.09256,SPOT_UNSTABLE|OPTICAL_MECH
9.960000,optical,50.00350,0.200060,0.47979,25.0224,0.99954,4.97309,5.08242,SPOT_UNSTABLE|OPTICAL_MECH
9.970000,optical,50.00497,0.199850,0.47851,25.0181,0.99830,4.97630,5.08587,SPOT_UNSTABLE|OPTICAL_MECH
9.980000,optical,50.00006,0.199808,0.45304,25.0249,0.99892,4.97165,5.08297,SPOT_UNSTABLE|OPTICAL_MECH
9.990000,optical,49.99590,0.200474,0.50216,25.0240,0.99908,4.99057,5.09214,SPOT_UNSTABLE|OPTICAL_MECH
10.000000,optical,50.00221,0.199619,0.45636,25.0248,1.00145,4.99111,5.09461,SPOT_UNSTABLE|OPTICAL_MECH
10.010000,optical,50.00111,0.200271,0.54194,25.0117,0.99850,5.00672,5.10311,SPOT_UNSTABLE|OPTICAL_MECH
10.020000,optical,49.99107,0.199553,0.50917,25.0147,0.99907,5.01333,5.09378,SPOT_UNSTABLE|OPTICAL_MECH
10.030000,optical,49.99230,0.199657,0.46636,25.0191,1.00009,5.02202,5.09938,SPOT_UNSTABLE|OPTICAL_MECH
10.040000,optical,49.99722,0.199869,0.54931,25.0243,0.99869,5.03522,5.12518,SPOT_UNSTABLE|OPTICAL_MECH
10.050000,optical,49.99963,0.200426,0.46469,25.0147,0.99868,5.02095,5.11192,SPOT_UNSTABLE|OPTICAL_MECH
10.060000,optical,50.00806,0.199920,0.47287,25.0181,1.00081,5.04967,5.10878,SPOT_UNSTABLE|OPTICAL_MECH
10.070000,optical,50.00654,0.199694,0.46876,25.0164,1.00045,5.05794,5.11454,SPOT_UNSTABLE|OPTICAL_MECH
10.080000,optical,49.99699,0.199725,0.48972,25.0233,0.99886,5.04560,5.12680,SPOT_UNSTABLE|OPTICAL_MECH
10.090000,optical,50.00234,0.200408,0.53652,25.0105,0.99826,5.05503,5.13154,SPOT_UNSTABLE|OPTICAL_MECH
10.100000,optical,50.00006,0.199872,0.53430,25.0264,0.99991,5.06605,5.14463,SPOT_UNSTABLE|OPTICAL_MECH
10.110000,optical,49.99515,0.199522,0.50189,25.0265,1.00135,5.06204,5.15461,SPOT_UNSTABLE|OPTICAL_MECH
10.120000,optical,50.00042,0.199735,0.52828,25.0243,0.99979,5.07771,5.15700,SPOT_UNSTABLE|OPTICAL_MECH
10.130000,optical,49.99309,0.199750,0.46893,25.0246,1.00000,5.08836,5.13960,SPOT_UNSTABLE|OPTICAL_MECH
10.140000,optical,50.00083,0.200019,0.51438,25.0107,0.99863,5.08964,5.15693,SPOT_UNSTABLE|OPTICAL_MECH
10.150000,optical,49.99048,0.200063,0.53851,25.0248,1.00032,5.10148,5.15770,SPOT_UNSTABLE|OPTICAL_MECH
10.160000,optical,49.99383,0.199535,0.54893,25.0114,0.99852,5.10851,5.16913,SPOT_UNSTABLE|OPTICAL_MECH
10.170000,optical,49.99920,0.199904,0.50907,25.0199,0.99981,5.11245,5.17430,SPOT_UNSTABLE|OPTICAL_MECH
10.180000,optical,49.99577,0.200321,0.48665,25.0123,0.99808,5.13582,5.17680,SPOT_UNSTABLE|OPTICAL_MECH
10.190000,optical,50.00521,0.200415,0.54536,25.0119,1.00176,5.14150,5.17467,SPOT_UNSTABLE|OPTICAL_MECH
10.200000,optical,50.00046,0.199879,0.49543,25.0106,0.99869,5.14497,5.17934,SPOT_UNSTABLE|OPTICAL_MECH
10.210000,optical,49.99735,0.200078,0.46698,25.0250,1.00122,5.15276,5.17417,SPOT_UNSTABLE|OPTICAL_MECH
10.220000,optical,50.00688,0.199945,0.53323,25.0253,0.99933,5.14544,5.19398,SPOT_UNSTABLE|OPTICAL_MECH
10.230000,optical,49.99101,0.199794,0.52826,25.0143,1.00025,5.14455,5.18548,SPOT_UNSTABLE|OPTICAL_MECH
10.240000,optical,50.00945,0.199943,0.48443,25.0121,0.99820,5.16392,5.17508,SPOT_UNSTABLE|OPTICAL_MECH
10.250000,optical,50.00478,0.200038,0.54846,25.0297,1.00112,5.17596,5.20176,SPOT_UNSTABLE|OPTICAL_MECH
10.260000,optical,50.00526,0.199544,0.52079,25.0153,0.99958,5.18068,5.20597,SPOT_UNSTABLE|OPTICAL_MECH
10.270000,optical,50.00500,0.199973,0.46324,25.0119,1.00186,5.16983,5.20554,SPOT_UNSTABLE|OPTICAL_MECH
10.280000,optical,49.99676,0.199798,0.50331,25.0198,1.00002,5.19951,5.18855,SPOT_UNSTABLE|OPTICAL_MECH
10.290000,optical,50.00170,0.199731,0.51060,25.0302,0.99845,5.18203,5.20511,SPOT_UNSTABLE|OPTICAL_MECH
10.300000,optical,50.00590,0.199531,0.50747,25.0251,0.99893,5.19452,5.20033,SPOT_UNSTABLE|OPTICAL_MECH
10.310000,optical,50.00219,0.200187,0.49334,25.0280,1.00167,5.20654,5.21457,SPOT_UNSTABLE|OPTICAL_MECH
10.320000,optical,49.99505,0.200238,0.51645,25.0220,0.99823,5.21230,5.21583,SPOT_UNSTABLE|OPTICAL_MECH
10.330000,optical,49.99595,0.199852,0.48235,25.0290,0.99855,5.21813,5.21855,SPOT_UNSTABLE|OPTICAL_MECH
10.340000,optical,50.00443,0.200138,0.51671,25.0212,0.99808,5.22668,5.23462,SPOT_UNSTABLE|OPTICAL_MECH
10.350000,optical,49.99757,0.199754,0.49591,25.0188,1.00066,5.23152,5.22839,SPOT_UNSTABLE|OPTICAL_MECH
10.360000,optical,49.99475,0.200387,0.52808,25.0203,1.00006,5.25140,5.24002,SPOT_UNSTABLE|OPTICAL_MECH
10.370000,optical,50.00587,0.199696,0.51716,25.0213,0.99890,5.23896,5.23160,SPOT_UNSTABLE|OPTICAL_MECH
10.380000,optical,50.00059,0.200293,0.53890,25.0204,1.00048,5.26600,5.24602,SPOT_UNSTABLE|OPTICAL_MECH
10.390000,optical,50.00614,0.199880,0.54995,25.0258,0.99814,5.26960,5.24097,SPOT_UNSTABLE|OPTICAL_MECH
10.400000,optical,50.00350,0.199747,0.47546,25.0173,1.00200,5.25842,5.23406,SPOT_UNSTABLE|OPTICAL_MECH
10.410000,optical,50.00213,0.199915,0.46994,25.0223,0.99884,5.28551,5.25247,SPOT_UNSTABLE|OPTICAL_MECH
10.420000,optical,49.99795,0.199632,0.54680,25.0232,1.00138,5.28698,5.25014,SPOT_UNSTABLE|OPTICAL_MECH
10.430000,optical,49.99439,0.200398,0.45821,25.0208,1.00101,5.27254,5.25214,SPOT_UNSTABLE|OPTICAL_MECH
10.440000,optical,49.99619,0.199615,0.45056,25.0125,0.99885,5.27980,5.26672,SPOT_UNSTABLE|OPTICAL_MECH
10.450000,optical,49.99464,0.200047,0.51557,25.0183,1.00107,5.29176,5.25995,SPOT_UNSTABLE|OPTICAL_MECH
10.460000,optical,49.99477,0.200185,0.53570,25.0207,0.99916,5.28572,5.27606,SPOT_UNSTABLE|OPTICAL_MECH
10.470000,optical,50.00161,0.200410,0.50388,25.0151,0.99986,5.29965,5.27352,SPOT_UNSTABLE|OPTICAL_MECH
10.480000,optical,49.99272,0.200044,0.47385,25.0167,1.00168,5.30129,5.27221,SPOT_UNSTABLE|OPTICAL_MECH
10.490000,optical,49.99545,0.199899,0.45101,25.0260,1.00151,5.30640,5.28529,SPOT_UNSTABLE|OPTICAL_MECH
10.500000,optical,50.00549,0.199521,0.52414,25.0125,1.00132,5.32778,5.26222,SPOT_UNSTABLE|OPTICAL_MECH
10.510000,optical,49.99454,0.200087,0.54627,25.0131,0.99929,5.32105,5.27282,SPOT_UNSTABLE|OPTICAL_MECH
10.520000,optical,50.00569,0.199761,0.46855,25.0237,1.00159,5.33616,5.28213,SPOT_UNSTABLE|OPTICAL_MECH
10.530000,optical,49.99348,0.200180,0.54841,25.0118,1.00126,5.33404,5.27275,SPOT_UNSTABLE|OPTICAL_MECH
10.540000,optical,49.99771,0.200422,0.47631,25.0135,0.99879,5.35817,5.29500,SPOT_UNSTABLE|OPTICAL_MECH
10.550000,optical,50.00376,0.200084,0.48551,25.0124,0.99846,5.35178,5.29420,SPOT_UNSTABLE|OPTICAL_MECH
10.560000,optical,50.00530,0.199723,0.50885,25.0202,1.00125,5.35584,5.30507,SPOT_UNSTABLE|OPTICAL_MECH
10.570000,optical,50.00212,0.199965,0.45117,25.0268,0.99940,5.35798,5.30543,SPOT_UNSTABLE|OPTICAL_MECH
10.580000,optical,49.99419,0.200364,0.53192,25.0148,0.99875,5.37120,5.28973,SPOT_UNSTABLE|OPTICAL_MECH
10.590000,optical,49.99518,0.200332,0.45063,25.0199,0.99925,5.37248,5.30985,SPOT_UNSTABLE|OPTICAL_MECH
10.600000,optical,49.99344,0.200224,0.54039,25.0213,1.00120,5.37951,5.30753,SPOT_UNSTABLE|OPTICAL_MECH
10.610000,optical,50.00561,0.199858,0.53034,25.0177,0.99822,5.39411,5.32009,SPOT_UNSTABLE|OPTICAL_MECH
10.620000,optical,49.99470,0.200358,0.45452,25.0292,0.99950,5.37521,5.32099,SPOT_UNSTABLE|OPTICAL_MECH
10.630000,optical,49.99525,0.200168,0.49099,25.0162,1.00001,5.40006,5.32536,SPOT_UNSTABLE|OPTICAL_MECH
10.640000,optical,50.00443,0.199734,0.49670,25.0249,1.00071,5.38660,5.30674,SPOT_UNSTABLE|OPTICAL_MECH
10.650000,optical,49.99506,0.199970,0.54341,25.0214,1.00156,5.40283,5.33254,SPOT_UNSTABLE|OPTICAL_MECH
10.660000,optical,49.99732,0.199950,0.53424,25.0139,0.99988,5.40496,5.32687,SPOT_UNSTABLE|OPTICAL_MECH
10.670000,optical,49.99315,0.200058,0.47555,25.0281,0.99823,5.41901,5.30920,SPOT_UNSTABLE|OPTICAL_MECH
10.680000,optical,49.99430,0.199883,0.45973,25.0205,0.99826,5.41343,5.32364,SPOT_UNSTABLE|OPTICAL_MECH
10.690000,optical,49.99021,0.200065,0.46276,25.0117,1.00015,5.43371,5.34244,SPOT_UNSTABLE|OPTICAL_MECH
10.700000,optical,50.00390,0.200428,0.50585,25.0128,1.00060,5.42176,5.31912,SPOT_UNSTABLE|OPTICAL_MECH
10.710000,optical,50.00851,0.200380,0.52972,25.0313,0.99831,5.43171,5.33378,SPOT_UNSTABLE|OPTICAL_MECH
10.720000,optical,50.00606,0.200273,0.53813,25.0160,1.00157,5.42314,5.34200,SPOT_UNSTABLE|OPTICAL_MECH
10.730000,optical,50.00771,0.200477,0.46587,25.0169,0.99830,5.42478,5.32387,SPOT_UNSTABLE|OPTICAL_MECH
10.740000,optical,49.99934,0.199521,0.46809,25.0206,0.99984,5.42899,5.34876,SPOT_UNSTABLE|OPTICAL_MECH
10.750000,optical,49.99800,0.200012,0.46459,25.0124,1.00150,5.44346,5.33341,SPOT_UNSTABLE|OPTICAL_MECH
10.760000,optical,50.00300,0.200026,0.46164,25.0291,0.99805,5.44502,5.33667,SPOT_UNSTABLE|OPTICAL_MECH
10.770000,optical,50.00192,0.199677,0.50466,25.0261,1.00193,5.46603,5.35561,SPOT_UNSTABLE|OPTICAL_MECH
10.780000,optical,49.99944,0.200156,0.51518,25.0205,0.99882,5.44829,5.35421,SPOT_UNSTABLE|OPTICAL_MECH
10.790000,optical,49.99934,0.199706,0.47803,25.0240,1.00039,5.47562,5.36167,SPOT_UNSTABLE|OPTICAL_MECH
10.800000,optical,50.00725,0.200250,0.51498,25.0149,1.00163,5.46747,5.35203,SPOT_UNSTABLE|OPTICAL_MECH
10.810000,optical,50.00921,0.199578,0.49585,25.0131,1.00050,5.45419,5.35262,SPOT_UNSTABLE|OPTICAL_MECH
10.820000,optical,50.00699,0.200056,0.51655,25.0284,1.00144,5.45886,5.35638,NONE
10.830000,optical,49.99609,0.200480,0.53249,25.0306,1.00093,5.46748,5.34848,NONE
10.840000,optical,50.00574,0.199841,0.45984,25.0286,1.00098,5.47570,5.34872,NONE
10.850000,optical,49.99159,0.199948,0.49984,25.0270,1.00051,5.47321,5.36744,NONE
10.860000,optical,50.00071,0.200225,0.50557,25.0243,1.00171,5.50025,5.36290,NONE
10.870000,optical,49.99166,0.199519,0.53916,25.0291,1.00032,5.47528,5.37445,NONE
10.880000,optical,49.99086,0.200300,0.51815,25.0231,0.99893,5.49328,5.35452,NONE
10.890000,optical,50.00074,0.199541,0.48008,25.0256,1.00127,5.48261,5.36811,NONE
10.900000,optical,50.00684,0.199627,0.46335,25.0155,1.00126,5.48614,5.37086,NONE
10.910000,optical,50.00603,0.200313,0.50319,25.0119,1.00190,5.50414,5.38765,NONE
10.920000,optical,50.00790,0.200468,0.51533,25.0311,0.99817,5.49387,5.38261,NONE
10.930000,optical,50.00826,0.199801,0.46023,25.0137,1.00070,5.51313,5.38642,NONE
10.940000,optical,50.00800,0.199602,0.50845,25.0212,1.00036,5.51434,5.38520,NONE
10.950000,optical,49.99358,0.200018,0.50950,25.0275,1.00120,5.51606,5.36551,NONE
10.960000,optical,50.00645,0.200377,0.50679,25.0222,1.00101,5.50703,5.36810,NONE
10.970000,optical,49.99314,0.200253,0.52126,25.0303,0.99972,5.50674,5.37784,NONE
10.980000,optical,50.00898,0.199805,0.52857,25.0128,0.99897,5.51562,5.37724,NONE
10.990000,optical,50.00542,0.200273,0.45422,25.0145,0.99842,5.53496,5.37201,NONE
11.000000,optical,49.99810,0.199614,0.53616,25.0129,1.00033,5.52950,5.38097,NONE
11.010000,optical,50.00240,0.199935,0.50562,25.0182,0.99907,5.53559,5.37219,NONE
11.020000,optical,50.00430,0.199737,0.51494,25.0301,1.00125,5.52162,5.38536,NONE
11.030000,optical,50.00476,0.199970,0.45099,25.0155,1.00144,5.53688,5.38775,NONE
11.040000,optical,50.00739,0.199893,0.49872,25.0312,0.99941,5.52097,5.39126,NONE
11.050000,optical,50.00576,0.200488,0.52084,25.0291,0.99908,5.52182,5.39136,NONE
11.060000,optical,49.99696,0.200139,0.48563,25.0181,1.00183,5.52935,5.39745,NONE
11.070000,optical,50.00869,0.199685,0.46726,25.0162,1.00056,5.54121,5.39810,NONE
11.080000,optical,50.00845,0.199732,0.50846,25.0240,0.99988,5.53053,5.39985,NONE
11.090000,optical,49.99041,0.199750,0.45949,25.0273,0.99820,5.53791,5.39792,NONE
11.100000,optical,50.00340,0.199818,0.50845,25.0136,1.00151,5.53758,5.38207,NONE
11.110000,optical,49.99487,0.199780,0.46989,25.0256,1.00128,5.54623,5.39208,NONE
11.120000,optical,50.00430,0.200432,0.49213,25.0183,1.00140,5.52799,5.40551,NONE
11.130000,optical,50.00662,0.199983,0.47800,25.0169,0.99900,5.55442,5.39618,NONE
11.140000,optical,50.00401,0.199689,0.45956,25.0168,1.00056,5.55766,5.39284,NONE
11.150000,optical,49.99637,0.200402,0.48500,25.0147,0.99808,5.55966,5.41220,NONE
11.160000,optical,49.99111,0.199760,0.45882,25.0141,0.99831,5.54119,5.40658,NONE
11.170000,optical,50.00037,0.200073,0.50119,25.0243,0.99914,5.54986,5.39450,NONE
11.180000,optical,50.00422,0.200085,0.47861,25.0273,0.99932,5.55902,5.40819,NONE
11.190000,optical,49.99347,0.199854,0.50168,25.0173,1.00160,5.56261,5.41272,NONE
11.200000,optical,49.99467,0.200020,0.51847,25.0307,0.99897,5.53839,5.40301,NONE
11.210000,optical,49.99372,0.200325,0.54499,25.0301,0.99821,5.55453,5.39532,NONE
11.220000,optical,49.99552,0.199629,0.50646,25.0289,1.00033,5.55694,5.38593,NONE
11.230000,optical,49.99544,0.200089,0.47417,25.0207,1.00033,5.55265,5.41171,NONE
11.240000,optical,49.99102,0.200425,0.54774,25.0146,0.99881,5.55214,5.40208,NONE
11.250000,optical,49.99902,0.199707,0.47434,25.0138,1.00007,5.53798,5.40671,NONE
11.260000,optical,49.99140,0.200218,0.51632,25.0142,0.99957,5.54779,5.38967,NONE
11.270000,optical,49.99104,0.200292,0.50233,25.0211,0.99890,5.54929,5.40943,NONE
11.280000,optical,50.00877,0.199955,0.52666,25.0195,0.99908,5.55842,5.40855,NONE
11.290000,optical,49.99773,0.199654,0.53858,25.0155,0.99926,5.53709,5.38698,NONE
11.300000,optical,49.99771,0.199910,0.47427,25.0217,0.99912,5.54437,5.41165,NONE
11.310000,optical,49.99105,0.199810,0.49495,25.0208,1.00039,5.54261,5.39321,NONE
11.320000,optical,49.99494,0.200104,0.49454,25.0172,1.00012,5.56258,5.38752,NONE
11.330000,optical,50.00000,0.199788,0.45146,25.0261,1.00134,5.55926,5.40117,NONE
11.340000,optical,50.00214,0.199773,0.49016,25.0265,0.99882,5.55149,5.39397,NONE
11.350000,optical,49.99128,0.199883,0.54574,25.0317,1.00058,5.55348,5.39656,NONE
11.360000,optical,49.99180,0.200209,0.49852,25.0211,0.99916,5.54087,5.40586,NONE
11.370000,optical,50.00576,0.200174,0.50791,25.0217,0.99969,5.55286,5.40587,NONE
11.380000,optical,49.99264,0.199978,0.54474,25.0294,1.00124,5.53952,5.38785,NONE
11.390000,optical,50.00948,0.199937,0.47651,25.0326,0.99950,5.53088,5.40752,NONE
11.400000,optical,49.99673,0.200261,0.53332,25.0285,0.99965,5.55413,5.38533,NONE
11.410000,optical,49.99336,0.199953,0.45490,25.0240,1.00061,5.53424,5.40621,NONE
11.420000,optical,49.99928,0.199693,0.50400,25.0326,1.00146,5.54095,5.40779,NONE
11.430000,optical,49.99467,0.200414,0.52744,25.0142,1.00047,5.53989,5.37906,NONE
11.440000,optical,50.00230,0.200387,0.49543,25.0155,0.99984,5.54735,5.37838,NONE
11.450000,optical,50.00659,0.200483,0.45843,25.0309,1.00129,5.51868,5.38656,NONE
11.460000,optical,49.99940,0.199570,0.45668,25.0188,0.99814,5.52277,5.38531,NONE
11.470000,optical,49.99223,0.200363,0.49886,25.0308,0.99968,5.53092,5.39159,NONE
11.480000,optical,49.99888,0.200425,0.50035,25.0207,1.00185,5.52665,5.39466,NONE
11.490000,optical,49.99627,0.200325,0.53395,25.0303,0.99836,5.53941,5.38365,NONE
11.500000,optical,49.99064,0.199875,0.53584,25.0311,0.99916,5.53463,5.39423,NONE
11.510000,optical,49.99326,0.200297,0.47454,25.0204,0.99864,5.51858,5.39526,NONE
11.520000,optical,50.00677,0.200244,0.53627,25.0197,0.99892,5.52256,5.37432,NONE
11.530000,optical,49.99695,0.199707,0.53226,25.0317,1.00176,5.50709,5.38868,NONE
11.540000,optical,50.00155,0.199557,0.51047,25.0207,1.00048,5.50067,5.36701,NONE
11.550000,optical,50.00155,0.200031,0.48090,25.0243,1.00062,5.50592,5.37725,NONE
11.560000,optical,49.99026,0.199754,0.45257,25.0189,0.99986,5.50592,5.37110,NONE
11.570000,optical,50.00505,0.200305,0.49827,25.0165,1.00157,5.50903,5.37233,NONE
11.580000,optical,49.99457,0.199801,0.45799,25.0303,1.00151,5.49991,5.38926,NONE
11.590000,optical,49.99676,0.199501,0.46199,25.0166,1.00134,5.48732,5.36660,NONE
11.600000,optical,49.99059,0.199771,0.50662,25.0185,0.99867,5.49042,5.38617,NONE
11.610000,optical,50.00915,0.200457,0.54464,25.0141,1.00050,5.50533,5.37389,NONE
11.620000,optical,50.00086,0.199860,0.45376,25.0285,1.00144,5.49813,5.35683,NONE
11.630000,optical,49.99706,0.199781,0.47484,25.0249,1.00087,5.48081,5.35688,NONE
11.640000,optical,50.00016,0.200143,0.51739,25.0247,0.99830,5.49316,5.35091,NONE
11.650000,optical,50.00839,0.200182,0.50753,25.0332,1.00171,5.48637,5.36368,NONE
11.660000,optical,49.99188,0.200227,0.53834,25.0152,0.99801,5.48119,5.36763,NONE
11.670000,optical,50.00981,0.199802,0.53499,25.0232,1.00135,5.48818,5.35422,NONE
11.680000,optical,50.00514,0.199842,0.49914,25.0307,0.99828,5.48203,5.34450,NONE
11.690000,optical,50.00001,0.199587,0.47674,25.0253,0.99870,5.45375,5.34489,NONE
11.700000,optical,49.99726,0.200421,0.54852,25.0222,0.99922,5.47752,5.34762,NONE
11.710000,optical,50.00368,0.200496,0.46670,25.0272,0.99920,5.46853,5.34593,NONE
11.720000,optical,50.00857,0.199905,0.47379,25.0154,1.00147,5.44650,5.35950,NONE
11.730000,optical,50.00185,0.199552,0.51729,25.0212,0.99891,5.46421,5.35903,NONE
11.740000,optical,50.00380,0.199949,0.52308,25.0192,0.99920,5.44496,5.35809,NONE
11.750000,optical,50.00055,0.200344,0.53773,25.0247,0.99847,5.44861,5.35239,NONE
11.760000,optical,49.99126,0.200425,0.48531,25.0317,0.99960,5.43554,5.34623,NONE
11.770000,optical,50.00089,0.199774,0.52469,25.0262,1.00169,5.44350,5.33615,NONE
11.780000,optical,49.99505,0.200243,0.51922,25.0191,0.99892,5.42460,5.33865,NONE
11.790000,optical,49.99083,0.199577,0.48319,25.0194,1.00025,5.42080,5.34228,NONE
11.800000,optical,49.99267,0.200008,0.46460,25.0204,0.99867,5.41423,5.34434,NONE
11.810000,optical,50.00358,0.199551,0.48116,25.0244,1.00046,5.41482,5.33888,NONE
11.820000,optical,49.99643,0.199609,0.50051,25.0233,1.00109,5.41167,5.32805,NONE
11.830000,optical,50.00042,0.199508,0.54832,25.0318,1.00032,5.40683,5.30888,NONE
11.840000,optical,49.99883,0.200350,0.51832,25.0333,0.99815,5.39787,5.30717,NONE
11.850000,optical,50.00911,0.199903,0.50483,25.0299,0.99952,5.41372,5.31664,NONE
11.860000,optical,49.99536,0.200489,0.48238,25.0306,1.00155,5.39136,5.32238,NONE
11.870000,optical,50.00287,0.199719,0.50477,25.0258,1.00045,5.38322,5.30254,NONE
11.880000,optical,50.00964,0.199883,0.54004,25.0327,0.99882,5.40001,5.31229,NONE
11.890000,optical,49.99135,0.199897,0.50923,25.0233,1.00150,5.38925,5.29398,NONE
11.900000,optical,49.99125,0.199586,0.54614,25.0207,1.00087,5.36446,5.31756,NONE
11.910000,optical,49.99521,0.200105,0.52006,25.0140,0.99929,5.37159,5.31210,NONE
11.920000,optical,50.00269,0.199643,0.46724,25.0180,0.99935,5.36836,5.29905,NONE
11.930000,optical,50.00058,0.200274,0.51524,25.0214,1.00180,5.36801,5.30435,NONE
11.940000,optical,49.99487,0.199644,0.45727,25.0253,1.00033,5.34573,5.28073,NONE
11.950000,optical,50.00075,0.199999,0.48504,25.0203,0.99817,5.34470,5.28518,NONE
11.960000,optical,49.99569,0.199786,0.53253,25.0182,0.99835,5.34991,5.28123,NONE
11.970000,optical,50.00078,0.199753,0.48266,25.0305,1.00000,5.32604,5.28834,NONE
11.980000,optical,50.00198,0.199934,0.54912,25.0283,0.99984,5.32488,5.28268,NONE
11.990000,optical,50.00739,0.199866,0.52884,25.0237,1.00193,5.32639,5.28526,NONE
