time_s,scenario,kv_meas,tube_ma,return_ua,temp_c,flux,spot_x_um,spot_y_um,flags
0.000000,thermal,50.00308,0.199971,0.54153,24.9936,1.00190,4.98719,5.10883,NONE
0.010000,thermal,49.99716,0.199819,0.45052,25.0304,1.00078,5.00242,5.10121,NONE
0.020000,thermal,50.00450,0.200358,0.53944,25.0716,1.00077,5.01621,5.12029,NONE
0.030000,thermal,49.99640,0.200076,0.48499,25.1181,0.99833,5.03438,5.13462,NONE
0.040000,thermal,49.99470,0.200005,0.48340,25.1590,1.00085,5.04498,5.13235,NONE
0.050000,thermal,50.00723,0.199544,0.47572,25.1884,1.00068,5.04542,5.13260,NONE
0.060000,thermal,50.00494,0.200078,0.49867,25.2408,0.99949,5.04931,5.14162,NONE
0.070000,thermal,50.00544,0.200147,0.52391,25.2624,1.00081,5.06666,5.13729,NONE
0.080000,thermal,49.99951,0.200153,0.52926,25.3060,0.99952,5.08538,5.15919,NONE
0.090000,thermal,50.00575,0.199880,0.50867,25.3547,1.00018,5.08530,5.15372,NONE
0.100000,thermal,49.99688,0.199605,0.47020,25.3779,0.99800,5.08894,5.15650,NONE
0.110000,thermal,49.99529,0.200488,0.51248,25.4131,1.00030,5.09962,5.18429,NONE
0.120000,thermal,50.00706,0.200469,0.54065,25.4533,0.99862,5.10682,5.18888,NONE
0.130000,thermal,49.99944,0.200094,0.51598,25.4896,0.99820,5.11457,5.18073,NONE
0.140000,thermal,50.00120,0.200115,0.51817,25.5318,1.00041,5.14100,5.18910,NONE
0.150000,thermal,49.99702,0.200254,0.51241,25.5672,1.00085,5.12583,5.19522,NONE
0.160000,thermal,49.99193,0.200459,0.51373,25.6134,1.00118,5.13383,5.20759,NONE
0.170000,thermal,50.00147,0.199952,0.54857,25.6527,0.99989,5.15248,5.22458,NONE
0.180000,thermal,50.00795,0.199948,0.47813,25.6848,0.99916,5.16189,5.21501,NONE
0.190000,thermal,49.99474,0.200240,0.52949,25.7183,0.99992,5.18145,5.23290,NONE
0.200000,thermal,49.99874,0.200257,0.47591,25.7636,1.00062,5.18184,5.22643,NONE
0.210000,thermal,49.99330,0.199992,0.53512,25.8085,1.00101,5.19425,5.23542,NONE
0.220000,thermal,50.00215,0.200038,0.47222,25.8353,1.00138,5.20696,5.26875,NONE
0.230000,thermal,50.00197,0.200281,0.54523,25.8813,0.99948,5.21948,5.26178,NONE
0.240000,thermal,49.99495,0.200329,0.53467,25.9155,1.00166,5.20423,5.25376,NONE
0.250000,thermal,50.00257,0.199666,0.45922,25.9413,1.00089,5.21526,5.26693,NONE
0.260000,thermal,50.00035,0.199812,0.48489,25.9907,1.00190,5.23084,5.27218,NONE
0.270000,thermal,49.99119,0.199791,0.48762,26.0206,0.99929,5.23540,5.29472,NONE
0.280000,thermal,49.99355,0.200144,0.52682,26.0613,0.99913,5.26295,5.30950,NONE
0.290000,thermal,49.99288,0.199719,0.48745,26.0890,1.00135,5.24480,5.29939,NONE
0.300000,thermal,50.00253,0.199615,0.46033,26.1288,1.00055,5.27997,5.29556,NONE
0.310000,thermal,50.00531,0.199936,0.47072,26.1656,1.00053,5.27384,5.32592,NONE
0.320000,thermal,49.99291,0.200476,0.54166,26.1988,1.00052,5.27170,5.32730,NONE
0.330000,thermal,50.00635,0.200398,0.54045,26.2331,0.99851,5.29131,5.33803,NONE
0.340000,thermal,50.00918,0.199937,0.50728,26.2741,1.00194,5.29494,5.32106,NONE
0.350000,thermal,50.00412,0.200173,0.45787,26.3013,1.00087,5.31175,5.35490,NONE
0.360000,thermal,50.00592,0.200268,0.51656,26.3424,0.99919,5.31806,5.33793,NONE
0.370000,thermal,50.00499,0.200374,0.52434,26.3851,0.99897,5.32877,5.36032,NONE
0.380000,thermal,49.99810,0.200006,0.52239,26.4178,1.00139,5.33769,5.35559,NONE
0.390000,thermal,50.00454,0.200131,0.52800,26.4481,0.99930,5.35158,5.36447,NONE
0.400000,thermal,49.99570,0.200215,0.52829,26.4717,0.99835,5.35842,5.37459,NONE
0.410000,thermal,50.00179,0.200464,0.46448,26.5153,1.00126,5.35117,5.38389,NONE
0.420000,thermal,50.00070,0.199540,0.46797,26.5362,1.00132,5.35645,5.39752,NONE
0.430000,thermal,49.99774,0.200085,0.54997,26.5692,1.00173,5.37505,5.39265,NONE
0.440000,thermal,49.99991,0.199502,0.52864,26.6160,0.99845,5.36719,5.38847,NONE
0.450000,thermal,49.99741,0.199527,0.50891,26.6357,1.00003,5.38961,5.39380,NONE
0.460000,thermal,50.00249,0.199700,0.46502,26.6673,0.99956,5.40832,5.39936,NONE
0.470000,thermal,49.99193,0.200485,0.49443,26.7082,0.99981,5.41602,5.42623,NONE
0.480000,thermal,49.99100,0.200361,0.49763,26.7359,0.99826,5.40914,5.41023,NONE
0.490000,thermal,50.00347,0.200136,0.49365,26.7712,0.99990,5.42415,5.41563,NONE
0.500000,thermal,49.99732,0.199543,0.48756,26.8107,1.00001,5.43734,5.43585,NONE
0.510000,thermal,49.99392,0.200298,0.53797,26.8262,0.99985,5.41796,5.45124,NONE
0.520000,thermal,50.00449,0.200375,0.51294,26.8691,1.00030,5.44134,5.45089,NONE
0.530000,thermal,49.99838,0.199890,0.48688,26.9017,0.99837,5.45975,5.45826,NONE
0.540000,thermal,49.99028,0.199526,0.46918,26.9192,1.00113,5.45312,5.45460,NONE
0.550000,thermal,50.00813,0.200130,0.53930,26.9519,1.00031,5.44963,5.46285,NONE
0.560000,thermal,49.99258,0.199689,0.45884,26.9943,1.00065,5.46852,5.45270,NONE
0.570000,thermal,50.00660,0.200470,0.45447,27.0213,0.99881,5.47359,5.47782,NONE
0.580000,thermal,50.00875,0.199855,0.45773,27.0390,0.99867,5.49270,5.46370,NONE
0.590000,thermal,49.99637,0.200370,0.49204,27.0825,1.00083,5.47945,5.48491,NONE
0.600000,thermal,50.00507,0.199568,0.52307,27.1074,1.00023,5.48333,5.48836,NONE
0.610000,thermal,49.99732,0.199803,0.51375,27.1229,0.99891,5.48803,5.49164,NONE
0.620000,thermal,50.00636,0.199721,0.47905,27.1557,1.00001,5.50581,5.48841,NONE
0.630000,thermal,50.00688,0.199839,0.48385,27.1789,0.99909,5.50701,5.50679,SPOT_UNSTABLE|THERMAL_ASSOC
0.640000,thermal,50.00503,0.199954,0.45519,27.2153,0.99915,5.53038,5.51447,SPOT_UNSTABLE|THERMAL_ASSOC
0.650000,thermal,50.00345,0.199943,0.46792,27.2476,1.00154,5.52148,5.52864,SPOT_UNSTABLE|THERMAL_ASSOC
0.660000,thermal,50.00955,0.199728,0.49579,27.2725,1.00073,5.52114,5.50641,SPOT_UNSTABLE|THERMAL_ASSOC
0.670000,thermal,50.00605,0.199677,0.51662,27.2845,1.00075,5.53746,5.52266,SPOT_UNSTABLE|THERMAL_ASSOC
0.680000,thermal,49.99124,0.199962,0.48484,27.3123,1.00146,5.55046,5.52225,SPOT_UNSTABLE|THERMAL_ASSOC
0.690000,thermal,50.00688,0.199524,0.53819,27.3372,0.99944,5.53653,5.53007,SPOT_UNSTABLE|THERMAL_ASSOC
0.700000,thermal,50.00146,0.200058,0.47213,27.3697,0.99860,5.55885,5.54872,SPOT_UNSTABLE|THERMAL_ASSOC
0.710000,thermal,49.99118,0.200457,0.46741,27.4002,1.00046,5.55209,5.53592,SPOT_UNSTABLE|THERMAL_ASSOC
0.720000,thermal,50.00461,0.200475,0.52318,27.4126,1.00189,5.56884,5.55653,SPOT_UNSTABLE|THERMAL_ASSOC
0.730000,thermal,50.00096,0.199903,0.53590,27.4372,0.99869,5.57249,5.56198,SPOT_UNSTABLE|THERMAL_ASSOC
0.740000,thermal,50.00275,0.200163,0.48042,27.4602,1.00168,5.57195,5.56070,SPOT_UNSTABLE|THERMAL_ASSOC
0.750000,thermal,50.00789,0.199754,0.49471,27.4935,1.00136,5.57581,5.54885,SPOT_UNSTABLE|THERMAL_ASSOC
0.760000,thermal,50.00085,0.200258,0.49616,27.5147,0.99979,5.59909,5.56127,SPOT_UNSTABLE|THERMAL_ASSOC
0.770000,thermal,50.00612,0.200340,0.54169,27.5407,0.99848,5.59678,5.56835,SPOT_UNSTABLE|THERMAL_ASSOC
0.780000,thermal,49.99406,0.200041,0.51064,27.5608,0.99976,5.58660,5.58524,SPOT_UNSTABLE|THERMAL_ASSOC
0.790000,thermal,50.00048,0.199654,0.51990,27.5675,1.00106,5.61988,5.56518,SPOT_UNSTABLE|THERMAL_ASSOC
0.800000,thermal,49.99643,0.200282,0.48296,27.6021,0.99801,5.60130,5.58719,SPOT_UNSTABLE|THERMAL_ASSOC
0.810000,thermal,49.99958,0.199837,0.48408,27.6288,1.00194,5.60732,5.58131,SPOT_UNSTABLE|THERMAL_ASSOC
0.820000,thermal,50.00988,0.200386,0.46864,27.6436,1.00166,5.61922,5.57773,SPOT_UNSTABLE|THERMAL_ASSOC
0.830000,thermal,50.00869,0.199948,0.53844,27.6549,1.00143,5.61563,5.58077,SPOT_UNSTABLE|THERMAL_ASSOC
0.840000,thermal,50.00022,0.200151,0.45800,27.6846,1.00175,5.63108,5.58506,SPOT_UNSTABLE|THERMAL_ASSOC
0.850000,thermal,50.00504,0.200485,0.53446,27.6893,1.00160,5.62530,5.60227,SPOT_UNSTABLE|THERMAL_ASSOC
0.860000,thermal,49.99841,0.200162,0.47409,27.7179,1.00194,5.64531,5.60965,SPOT_UNSTABLE|THERMAL_ASSOC
0.870000,thermal,50.00934,0.199979,0.54053,27.7336,1.00034,5.64247,5.60500,SPOT_UNSTABLE|THERMAL_ASSOC
0.880000,thermal,50.00781,0.199827,0.46005,27.7549,1.00136,5.63331,5.60530,SPOT_UNSTABLE|THERMAL_ASSOC
0.890000,thermal,49.99341,0.200440,0.46086,27.7791,1.00043,5.64550,5.60551,SPOT_UNSTABLE|THERMAL_ASSOC
0.900000,thermal,50.00714,0.200390,0.49406,27.7968,1.00120,5.66281,5.60556,SPOT_UNSTABLE|THERMAL_ASSOC
0.910000,thermal,50.00629,0.200388,0.54597,27.7999,1.00045,5.65102,5.61303,SPOT_UNSTABLE|THERMAL_ASSOC
0.920000,thermal,50.00074,0.200069,0.53678,27.8166,0.99991,5.66203,5.61207,SPOT_UNSTABLE|THERMAL_ASSOC
0.930000,thermal,49.99031,0.199873,0.50756,27.8411,1.00180,5.67859,5.61293,SPOT_UNSTABLE|THERMAL_ASSOC
0.940000,thermal,49.99890,0.200217,0.47319,27.8480,1.00167,5.66006,5.62528,SPOT_UNSTABLE|THERMAL_ASSOC
0.950000,thermal,49.99714,0.200239,0.48278,27.8642,0.99941,5.68946,5.63666,SPOT_UNSTABLE|THERMAL_ASSOC
0.960000,thermal,49.99796,0.200250,0.53827,27.8856,0.99954,5.66531,5.62789,SPOT_UNSTABLE|THERMAL_ASSOC
0.970000,thermal,49.99156,0.199513,0.49271,27.8916,0.99934,5.66751,5.64658,SPOT_UNSTABLE|THERMAL_ASSOC
0.980000,thermal,50.00789,0.199528,0.54638,27.9139,1.00034,5.69613,5.64097,SPOT_UNSTABLE|THERMAL_ASSOC
0.990000,thermal,49.99004,0.200260,0.46451,27.9173,0.99849,5.69918,5.63881,SPOT_UNSTABLE|THERMAL_ASSOC
1.000000,thermal,49.99155,0.200483,0.45787,27.9325,1.00155,5.69155,5.64183,SPOT_UNSTABLE|THERMAL_ASSOC
1.010000,thermal,49.99227,0.199643,0.54133,27.9401,0.99824,5.69741,5.64277,SPOT_UNSTABLE|THERMAL_ASSOC
1.020000,thermal,49.99063,0.199689,0.54495,27.9508,0.99918,5.70850,5.65608,SPOT_UNSTABLE|THERMAL_ASSOC
1.030000,thermal,50.00920,0.200181,0.54558,27.9805,0.99997,5.69270,5.66448,SPOT_UNSTABLE|THERMAL_ASSOC
1.040000,thermal,50.00389,0.200220,0.54387,27.9783,1.00009,5.70123,5.65215,SPOT_UNSTABLE|THERMAL_ASSOC
1.050000,thermal,50.00077,0.199653,0.49563,27.9856,1.00070,5.69625,5.65914,SPOT_UNSTABLE|THERMAL_ASSOC
1.060000,thermal,49.99132,0.200179,0.53214,28.0013,1.00088,5.72092,5.64065,SPOT_UNSTABLE|THERMAL_ASSOC
1.070000,thermal,49.99243,0.200404,0.45971,28.0176,1.00034,5.69489,5.65805,SPOT_UNSTABLE|THERMAL_ASSOC
1.080000,thermal,50.00864,0.199762,0.53040,28.0198,0.99850,5.70525,5.65167,SPOT_UNSTABLE|THERMAL_ASSOC
1.090000,thermal,49.99314,0.199515,0.47002,28.0220,1.00124,5.72049,5.66364,SPOT_UNSTABLE|THERMAL_ASSOC
1.100000,thermal,50.00629,0.200190,0.52903,28.0403,0.99939,5.72152,5.66505,SPOT_UNSTABLE|THERMAL_ASSOC
1.110000,thermal,50.00908,0.200493,0.47079,28.0538,0.99964,5.70555,5.66492,NONE
1.120000,thermal,50.00251,0.200326,0.46101,28.0479,0.99805,5.72903,5.67171,NONE
1.130000,thermal,50.00928,0.199779,0.54295,28.0674,0.99851,5.70799,5.67188,NONE
1.140000,thermal,49.99746,0.200471,0.51667,28.0581,0.99998,5.71880,5.66175,NONE
1.150000,thermal,49.99206,0.200214,0.49119,28.0675,0.99997,5.70936,5.67240,NONE
1.160000,thermal,50.00010,0.199612,0.50335,28.0857,0.99828,5.73868,5.67769,NONE
1.170000,thermal,49.99657,0.199964,0.50269,28.0797,0.99942,5.71761,5.65662,NONE
1.180000,thermal,50.00917,0.199968,0.52540,28.0923,1.00002,5.74077,5.66195,NONE
1.190000,thermal,50.00209,0.200111,0.54691,28.0909,0.99950,5.73631,5.67255,NONE
1.200000,thermal,50.00906,0.200037,0.47842,28.0978,1.00062,5.73302,5.68744,NONE
1.210000,thermal,49.99193,0.200447,0.48937,28.1020,1.00004,5.73256,5.68089,NONE
1.220000,thermal,50.00835,0.200069,0.54739,28.1008,0.99895,5.72972,5.68186,NONE
1.230000,thermal,50.00781,0.199855,0.49444,28.0959,1.00111,5.74344,5.66721,NONE
1.240000,thermal,50.00763,0.200055,0.45281,28.1089,1.00043,5.73315,5.68023,NONE
1.250000,thermal,49.99832,0.200199,0.50035,28.1116,1.00123,5.73202,5.66375,NONE
1.260000,thermal,49.99255,0.200474,0.53317,28.0978,0.99907,5.74303,5.67045,NONE
1.270000,thermal,49.99014,0.199844,0.51902,28.1103,0.99980,5.72621,5.67282,NONE
1.280000,thermal,49.99178,0.200227,0.46733,28.0939,1.00123,5.73811,5.68253,NONE
1.290000,thermal,49.99655,0.199996,0.45120,28.1064,1.00146,5.72303,5.66480,NONE
1.300000,thermal,49.99554,0.200024,0.45826,28.0955,0.99929,5.73732,5.66830,NONE
1.310000,thermal,50.00425,0.199796,0.46885,28.0913,0.99817,5.72523,5.67020,NONE
1.320000,thermal,50.00431,0.199989,0.50056,28.1060,0.99817,5.72340,5.67362,NONE
1.330000,thermal,49.99832,0.199955,0.50938,28.0904,0.99863,5.73228,5.66170,NONE
1.340000,thermal,50.00528,0.199994,0.47071,28.0831,1.00151,5.72152,5.67462,NONE
1.350000,thermal,49.99776,0.200311,0.50505,28.0908,1.00003,5.73166,5.66187,NONE
1.360000,thermal,50.00275,0.200255,0.49065,28.0752,0.99871,5.73593,5.68192,NONE
1.370000,thermal,49.99156,0.200497,0.54292,28.0844,1.00162,5.73468,5.66184,NONE
1.380000,thermal,49.99376,0.199686,0.45554,28.0761,0.99800,5.72111,5.65681,NONE
1.390000,thermal,50.00835,0.199648,0.47206,28.0705,1.00142,5.71205,5.67720,NONE
1.400000,thermal,50.00866,0.200304,0.46388,28.0553,1.00124,5.72714,5.67033,NONE
1.410000,thermal,49.99384,0.200110,0.45116,28.0527,1.00105,5.71343,5.67719,NONE
1.420000,thermal,50.00361,0.200341,0.47703,28.0563,1.00116,5.72402,5.66483,NONE
1.430000,thermal,50.00946,0.200187,0.51815,28.0503,0.99919,5.71091,5.66301,NONE
1.440000,thermal,50.00510,0.199612,0.54340,28.0399,1.00185,5.70283,5.65622,NONE
1.450000,thermal,49.99486,0.199515,0.46991,28.0217,0.99819,5.72340,5.66876,NONE
1.460000,thermal,50.00092,0.199678,0.48477,28.0083,0.99816,5.72558,5.65965,NONE
1.470000,thermal,49.99737,0.200320,0.52059,27.9983,0.99834,5.69679,5.65461,NONE
1.480000,thermal,49.99487,0.199552,0.53658,27.9964,1.00001,5.69649,5.64957,NONE
1.490000,thermal,49.99402,0.200093,0.46798,27.9910,0.99958,5.71758,5.66441,NONE
1.500000,thermal,50.00925,0.199612,0.49440,27.9794,1.00189,5.69789,5.66301,NONE
1.510000,thermal,49.99820,0.199761,0.49548,27.9562,1.00030,5.69511,5.64024,NONE
1.520000,thermal,49.99635,0.200132,0.52439,27.9484,0.99910,5.70971,5.65987,NONE
1.530000,thermal,50.00391,0.199687,0.47752,27.9436,1.00198,5.68344,5.66166,NONE
1.540000,thermal,50.00427,0.199933,0.47904,27.9206,0.99868,5.70612,5.64298,NONE
1.550000,thermal,49.99809,0.200486,0.49659,27.9183,0.99931,5.67863,5.64879,NONE
1.560000,thermal,49.99936,0.200196,0.50132,27.9059,0.99888,5.68128,5.64013,NONE
1.570000,thermal,49.99564,0.200127,0.52517,27.8859,1.00150,5.68384,5.62421,NONE
1.580000,thermal,49.99378,0.200007,0.53222,27.8669,0.99809,5.68197,5.63724,NONE
1.590000,thermal,50.00527,0.199816,0.53314,27.8673,0.99917,5.68369,5.63858,NONE
1.600000,thermal,50.00812,0.199762,0.53916,27.8424,1.00158,5.67379,5.63376,NONE
1.610000,thermal,50.00712,0.200110,0.45631,27.8328,1.00149,5.67452,5.61864,NONE
1.620000,thermal,49.99292,0.199792,0.48844,27.8208,0.99943,5.66190,5.63375,NONE
1.630000,thermal,49.99719,0.200362,0.46102,27.7958,0.99946,5.66814,5.61238,NONE
1.640000,thermal,50.00354,0.200409,0.47317,27.7898,0.99887,5.66420,5.61768,NONE
1.650000,thermal,50.00003,0.200267,0.46953,27.7601,0.99890,5.66762,5.60524,NONE
1.660000,thermal,50.00913,0.199709,0.51209,27.7512,0.99827,5.65535,5.60578,NONE
1.670000,thermal,49.99132,0.199810,0.52737,27.7266,1.00145,5.65416,5.61124,NONE
1.680000,thermal,50.00198,0.199897,0.53412,27.7198,0.99930,5.65220,5.59222,NONE
1.690000,thermal,49.99649,0.199545,0.50358,27.6890,1.00180,5.64836,5.60434,NONE
1.700000,thermal,49.99652,0.200171,0.49084,27.6792,1.00147,5.63553,5.59583,NONE
1.710000,thermal,50.00297,0.199801,0.47293,27.6506,1.00088,5.62675,5.60738,NONE
1.720000,thermal,49.99279,0.200436,0.47442,27.6318,1.00149,5.63788,5.57644,NONE
1.730000,thermal,49.99141,0.200260,0.54394,27.6137,0.99972,5.61934,5.58696,NONE
1.740000,thermal,50.00450,0.199825,0.49426,27.5936,1.00008,5.61300,5.57045,NONE
1.750000,thermal,49.99864,0.200372,0.52205,27.5654,0.99987,5.59625,5.59372,NONE
1.760000,thermal,50.00162,0.200275,0.46205,27.5468,0.99868,5.59748,5.56432,NONE
1.770000,thermal,50.00143,0.200425,0.54116,27.5296,1.00162,5.61453,5.58639,NONE
1.780000,thermal,49.99020,0.199781,0.48386,27.4979,0.99867,5.60966,5.55559,NONE
1.790000,thermal,49.99825,0.199696,0.51503,27.4825,0.99898,5.58057,5.57522,NONE
1.800000,thermal,49.99183,0.199530,0.54059,27.4577,1.00187,5.59379,5.56524,NONE
1.810000,thermal,49.99631,0.200215,0.45829,27.4402,1.00092,5.59247,5.54442,NONE
1.820000,thermal,50.00943,0.200398,0.48518,27.4215,1.00042,5.56831,5.54936,NONE
1.830000,thermal,50.00476,0.200118,0.46235,27.3787,0.99980,5.57047,5.53476,NONE
1.840000,thermal,50.00123,0.200436,0.47871,27.3650,1.00128,5.56493,5.52964,NONE
1.850000,thermal,50.00390,0.199685,0.48942,27.3317,1.00063,5.54572,5.52369,NONE
1.860000,thermal,50.00585,0.200415,0.45813,27.3065,1.00045,5.54044,5.52687,NONE
1.870000,thermal,50.00458,0.199697,0.52560,27.2867,1.00112,5.54865,5.54361,NONE
1.880000,thermal,49.99615,0.200432,0.45779,27.2569,0.99913,5.54306,5.53787,NONE
1.890000,thermal,50.00435,0.200085,0.51663,27.2441,0.99994,5.54101,5.51510,NONE
1.900000,thermal,50.00310,0.200469,0.52637,27.2126,1.00088,5.51243,5.52907,NONE
1.910000,thermal,50.00722,0.199769,0.45475,27.1921,1.00097,5.52099,5.50419,NONE
1.920000,thermal,49.99019,0.199747,0.47081,27.1559,0.99978,5.50185,5.49833,NONE
1.930000,thermal,49.99479,0.200400,0.49753,27.1354,1.00110,5.50234,5.48660,NONE
1.940000,thermal,50.00949,0.200302,0.45175,27.1035,1.00190,5.49780,5.50524,NONE
1.950000,thermal,49.99763,0.200237,0.53648,27.0816,1.00157,5.49556,5.49034,NONE
1.960000,thermal,49.99982,0.200432,0.53125,27.0386,0.99996,5.47913,5.49789,NONE
1.970000,thermal,49.99020,0.199961,0.50052,27.0203,1.00041,5.48625,5.48742,NONE
1.980000,thermal,50.00996,0.200209,0.46460,26.9843,1.00047,5.48061,5.48604,NONE
1.990000,thermal,49.99964,0.199591,0.53321,26.9595,0.99956,5.47293,5.46760,NONE
2.000000,thermal,49.99392,0.199981,0.51518,26.9209,0.99925,5.45864,5.46559,NONE
2.010000,thermal,49.99152,0.200237,0.53001,26.8883,0.99967,5.46657,5.44895,NONE
2.020000,thermal,50.00506,0.199513,0.48608,26.8650,1.00102,5.43275,5.44173,NONE
2.030000,thermal,49.99391,0.199881,0.51751,26.8271,1.00059,5.42833,5.43389,NONE
2.040000,thermal,49.99953,0.199982,0.48514,26.8061,0.99954,5.43230,5.42778,NONE
2.050000,thermal,49.99687,0.200182,0.50874,26.7735,1.00015,5.42300,5.44132,NONE
2.060000,thermal,50.00153,0.200118,0.50318,26.7502,0.99949,5.42527,5.41756,NONE
2.070000,thermal,49.99899,0.200140,0.53166,26.7123,0.99843,5.42404,5.43795,NONE
2.080000,thermal,49.99105,0.200466,0.46919,26.6780,0.99962,5.41180,5.42052,SPOT_UNSTABLE|THERMAL_ASSOC
2.090000,thermal,49.99690,0.199718,0.50949,26.6507,1.00148,5.39567,5.41201,SPOT_UNSTABLE|THERMAL_ASSOC
2.100000,thermal,50.00432,0.200443,0.48268,26.6186,0.99933,5.38135,5.40587,SPOT_UNSTABLE|THERMAL_ASSOC
2.110000,thermal,50.00866,0.199974,0.52701,26.5943,0.99988,5.36783,5.39099,SPOT_UNSTABLE|THERMAL_ASSOC
2.120000,thermal,49.99485,0.199870,0.49358,26.5459,0.99962,5.37615,5.39251,SPOT_UNSTABLE|THERMAL_ASSOC
2.130000,thermal,50.00014,0.200252,0.45316,26.5199,1.00133,5.35511,5.39052,SPOT_UNSTABLE|THERMAL_ASSOC
2.140000,thermal,50.00452,0.200274,0.53463,26.4827,0.99874,5.34606,5.38196,SPOT_UNSTABLE|THERMAL_ASSOC
2.150000,thermal,50.00423,0.200322,0.46270,26.4598,1.00163,5.35067,5.37399,SPOT_UNSTABLE|THERMAL_ASSOC
2.160000,thermal,50.00682,0.199794,0.49244,26.4142,0.99942,5.35877,5.37934,SPOT_UNSTABLE|THERMAL_ASSOC
2.170000,thermal,49.99928,0.200294,0.51573,26.3836,1.00048,5.34476,5.35025,SPOT_UNSTABLE|THERMAL_ASSOC
2.180000,thermal,50.00311,0.200340,0.46160,26.3438,1.00165,5.32572,5.36815,SPOT_UNSTABLE|THERMAL_ASSOC
2.190000,thermal,50.00508,0.199608,0.46870,26.3268,0.99820,5.31447,5.35094,SPOT_UNSTABLE|THERMAL_ASSOC
2.200000,thermal,50.00473,0.199965,0.54300,26.2935,0.99989,5.31585,5.33737,SPOT_UNSTABLE|THERMAL_ASSOC
2.210000,thermal,49.99437,0.199575,0.51089,26.2499,0.99896,5.31045,5.33684,SPOT_UNSTABLE|THERMAL_ASSOC
2.220000,thermal,49.99512,0.199653,0.45450,26.2211,1.00193,5.28673,5.33825,SPOT_UNSTABLE|THERMAL_ASSOC
2.230000,thermal,50.00601,0.199769,0.50255,26.1810,1.00123,5.29823,5.33561,SPOT_UNSTABLE|THERMAL_ASSOC
2.240000,thermal,50.00274,0.200092,0.49969,26.1550,1.00080,5.29466,5.32295,SPOT_UNSTABLE|THERMAL_ASSOC
2.250000,thermal,49.99388,0.200238,0.54091,26.1157,0.99803,5.26896,5.30903,SPOT_UNSTABLE|THERMAL_ASSOC
2.260000,thermal,50.00379,0.199911,0.52084,26.0795,0.99915,5.25186,5.32179,SPOT_UNSTABLE|THERMAL_ASSOC
2.270000,thermal,49.99470,0.199906,0.45474,26.0327,0.99928,5.26828,5.29696,SPOT_UNSTABLE|THERMAL_ASSOC
2.280000,thermal,50.00030,0.199518,0.52567,25.9961,0.99862,5.25831,5.30031,SPOT_UNSTABLE|THERMAL_ASSOC
2.290000,thermal,49.99944,0.199997,0.53266,25.9716,0.99958,5.24519,5.28625,SPOT_UNSTABLE|THERMAL_ASSOC
2.300000,thermal,49.99964,0.199513,0.45655,25.9272,1.00141,5.22888,5.29513,SPOT_UNSTABLE|THERMAL_ASSOC
2.310000,thermal,50.00781,0.199523,0.48226,25.9072,1.00029,5.22595,5.26603,SPOT_UNSTABLE|THERMAL_ASSOC
2.320000,thermal,50.00246,0.199857,0.54505,25.8692,0.99974,5.22088,5.27894,SPOT_UNSTABLE|THERMAL_ASSOC
2.330000,thermal,50.00542,0.200341,0.50113,25.8339,0.99974,5.19486,5.26413,SPOT_UNSTABLE|THERMAL_ASSOC
2.340000,thermal,50.00394,0.199981,0.49710,25.7962,0.99967,5.19434,5.26397,SPOT_UNSTABLE|THERMAL_ASSOC
2.350000,thermal,50.00911,0.199610,0.47508,25.7482,0.99996,5.18341,5.24425,SPOT_UNSTABLE|THERMAL_ASSOC
2.360000,thermal,49.99391,0.200026,0.46449,25.7103,0.99850,5.18425,5.22860,SPOT_UNSTABLE|THERMAL_ASSOC
2.370000,thermal,50.00901,0.200167,0.50752,25.6761,0.99826,5.16747,5.23690,SPOT_UNSTABLE|THERMAL_ASSOC
2.380000,thermal,50.00132,0.199835,0.50905,25.6460,0.99901,5.15263,5.22933,SPOT_UNSTABLE|THERMAL_ASSOC
2.390000,thermal,49.99817,0.200034,0.48521,25.6164,1.00016,5.14603,5.21091,SPOT_UNSTABLE|THERMAL_ASSOC
2.400000,thermal,49.99393,0.200351,0.53737,25.5706,1.00156,5.15561,5.21792,SPOT_UNSTABLE|THERMAL_ASSOC
2.410000,thermal,49.99201,0.200432,0.50421,25.5334,0.99854,5.13138,5.22319,SPOT_UNSTABLE|THERMAL_ASSOC
2.420000,thermal,49.99133,0.200218,0.50778,25.4959,1.00125,5.11789,5.21638,SPOT_UNSTABLE|THERMAL_ASSOC
2.430000,thermal,50.00287,0.199987,0.47306,25.4727,0.99860,5.12693,5.20505,SPOT_UNSTABLE|THERMAL_ASSOC
2.440000,thermal,50.00435,0.199663,0.46908,25.4171,1.00180,5.11207,5.17979,SPOT_UNSTABLE|THERMAL_ASSOC
2.450000,thermal,50.00003,0.199703,0.48368,25.3839,1.00176,5.09053,5.16894,SPOT_UNSTABLE|THERMAL_ASSOC
2.460000,thermal,49.99340,0.199827,0.51247,25.3535,0.99832,5.08410,5.16339,SPOT_UNSTABLE|THERMAL_ASSOC
2.470000,thermal,49.99433,0.200469,0.45077,25.3187,0.99999,5.07716,5.16424,SPOT_UNSTABLE|THERMAL_ASSOC
2.480000,thermal,50.00781,0.199561,0.48696,25.2757,1.00164,5.08615,5.15423,SPOT_UNSTABLE|THERMAL_ASSOC
2.490000,thermal,49.99023,0.199697,0.47367,25.2499,1.00003,5.08006,5.14900,SPOT_UNSTABLE|THERMAL_ASSOC
2.500000,thermal,50.00514,0.199922,0.47421,25.1974,1.00097,5.05582,5.13512,SPOT_UNSTABLE|THERMAL_ASSOC
2.510000,thermal,50.00767,0.200042,0.52720,25.1741,0.99973,5.04208,5.14053,SPOT_UNSTABLE|THERMAL_ASSOC
2.520000,thermal,49.99842,0.200265,0.52306,25.1327,0.99866,5.04370,5.12720,SPOT_UNSTABLE|THERMAL_ASSOC
2.530000,thermal,50.00343,0.200179,0.54569,25.0924,0.99803,5.02505,5.12626,SPOT_UNSTABLE|THERMAL_ASSOC
2.540000,thermal,49.99847,0.200496,0.53826,25.0500,1.00005,5.03984,5.13278,SPOT_UNSTABLE|THERMAL_ASSOC
2.550000,thermal,49.99695,0.200338,0.48428,25.0127,1.00053,5.02245,5.11122,SPOT_UNSTABLE|THERMAL_ASSOC
2.560000,thermal,49.99211,0.199720,0.48350,24.9778,0.99946,5.01314,5.12102,SPOT_UNSTABLE|THERMAL_ASSOC
2.570000,thermal,50.00152,0.199825,0.52907,24.9528,0.99805,4.99465,5.09466,SPOT_UNSTABLE|THERMAL_ASSOC
2.580000,thermal,50.00341,0.199870,0.52617,24.9083,0.99897,4.99539,5.10008,SPOT_UNSTABLE|THERMAL_ASSOC
2.590000,thermal,49.99781,0.200054,0.53936,24.8669,0.99893,4.98583,5.07953,SPOT_UNSTABLE|THERMAL_ASSOC
2.600000,thermal,50.00870,0.199888,0.50259,24.8355,1.00079,4.97225,5.08965,SPOT_UNSTABLE|THERMAL_ASSOC
2.610000,thermal,49.99618,0.199915,0.54784,24.8046,0.99990,4.98103,5.09011,SPOT_UNSTABLE|THERMAL_ASSOC
2.620000,thermal,49.99408,0.200278,0.54904,24.7603,1.00072,4.95804,5.07238,SPOT_UNSTABLE|THERMAL_ASSOC
2.630000,thermal,49.99623,0.200428,0.47329,24.7337,1.00010,4.94167,5.05794,SPOT_UNSTABLE|THERMAL_ASSOC
2.640000,thermal,50.00308,0.200391,0.50526,24.6970,1.00179,4.93671,5.04975,SPOT_UNSTABLE|THERMAL_ASSOC
2.650000,thermal,49.99979,0.199952,0.52247,24.6594,1.00055,4.93014,5.04062,SPOT_UNSTABLE|THERMAL_ASSOC
2.660000,thermal,49.99677,0.200234,0.48757,24.6228,1.00178,4.92996,5.03355,SPOT_UNSTABLE|THERMAL_ASSOC
2.670000,thermal,50.00682,0.200413,0.52899,24.5802,0.99997,4.91087,5.04422,SPOT_UNSTABLE|THERMAL_ASSOC
2.680000,thermal,50.00752,0.199922,0.52623,24.5496,1.00029,4.92153,5.01563,SPOT_UNSTABLE|THERMAL_ASSOC
2.690000,thermal,49.99448,0.199587,0.50379,24.5194,0.99906,4.88895,5.03458,SPOT_UNSTABLE|THERMAL_ASSOC
2.700000,thermal,50.00454,0.199729,0.49994,24.4798,0.99862,4.88670,5.01237,SPOT_UNSTABLE|THERMAL_ASSOC
2.710000,thermal,50.00916,0.200052,0.50997,24.4327,0.99893,4.89796,5.01795,SPOT_UNSTABLE|THERMAL_ASSOC
2.720000,thermal,49.99238,0.200113,0.45944,24.4069,0.99921,4.87441,5.00401,SPOT_UNSTABLE|THERMAL_ASSOC
2.730000,thermal,50.00029,0.200431,0.53123,24.3712,1.00162,4.87107,5.00362,SPOT_UNSTABLE|THERMAL_ASSOC
2.740000,thermal,50.00835,0.199552,0.54352,24.3263,1.00087,4.86811,4.99833,SPOT_UNSTABLE|THERMAL_ASSOC
2.750000,thermal,49.99544,0.199774,0.53378,24.2975,1.00028,4.86195,4.99259,SPOT_UNSTABLE|THERMAL_ASSOC
2.760000,thermal,49.99733,0.199764,0.53593,24.2646,1.00179,4.83748,4.99181,SPOT_UNSTABLE|THERMAL_ASSOC
2.770000,thermal,50.00830,0.199648,0.53249,24.2229,0.99823,4.83032,4.98394,SPOT_UNSTABLE|THERMAL_ASSOC
2.780000,thermal,49.99902,0.200284,0.52122,24.1871,0.99896,4.82863,4.95348,SPOT_UNSTABLE|THERMAL_ASSOC
2.790000,thermal,50.00812,0.199606,0.51984,24.1669,0.99964,4.80879,4.95574,SPOT_UNSTABLE|THERMAL_ASSOC
2.800000,thermal,49.99044,0.199612,0.45394,24.1173,0.99984,4.82111,4.95773,SPOT_UNSTABLE|THERMAL_ASSOC
2.810000,thermal,50.00974,0.200403,0.50704,24.0901,0.99988,4.80933,4.93749,SPOT_UNSTABLE|THERMAL_ASSOC
2.820000,thermal,50.00006,0.199765,0.48853,24.0656,0.99842,4.79955,4.93517,SPOT_UNSTABLE|THERMAL_ASSOC
2.830000,thermal,49.99076,0.199526,0.51648,24.0282,1.00049,4.77657,4.92787,SPOT_UNSTABLE|THERMAL_ASSOC
2.840000,thermal,49.99712,0.200066,0.50938,23.9908,0.99977,4.78149,4.93597,SPOT_UNSTABLE|THERMAL_ASSOC
2.850000,thermal,49.99705,0.199558,0.46032,23.9609,1.00169,4.76762,4.92192,SPOT_UNSTABLE|THERMAL_ASSOC
2.860000,thermal,49.99588,0.200072,0.48213,23.9221,0.99833,4.75336,4.93158,SPOT_UNSTABLE|THERMAL_ASSOC
2.870000,thermal,50.00068,0.200448,0.49677,23.8811,1.00001,4.76142,4.89703,SPOT_UNSTABLE|THERMAL_ASSOC
2.880000,thermal,50.00618,0.199571,0.50026,23.8532,1.00036,4.74068,4.89779,SPOT_UNSTABLE|THERMAL_ASSOC
2.890000,thermal,49.99766,0.200191,0.48119,23.8173,0.99903,4.74128,4.90578,SPOT_UNSTABLE|THERMAL_ASSOC
2.900000,thermal,50.00501,0.200318,0.45599,23.7860,1.00044,4.73798,4.88953,SPOT_UNSTABLE|THERMAL_ASSOC
2.910000,thermal,49.99669,0.199572,0.47797,23.7691,0.99842,4.73011,4.87479,SPOT_UNSTABLE|THERMAL_ASSOC
2.920000,thermal,50.00527,0.199532,0.50353,23.7322,1.00127,4.70555,4.88427,SPOT_UNSTABLE|THERMAL_ASSOC
2.930000,thermal,50.00665,0.199831,0.47947,23.6928,0.99992,4.70364,4.88274,SPOT_UNSTABLE|THERMAL_ASSOC
2.940000,thermal,49.99326,0.199801,0.53602,23.6719,1.00033,4.71587,4.88172,SPOT_UNSTABLE|THERMAL_ASSOC
2.950000,thermal,50.00060,0.200079,0.54413,23.6410,0.99803,4.69262,4.87600,SPOT_UNSTABLE|THERMAL_ASSOC
2.960000,thermal,50.00280,0.199963,0.54765,23.6101,0.99820,4.67965,4.86099,SPOT_UNSTABLE|THERMAL_ASSOC
2.970000,thermal,50.00902,0.200494,0.52607,23.5724,0.99872,4.67421,4.86635,SPOT_UNSTABLE|THERMAL_ASSOC
2.980000,thermal,50.00622,0.200322,0.52895,23.5344,1.00102,4.69078,4.85783,SPOT_UNSTABLE|THERMAL_ASSOC
2.990000,thermal,49.99560,0.200417,0.47662,23.5186,0.99918,4.66526,4.84266,SPOT_UNSTABLE|THERMAL_ASSOC
3.000000,thermal,49.99853,0.200285,0.52943,23.4742,1.00164,4.64928,4.82292,SPOT_UNSTABLE|THERMAL_ASSOC
3.010000,thermal,50.00772,0.199890,0.46262,23.4465,1.00061,4.67011,4.83418,SPOT_UNSTABLE|THERMAL_ASSOC
3.020000,thermal,50.00595,0.199698,0.54674,23.4210,0.99856,4.66226,4.81151,SPOT_UNSTABLE|THERMAL_ASSOC
3.030000,thermal,49.99023,0.199642,0.52228,23.3968,1.00117,4.63289,4.80934,SPOT_UNSTABLE|THERMAL_ASSOC
3.040000,thermal,49.99005,0.199949,0.54858,23.3651,1.00109,4.64267,4.81536,SPOT_UNSTABLE|THERMAL_ASSOC
3.050000,thermal,49.99811,0.200409,0.47300,23.3340,0.99960,4.64227,4.81777,SPOT_UNSTABLE|THERMAL_ASSOC
3.060000,thermal,50.00158,0.199778,0.53208,23.3081,1.00191,4.61557,4.79296,SPOT_UNSTABLE|THERMAL_ASSOC
3.070000,thermal,50.00127,0.199576,0.45384,23.2812,1.00158,4.62587,4.80549,SPOT_UNSTABLE|THERMAL_ASSOC
3.080000,thermal,50.00733,0.199795,0.45827,23.2485,1.00177,4.60886,4.78416,SPOT_UNSTABLE|THERMAL_ASSOC
3.090000,thermal,49.99510,0.199741,0.53382,23.2353,1.00183,4.60580,4.80236,SPOT_UNSTABLE|THERMAL_ASSOC
3.100000,thermal,50.00839,0.199514,0.49623,23.2093,0.99874,4.61221,4.77382,SPOT_UNSTABLE|THERMAL_ASSOC
3.110000,thermal,49.99397,0.199734,0.50230,23.1794,0.99988,4.58496,4.77723,SPOT_UNSTABLE|THERMAL_ASSOC
3.120000,thermal,49.99253,0.200336,0.45540,23.1453,1.00175,4.58986,4.77593,SPOT_UNSTABLE|THERMAL_ASSOC
3.130000,thermal,50.00363,0.200250,0.48617,23.1221,0.99867,4.58164,4.76762,SPOT_UNSTABLE|THERMAL_ASSOC
3.140000,thermal,49.99510,0.199865,0.50493,23.0911,0.99932,4.57366,4.76925,SPOT_UNSTABLE|THERMAL_ASSOC
3.150000,thermal,50.00308,0.200289,0.46596,23.0633,1.00079,4.56518,4.75878,SPOT_UNSTABLE|THERMAL_ASSOC
3.160000,thermal,50.00725,0.200369,0.45868,23.0541,0.99836,4.55784,4.75673,SPOT_UNSTABLE|THERMAL_ASSOC
3.170000,thermal,50.00858,0.200449,0.49564,23.0147,0.99953,4.54393,4.75854,SPOT_UNSTABLE|THERMAL_ASSOC
3.180000,thermal,50.00411,0.199598,0.47340,22.9957,1.00020,4.55845,4.75894,SPOT_UNSTABLE|THERMAL_ASSOC
3.190000,thermal,50.00313,0.199527,0.52589,22.9660,1.00138,4.54666,4.75116,SPOT_UNSTABLE|THERMAL_ASSOC
3.200000,thermal,49.99439,0.199601,0.54828,22.9513,1.00192,4.52603,4.73478,SPOT_UNSTABLE|THERMAL_ASSOC
3.210000,thermal,50.00507,0.200192,0.49300,22.9210,0.99888,4.54523,4.73266,SPOT_UNSTABLE|THERMAL_ASSOC
3.220000,thermal,49.99431,0.200286,0.45641,22.8954,1.00195,4.54041,4.73676,SPOT_UNSTABLE|THERMAL_ASSOC
3.230000,thermal,50.00140,0.199551,0.52229,22.8811,0.99922,4.53841,4.73335,SPOT_UNSTABLE|THERMAL_ASSOC
3.240000,thermal,50.00686,0.200204,0.46527,22.8538,0.99963,4.52979,4.71062,SPOT_UNSTABLE|THERMAL_ASSOC
3.250000,thermal,49.99490,0.200441,0.51257,22.8418,1.00125,4.50902,4.71769,SPOT_UNSTABLE|THERMAL_ASSOC
3.260000,thermal,50.00122,0.200022,0.54423,22.8280,1.00050,4.50296,4.71606,SPOT_UNSTABLE|THERMAL_ASSOC
3.270000,thermal,49.99197,0.200204,0.47167,22.7992,0.99969,4.49825,4.69861,SPOT_UNSTABLE|THERMAL_ASSOC
3.280000,thermal,50.00022,0.200471,0.49437,22.7776,1.00161,4.50183,4.70550,SPOT_UNSTABLE|THERMAL_ASSOC
3.290000,thermal,50.00034,0.199718,0.47059,22.7638,1.00094,4.50663,4.71086,SPOT_UNSTABLE|THERMAL_ASSOC
3.300000,thermal,49.99403,0.199687,0.50054,22.7291,1.00036,4.50240,4.70499,SPOT_UNSTABLE|THERMAL_ASSOC
3.310000,thermal,49.99433,0.200453,0.52945,22.7186,1.00168,4.49971,4.70595,SPOT_UNSTABLE|THERMAL_ASSOC
3.320000,thermal,49.99167,0.200000,0.47847,22.7086,0.99809,4.49286,4.70620,SPOT_UNSTABLE|THERMAL_ASSOC
3.330000,thermal,49.99097,0.199605,0.45066,22.6753,0.99803,4.48303,4.68896,SPOT_UNSTABLE|THERMAL_ASSOC
3.340000,thermal,49.99433,0.199777,0.50315,22.6590,0.99941,4.48012,4.67417,SPOT_UNSTABLE|THERMAL_ASSOC
3.350000,thermal,50.00500,0.199710,0.52756,22.6550,1.00187,4.47407,4.67466,SPOT_UNSTABLE|THERMAL_ASSOC
3.360000,thermal,49.99219,0.200072,0.53827,22.6293,1.00152,4.46671,4.67210,SPOT_UNSTABLE|THERMAL_ASSOC
3.370000,thermal,50.00463,0.199887,0.48855,22.6180,1.00143,4.47352,4.68537,SPOT_UNSTABLE|THERMAL_ASSOC
3.380000,thermal,50.00627,0.200124,0.47345,22.5909,0.99945,4.45152,4.66592,SPOT_UNSTABLE|THERMAL_ASSOC
3.390000,thermal,49.99557,0.199837,0.54197,22.5774,0.99877,4.45352,4.67678,SPOT_UNSTABLE|THERMAL_ASSOC
3.400000,thermal,50.00447,0.200143,0.49557,22.5665,1.00073,4.46619,4.66781,SPOT_UNSTABLE|THERMAL_ASSOC
3.410000,thermal,50.00839,0.200217,0.47345,22.5567,0.99868,4.44094,4.65810,SPOT_UNSTABLE|THERMAL_ASSOC
3.420000,thermal,49.99259,0.200027,0.50566,22.5290,0.99807,4.44674,4.66231,SPOT_UNSTABLE|THERMAL_ASSOC
3.430000,thermal,49.99556,0.199808,0.46954,22.5241,0.99861,4.44852,4.66043,SPOT_UNSTABLE|THERMAL_ASSOC
3.440000,thermal,50.00345,0.199638,0.52364,22.5144,0.99889,4.42375,4.65215,SPOT_UNSTABLE|THERMAL_ASSOC
3.450000,thermal,49.99051,0.200404,0.50799,22.4930,1.00113,4.43036,4.66025,SPOT_UNSTABLE|THERMAL_ASSOC
3.460000,thermal,49.99651,0.199607,0.53160,22.4907,0.99830,4.42591,4.64645,SPOT_UNSTABLE|THERMAL_ASSOC
3.470000,thermal,50.00364,0.200263,0.51914,22.4781,0.99853,4.42028,4.64389,SPOT_UNSTABLE|THERMAL_ASSOC
3.480000,thermal,50.00183,0.200440,0.47301,22.4485,1.00038,4.42820,4.66162,SPOT_UNSTABLE|THERMAL_ASSOC
3.490000,thermal,49.99919,0.199670,0.49407,22.4531,0.99821,4.42572,4.66163,SPOT_UNSTABLE|THERMAL_ASSOC
3.500000,thermal,49.99400,0.200431,0.48219,22.4346,1.00139,4.42896,4.63914,SPOT_UNSTABLE|THERMAL_ASSOC
3.510000,thermal,49.99557,0.200454,0.54658,22.4232,0.99892,4.42654,4.65839,SPOT_UNSTABLE|THERMAL_ASSOC
3.520000,thermal,50.00778,0.199781,0.54621,22.4132,1.00040,4.40647,4.63442,SPOT_UNSTABLE|THERMAL_ASSOC
3.530000,thermal,50.00931,0.199515,0.53680,22.4076,0.99958,4.41061,4.63821,SPOT_UNSTABLE|THERMAL_ASSOC
3.540000,thermal,50.00609,0.199695,0.53130,22.3962,1.00123,4.41782,4.65024,SPOT_UNSTABLE|THERMAL_ASSOC
3.550000,thermal,50.00229,0.200288,0.48806,22.3922,0.99836,4.39654,4.62444,SPOT_UNSTABLE|THERMAL_ASSOC
3.560000,thermal,50.00685,0.200423,0.51994,22.3710,1.00028,4.40680,4.62794,SPOT_UNSTABLE|THERMAL_ASSOC
3.570000,thermal,50.00280,0.200018,0.48368,22.3609,1.00056,4.39258,4.62300,SPOT_UNSTABLE|THERMAL_ASSOC
3.580000,thermal,50.00606,0.199521,0.53323,22.3635,0.99979,4.41598,4.64203,SPOT_UNSTABLE|THERMAL_ASSOC
3.590000,thermal,49.99665,0.200484,0.47187,22.3578,1.00122,4.40834,4.62461,SPOT_UNSTABLE|THERMAL_ASSOC
3.600000,thermal,50.00550,0.200327,0.53791,22.3436,1.00045,4.39734,4.63085,SPOT_UNSTABLE|THERMAL_ASSOC
3.610000,thermal,49.99377,0.199706,0.54120,22.3400,0.99995,4.39812,4.63011,SPOT_UNSTABLE|THERMAL_ASSOC
3.620000,thermal,50.00099,0.200158,0.48943,22.3459,1.00009,4.38826,4.63887,SPOT_UNSTABLE|THERMAL_ASSOC
3.630000,thermal,49.99219,0.200056,0.51299,22.3261,1.00114,4.39940,4.63284,SPOT_UNSTABLE|THERMAL_ASSOC
3.640000,thermal,49.99821,0.200216,0.52305,22.3242,0.99999,4.39139,4.61784,SPOT_UNSTABLE|THERMAL_ASSOC
3.650000,thermal,49.99430,0.200336,0.53610,22.3307,0.99952,4.39270,4.64054,SPOT_UNSTABLE|THERMAL_ASSOC
3.660000,thermal,49.99258,0.200144,0.50567,22.3159,0.99808,4.39073,4.61536,NONE
3.670000,thermal,50.00238,0.199611,0.52028,22.3165,1.00059,4.40856,4.62781,NONE
3.680000,thermal,50.00559,0.199711,0.48231,22.3221,1.00067,4.39836,4.63287,NONE
3.690000,thermal,50.00183,0.200214,0.51345,22.3184,1.00013,4.38809,4.63641,NONE
3.700000,thermal,50.00673,0.199706,0.52542,22.3090,0.99984,4.38865,4.61241,NONE
3.710000,thermal,49.99384,0.200205,0.47096,22.3152,0.99964,4.38537,4.61577,NONE
3.720000,thermal,49.99544,0.199961,0.50259,22.3065,0.99849,4.39681,4.63424,NONE
3.730000,thermal,49.99394,0.199889,0.48871,22.3143,0.99800,4.40630,4.61733,NONE
3.740000,thermal,50.00674,0.199972,0.45045,22.3115,0.99966,4.40739,4.63832,NONE
3.750000,thermal,49.99187,0.199733,0.53207,22.3166,1.00026,4.37985,4.63529,NONE
3.760000,thermal,50.00413,0.199937,0.46129,22.3023,0.99862,4.38337,4.62216,NONE
3.770000,thermal,50.00181,0.200358,0.49596,22.3130,0.99802,4.39731,4.63045,NONE
3.780000,thermal,50.00962,0.199770,0.48455,22.3102,0.99930,4.39921,4.63937,NONE
3.790000,thermal,50.00179,0.200085,0.53357,22.3107,1.00116,4.40362,4.61409,NONE
3.800000,thermal,50.00042,0.199810,0.49971,22.3153,0.99858,4.40913,4.61727,NONE
3.810000,thermal,49.99785,0.200114,0.49959,22.3117,1.00145,4.39506,4.61297,NONE
3.820000,thermal,49.99045,0.200068,0.46140,22.3240,1.00195,4.38576,4.62201,NONE
3.830000,thermal,49.99456,0.199562,0.52284,22.3205,0.99946,4.40070,4.61582,NONE
3.840000,thermal,49.99890,0.200097,0.53301,22.3282,1.00182,4.40227,4.63570,NONE
3.850000,thermal,49.99879,0.199672,0.46147,22.3489,0.99916,4.39374,4.63365,NONE
3.860000,thermal,50.00420,0.200357,0.54238,22.3423,0.99928,4.39432,4.62602,NONE
3.870000,thermal,49.99003,0.200281,0.45511,22.3564,1.00044,4.41353,4.64159,NONE
3.880000,thermal,49.99521,0.200475,0.49496,22.3547,1.00043,4.39335,4.63409,NONE
3.890000,thermal,49.99002,0.200414,0.48094,22.3603,1.00159,4.39393,4.62714,NONE
3.900000,thermal,49.99995,0.199516,0.49539,22.3801,0.99907,4.40255,4.64596,NONE
3.910000,thermal,49.99630,0.199552,0.49974,22.3836,1.00137,4.40781,4.62930,NONE
3.920000,thermal,50.00033,0.200459,0.54103,22.3851,0.99898,4.41721,4.64529,NONE
3.930000,thermal,50.00214,0.199863,0.54966,22.4013,0.99855,4.41557,4.64254,NONE
3.940000,thermal,50.00698,0.199960,0.49052,22.4035,1.00181,4.42475,4.63506,NONE
3.950000,thermal,50.00867,0.200462,0.46684,22.4176,1.00081,4.42668,4.64062,NONE
3.960000,thermal,49.99601,0.200346,0.45817,22.4383,1.00051,4.42291,4.64302,NONE
3.970000,thermal,49.99560,0.199767,0.48871,22.4446,0.99833,4.43235,4.65513,NONE
3.980000,thermal,49.99761,0.200116,0.47363,22.4464,0.99975,4.42952,4.64400,NONE
3.990000,thermal,49.99659,0.200153,0.48397,22.4540,1.00142,4.43269,4.66338,NONE
4.000000,thermal,49.99860,0.200111,0.45480,22.4655,1.00047,4.44050,4.67135,NONE
4.010000,thermal,49.99449,0.199568,0.45986,22.4904,1.00075,4.42955,4.64769,NONE
4.020000,thermal,49.99634,0.199531,0.50361,22.5024,1.00076,4.44669,4.67371,NONE
4.030000,thermal,49.99192,0.199530,0.47766,22.5203,0.99957,4.43322,4.66464,NONE
4.040000,thermal,50.00346,0.200167,0.52943,22.5292,0.99967,4.45115,4.67209,NONE
4.050000,thermal,49.99533,0.200147,0.46850,22.5484,1.00006,4.46479,4.65519,NONE
4.060000,thermal,49.99004,0.200140,0.46439,22.5617,1.00055,4.44849,4.66953,NONE
4.070000,thermal,49.99722,0.200371,0.53943,22.5821,0.99984,4.44273,4.66687,NONE
4.080000,thermal,50.00707,0.200169,0.54129,22.5926,1.00009,4.46449,4.68118,NONE
4.090000,thermal,50.00179,0.199934,0.50012,22.5993,0.99818,4.46881,4.68451,NONE
4.100000,thermal,49.99883,0.199520,0.48760,22.6283,0.99959,4.46776,4.67112,NONE
4.110000,thermal,49.99719,0.200092,0.48088,22.6432,1.00168,4.47256,4.68762,NONE
4.120000,thermal,50.00916,0.200277,0.53145,22.6556,1.00054,4.47458,4.69197,NONE
4.130000,thermal,50.00133,0.199753,0.45774,22.6663,0.99804,4.49072,4.69777,NONE
4.140000,thermal,49.99243,0.200147,0.54678,22.6957,0.99824,4.49326,4.69013,NONE
4.150000,thermal,50.00200,0.199636,0.50773,22.7030,0.99839,4.47659,4.69013,NONE
4.160000,thermal,50.00191,0.199552,0.46793,22.7387,0.99807,4.48336,4.69156,NONE
4.170000,thermal,50.00468,0.200006,0.49243,22.7514,0.99973,4.50991,4.70596,NONE
4.180000,thermal,50.00155,0.199975,0.50917,22.7680,1.00044,4.49980,4.70524,NONE
4.190000,thermal,49.99561,0.200232,0.46731,22.7992,1.00159,4.51850,4.73027,NONE
4.200000,thermal,49.99847,0.200412,0.51309,22.8034,0.99811,4.51811,4.72320,NONE
4.210000,thermal,49.99405,0.200057,0.54402,22.8387,0.99913,4.53390,4.72662,NONE
4.220000,thermal,49.99911,0.199870,0.45589,22.8537,1.00153,4.52834,4.72156,NONE
4.230000,thermal,50.00787,0.199994,0.54937,22.8692,1.00140,4.53399,4.74222,NONE
4.240000,thermal,49.99801,0.200311,0.53684,22.9007,1.00127,4.54668,4.74569,NONE
4.250000,thermal,49.99111,0.199928,0.53430,22.9304,1.00162,4.53942,4.72703,NONE
4.260000,thermal,49.99090,0.199704,0.50654,22.9490,1.00044,4.55862,4.75895,NONE
4.270000,thermal,49.99361,0.199611,0.54465,22.9693,1.00146,4.53866,4.76323,NONE
4.280000,thermal,50.00948,0.200071,0.52415,22.9843,0.99963,4.56205,4.75793,NONE
4.290000,thermal,50.00055,0.199659,0.47981,23.0260,1.00077,4.57109,4.77181,NONE
4.300000,thermal,50.00042,0.200153,0.50918,23.0485,1.00195,4.55466,4.76120,NONE
4.310000,thermal,50.00717,0.199601,0.49122,23.0745,1.00106,4.57989,4.75502,NONE
4.320000,thermal,50.00115,0.199532,0.45017,23.0918,1.00070,4.57493,4.76457,NONE
4.330000,thermal,49.99024,0.199955,0.51649,23.1209,1.00044,4.59976,4.79126,NONE
4.340000,thermal,49.99754,0.200496,0.48145,23.1490,0.99921,4.59056,4.78571,NONE
4.350000,thermal,50.00594,0.199866,0.46299,23.1675,1.00151,4.60841,4.77706,NONE
4.360000,thermal,50.00834,0.200445,0.52148,23.2004,1.00170,4.59105,4.79589,NONE
4.370000,thermal,49.99396,0.199960,0.45331,23.2256,1.00018,4.62011,4.80456,NONE
4.380000,thermal,50.00576,0.199961,0.51408,23.2569,1.00007,4.61202,4.79070,NONE
4.390000,thermal,50.00121,0.199535,0.48023,23.2701,0.99892,4.63302,4.80422,NONE
4.400000,thermal,49.99633,0.199787,0.50688,23.3091,0.99829,4.62684,4.81274,NONE
4.410000,thermal,50.00750,0.200284,0.49707,23.3307,1.00051,4.63446,4.81896,NONE
4.420000,thermal,50.00759,0.200415,0.47236,23.3711,1.00173,4.65595,4.81440,SPOT_UNSTABLE|THERMAL_ASSOC
4.430000,thermal,49.99981,0.200326,0.54674,23.3965,0.99868,4.65901,4.83917,SPOT_UNSTABLE|THERMAL_ASSOC
4.440000,thermal,50.00073,0.199903,0.50621,23.4254,1.00065,4.64495,4.84486,SPOT_UNSTABLE|THERMAL_ASSOC
4.450000,thermal,49.99424,0.199640,0.51563,23.4494,1.00180,4.65732,4.83404,SPOT_UNSTABLE|THERMAL_ASSOC
4.460000,thermal,49.99295,0.200447,0.45685,23.4844,0.99893,4.67856,4.84824,SPOT_UNSTABLE|THERMAL_ASSOC
4.470000,thermal,50.00507,0.199917,0.54338,23.5105,0.99967,4.66879,4.83706,SPOT_UNSTABLE|THERMAL_ASSOC
4.480000,thermal,49.99249,0.200163,0.53056,23.5377,0.99881,4.68867,4.84833,SPOT_UNSTABLE|THERMAL_ASSOC
4.490000,thermal,50.00101,0.199686,0.53167,23.5734,0.99946,4.70281,4.84744,SPOT_UNSTABLE|THERMAL_ASSOC
4.500000,thermal,50.00010,0.200142,0.50899,23.6060,1.00037,4.70947,4.85374,SPOT_UNSTABLE|THERMAL_ASSOC
4.510000,thermal,49.99031,0.200048,0.53263,23.6357,1.00155,4.70028,4.86757,SPOT_UNSTABLE|THERMAL_ASSOC
4.520000,thermal,49.99969,0.200050,0.49236,23.6616,1.00017,4.72139,4.88540,SPOT_UNSTABLE|THERMAL_ASSOC
4.530000,thermal,49.99019,0.199957,0.46418,23.7023,0.99905,4.72438,4.88591,SPOT_UNSTABLE|THERMAL_ASSOC
4.540000,thermal,50.00384,0.200083,0.47273,23.7347,1.00066,4.73699,4.89992,SPOT_UNSTABLE|THERMAL_ASSOC
4.550000,thermal,50.00364,0.200352,0.45389,23.7723,1.00118,4.72658,4.89715,SPOT_UNSTABLE|THERMAL_ASSOC
4.560000,thermal,50.00338,0.199843,0.52873,23.7910,0.99918,4.73530,4.88757,SPOT_UNSTABLE|THERMAL_ASSOC
4.570000,thermal,49.99915,0.199964,0.45998,23.8336,1.00009,4.75387,4.91307,SPOT_UNSTABLE|THERMAL_ASSOC
4.580000,thermal,49.99075,0.200393,0.54803,23.8598,1.00019,4.75732,4.92592,SPOT_UNSTABLE|THERMAL_ASSOC
4.590000,thermal,50.00711,0.200149,0.51412,23.8989,1.00147,4.76751,4.93151,SPOT_UNSTABLE|THERMAL_ASSOC
4.600000,thermal,50.00959,0.200337,0.50663,23.9332,1.00015,4.77044,4.92006,SPOT_UNSTABLE|THERMAL_ASSOC
4.610000,thermal,50.00265,0.199853,0.48229,23.9630,0.99822,4.77451,4.92287,SPOT_UNSTABLE|THERMAL_ASSOC
4.620000,thermal,50.00606,0.199852,0.49725,24.0058,0.99850,4.79772,4.93073,SPOT_UNSTABLE|THERMAL_ASSOC
4.630000,thermal,49.99898,0.199670,0.50369,24.0425,1.00074,4.80141,4.94598,SPOT_UNSTABLE|THERMAL_ASSOC
4.640000,thermal,50.00471,0.200249,0.48316,24.0673,0.99894,4.82325,4.95365,SPOT_UNSTABLE|THERMAL_ASSOC
4.650000,thermal,49.99948,0.200209,0.54860,24.1123,1.00039,4.82982,4.96515,SPOT_UNSTABLE|THERMAL_ASSOC
4.660000,thermal,50.00183,0.200391,0.49017,24.1489,0.99948,4.82136,4.95970,SPOT_UNSTABLE|THERMAL_ASSOC
4.670000,thermal,49.99237,0.200469,0.49192,24.1650,0.99993,4.83290,4.96903,SPOT_UNSTABLE|THERMAL_ASSOC
4.680000,thermal,50.00644,0.200244,0.51945,24.2162,0.99882,4.84095,4.98691,SPOT_UNSTABLE|THERMAL_ASSOC
4.690000,thermal,50.00902,0.199874,0.53515,24.2447,1.00076,4.85800,4.97702,SPOT_UNSTABLE|THERMAL_ASSOC
4.700000,thermal,50.00121,0.199507,0.49890,24.2729,0.99990,4.84896,4.98476,SPOT_UNSTABLE|THERMAL_ASSOC
4.710000,thermal,50.00878,0.199991,0.48214,24.3199,1.00163,4.87999,5.00143,SPOT_UNSTABLE|THERMAL_ASSOC
4.720000,thermal,50.00753,0.199757,0.47162,24.3623,0.99998,4.88552,4.98992,SPOT_UNSTABLE|THERMAL_ASSOC
4.730000,thermal,50.00881,0.199885,0.48998,24.3940,1.00198,4.88877,5.02179,SPOT_UNSTABLE|THERMAL_ASSOC
4.740000,thermal,49.99842,0.200403,0.47829,24.4201,1.00161,4.89003,5.02286,SPOT_UNSTABLE|THERMAL_ASSOC
4.750000,thermal,50.00993,0.199534,0.53089,24.4583,1.00029,4.89121,5.03135,SPOT_UNSTABLE|THERMAL_ASSOC
4.760000,thermal,49.99440,0.200017,0.50727,24.5043,1.00010,4.89893,5.01744,SPOT_UNSTABLE|THERMAL_ASSOC
4.770000,thermal,50.00899,0.199901,0.52194,24.5385,0.99967,4.92723,5.04406,SPOT_UNSTABLE|THERMAL_ASSOC
4.780000,thermal,49.99912,0.199887,0.49298,24.5767,1.00100,4.91356,5.03484,SPOT_UNSTABLE|THERMAL_ASSOC
4.790000,thermal,49.99627,0.200097,0.46097,24.6059,0.99983,4.94111,5.05305,SPOT_UNSTABLE|THERMAL_ASSOC
4.800000,thermal,50.00792,0.199965,0.52079,24.6387,0.99953,4.94833,5.06753,SPOT_UNSTABLE|THERMAL_ASSOC
4.810000,thermal,50.00459,0.199711,0.45773,24.6751,1.00058,4.96685,5.05754,SPOT_UNSTABLE|THERMAL_ASSOC
4.820000,thermal,49.99089,0.200341,0.47699,24.7175,0.99803,4.97621,5.08399,SPOT_UNSTABLE|THERMAL_ASSOC
4.830000,thermal,50.00577,0.199835,0.52307,24.7615,0.99959,4.97990,5.09414,SPOT_UNSTABLE|THERMAL_ASSOC
4.840000,thermal,49.99853,0.199971,0.54615,24.7910,0.99824,4.97770,5.07886,SPOT_UNSTABLE|THERMAL_ASSOC
4.850000,thermal,49.99156,0.199698,0.48422,24.8364,0.99827,4.98093,5.09947,SPOT_UNSTABLE|THERMAL_ASSOC
4.860000,thermal,49.99848,0.200297,0.53671,24.8788,1.00029,5.00279,5.10157,SPOT_UNSTABLE|THERMAL_ASSOC
4.870000,thermal,49.99120,0.200117,0.48550,24.9082,0.99911,5.01046,5.11434,SPOT_UNSTABLE|THERMAL_ASSOC
4.880000,thermal,49.99284,0.199528,0.49042,24.9510,1.00043,5.01979,5.10737,SPOT_UNSTABLE|THERMAL_ASSOC
4.890000,thermal,49.99753,0.200363,0.51816,24.9932,0.99894,5.01976,5.13299,SPOT_UNSTABLE|THERMAL_ASSOC
4.900000,thermal,50.00358,0.200422,0.53333,25.0158,0.99861,5.04194,5.14371,SPOT_UNSTABLE|THERMAL_ASSOC
4.910000,thermal,49.99962,0.200420,0.45703,25.0587,1.00074,5.04361,5.12566,SPOT_UNSTABLE|THERMAL_ASSOC
4.920000,thermal,49.99389,0.200354,0.53655,25.1078,0.99966,5.05994,5.13076,SPOT_UNSTABLE|THERMAL_ASSOC
4.930000,thermal,50.00323,0.200266,0.47060,25.1373,0.99912,5.06790,5.14647,SPOT_UNSTABLE|THERMAL_ASSOC
4.940000,thermal,49.99366,0.199954,0.50560,25.1826,0.99954,5.05702,5.17170,SPOT_UNSTABLE|THERMAL_ASSOC
4.950000,thermal,50.00217,0.199528,0.47210,25.2146,0.99827,5.08978,5.17180,SPOT_UNSTABLE|THERMAL_ASSOC
4.960000,thermal,50.00233,0.199554,0.48880,25.2472,0.99859,5.10035,5.16643,SPOT_UNSTABLE|THERMAL_ASSOC
4.970000,thermal,49.99545,0.199992,0.49803,25.2978,1.00187,5.10363,5.16613,SPOT_UNSTABLE|THERMAL_ASSOC
4.980000,thermal,50.00977,0.199894,0.51882,25.3398,1.00121,5.11998,5.19526,SPOT_UNSTABLE|THERMAL_ASSOC
4.990000,thermal,50.00795,0.199799,0.49350,25.3709,1.00092,5.12301,5.20182,SPOT_UNSTABLE|THERMAL_ASSOC
5.000000,thermal,49.99070,0.199780,0.45936,25.4193,0.99809,5.11164,5.19618,SPOT_UNSTABLE|THERMAL_ASSOC
5.010000,thermal,49.99754,0.200014,0.45761,25.4528,0.99924,5.12010,5.20588,SPOT_UNSTABLE|THERMAL_ASSOC
5.020000,thermal,50.00778,0.200491,0.45108,25.4810,0.99999,5.14323,5.21585,SPOT_UNSTABLE|THERMAL_ASSOC
5.030000,thermal,50.00018,0.200458,0.51191,25.5184,0.99865,5.14041,5.21088,SPOT_UNSTABLE|THERMAL_ASSOC
5.040000,thermal,50.00786,0.199562,0.51940,25.5670,0.99977,5.16517,5.23856,SPOT_UNSTABLE|THERMAL_ASSOC
5.050000,thermal,50.00840,0.199544,0.50856,25.6027,1.00160,5.17528,5.24575,SPOT_UNSTABLE|THERMAL_ASSOC
5.060000,thermal,49.99289,0.199824,0.45263,25.6497,1.00042,5.18231,5.25441,SPOT_UNSTABLE|THERMAL_ASSOC
5.070000,thermal,49.99814,0.200162,0.54715,25.6813,1.00022,5.17802,5.24803,SPOT_UNSTABLE|THERMAL_ASSOC
5.080000,thermal,49.99597,0.200213,0.46323,25.7141,0.99891,5.20790,5.25698,SPOT_UNSTABLE|THERMAL_ASSOC
5.090000,thermal,50.00580,0.199745,0.52689,25.7553,0.99960,5.21507,5.27789,SPOT_UNSTABLE|THERMAL_ASSOC
5.100000,thermal,49.99207,0.199527,0.53933,25.7901,1.00175,5.21940,5.27571,SPOT_UNSTABLE|THERMAL_ASSOC
5.110000,thermal,49.99344,0.200320,0.48077,25.8354,0.99994,5.21120,5.28885,SPOT_UNSTABLE|THERMAL_ASSOC
5.120000,thermal,50.00701,0.200007,0.45881,25.8749,1.00153,5.23839,5.28952,SPOT_UNSTABLE|THERMAL_ASSOC
5.130000,thermal,49.99507,0.199905,0.52575,25.8991,1.00137,5.23186,5.28653,SPOT_UNSTABLE|THERMAL_ASSOC
5.140000,thermal,49.99401,0.199947,0.50613,25.9530,0.99968,5.26542,5.30880,SPOT_UNSTABLE|THERMAL_ASSOC
5.150000,thermal,49.99388,0.199905,0.47469,25.9933,0.99855,5.26544,5.30802,SPOT_UNSTABLE|THERMAL_ASSOC
5.160000,thermal,49.99120,0.199523,0.48314,26.0315,1.00080,5.27062,5.32364,SPOT_UNSTABLE|THERMAL_ASSOC
5.170000,thermal,50.00907,0.200444,0.49852,26.0663,1.00077,5.27778,5.30567,SPOT_UNSTABLE|THERMAL_ASSOC
5.180000,thermal,49.99146,0.200295,0.47146,26.0891,0.99853,5.27580,5.32049,SPOT_UNSTABLE|THERMAL_ASSOC
5.190000,thermal,49.99344,0.199737,0.45549,26.1318,1.00017,5.29081,5.32449,SPOT_UNSTABLE|THERMAL_ASSOC
5.200000,thermal,49.99436,0.200359,0.46595,26.1717,1.00050,5.28924,5.34653,SPOT_UNSTABLE|THERMAL_ASSOC
5.210000,thermal,49.99034,0.199847,0.52685,26.2099,1.00123,5.30989,5.34617,SPOT_UNSTABLE|THERMAL_ASSOC
5.220000,thermal,50.00549,0.199574,0.48861,26.2427,0.99856,5.31260,5.36662,SPOT_UNSTABLE|THERMAL_ASSOC
5.230000,thermal,49.99188,0.200474,0.46923,26.2787,1.00076,5.32089,5.34946,SPOT_UNSTABLE|THERMAL_ASSOC
5.240000,thermal,50.00646,0.199601,0.49016,26.3255,0.99859,5.34803,5.37948,SPOT_UNSTABLE|THERMAL_ASSOC
5.250000,thermal,49.99140,0.199893,0.52076,26.3674,1.00096,5.36179,5.38085,SPOT_UNSTABLE|THERMAL_ASSOC
5.260000,thermal,49.99639,0.200338,0.48482,26.3866,0.99953,5.34316,5.38285,SPOT_UNSTABLE|THERMAL_ASSOC
5.270000,thermal,49.99222,0.199797,0.53624,26.4232,1.00001,5.36437,5.38470,SPOT_UNSTABLE|THERMAL_ASSOC
5.280000,thermal,50.00862,0.199754,0.52246,26.4602,1.00085,5.37003,5.40203,SPOT_UNSTABLE|THERMAL_ASSOC
5.290000,thermal,49.99418,0.199793,0.48317,26.5059,0.99819,5.37360,5.40427,SPOT_UNSTABLE|THERMAL_ASSOC
5.300000,thermal,49.99099,0.199575,0.51426,26.5419,0.99930,5.39295,5.39474,SPOT_UNSTABLE|THERMAL_ASSOC
5.310000,thermal,50.00978,0.199519,0.46083,26.5778,0.99808,5.38521,5.41651,SPOT_UNSTABLE|THERMAL_ASSOC
5.320000,thermal,49.99060,0.200034,0.47255,26.6040,0.99938,5.41618,5.40911,SPOT_UNSTABLE|THERMAL_ASSOC
5.330000,thermal,49.99435,0.200084,0.51586,26.6508,1.00015,5.42989,5.44089,SPOT_UNSTABLE|THERMAL_ASSOC
5.340000,thermal,50.00091,0.200265,0.53564,26.6733,0.99862,5.42766,5.43410,SPOT_UNSTABLE|THERMAL_ASSOC
5.350000,thermal,49.99095,0.199611,0.47532,26.7253,0.99926,5.43454,5.44792,SPOT_UNSTABLE|THERMAL_ASSOC
5.360000,thermal,49.99607,0.200201,0.50439,26.7481,1.00007,5.42602,5.46200,SPOT_UNSTABLE|THERMAL_ASSOC
5.370000,thermal,50.00178,0.200396,0.50911,26.7823,1.00047,5.45271,5.44317,SPOT_UNSTABLE|THERMAL_ASSOC
5.380000,thermal,49.99166,0.200409,0.45045,26.8140,1.00066,5.45738,5.44606,SPOT_UNSTABLE|THERMAL_ASSOC
5.390000,thermal,50.00535,0.200362,0.52338,26.8501,1.00172,5.46517,5.46921,SPOT_UNSTABLE|THERMAL_ASSOC
5.400000,thermal,49.99783,0.200352,0.54802,26.8852,0.99990,5.48217,5.48143,SPOT_UNSTABLE|THERMAL_ASSOC
5.410000,thermal,49.99271,0.200456,0.48227,26.9125,0.99862,5.47397,5.47836,SPOT_UNSTABLE|THERMAL_ASSOC
5.420000,thermal,50.00702,0.199567,0.46289,26.9603,0.99879,5.49284,5.47893,SPOT_UNSTABLE|THERMAL_ASSOC
5.430000,thermal,49.99971,0.200185,0.51209,26.9954,1.00166,5.50690,5.48453,SPOT_UNSTABLE|THERMAL_ASSOC
5.440000,thermal,49.99016,0.200352,0.48515,27.0275,0.99993,5.49718,5.49851,SPOT_UNSTABLE|THERMAL_ASSOC
5.450000,thermal,49.99490,0.199924,0.46738,27.0574,1.00019,5.51957,5.50060,SPOT_UNSTABLE|THERMAL_ASSOC
5.460000,thermal,49.99862,0.200225,0.54717,27.0798,0.99891,5.53147,5.49643,SPOT_UNSTABLE|THERMAL_ASSOC
5.470000,thermal,50.00689,0.199773,0.48764,27.1171,1.00083,5.53854,5.50973,SPOT_UNSTABLE|THERMAL_ASSOC
5.480000,thermal,49.99047,0.199821,0.50732,27.1495,1.00113,5.53942,5.52687,SPOT_UNSTABLE|THERMAL_ASSOC
5.490000,thermal,49.99147,0.199939,0.45301,27.1861,1.00161,5.55441,5.54200,SPOT_UNSTABLE|THERMAL_ASSOC
5.500000,thermal,49.99525,0.199500,0.53342,27.2044,0.99983,5.54841,5.53931,SPOT_UNSTABLE|THERMAL_ASSOC
5.510000,thermal,50.00858,0.199610,0.51417,27.2455,0.99990,5.56975,5.55399,SPOT_UNSTABLE|THERMAL_ASSOC
5.520000,thermal,50.00746,0.199840,0.46966,27.2698,0.99871,5.56178,5.54671,SPOT_UNSTABLE|THERMAL_ASSOC
5.530000,thermal,49.99448,0.200464,0.53059,27.3120,1.00009,5.58568,5.54428,SPOT_UNSTABLE|THERMAL_ASSOC
5.540000,thermal,49.99166,0.200026,0.54783,27.3406,1.00018,5.56514,5.56079,SPOT_UNSTABLE|THERMAL_ASSOC
5.550000,thermal,49.99496,0.200065,0.46060,27.3756,1.00058,5.58363,5.57555,SPOT_UNSTABLE|THERMAL_ASSOC
5.560000,thermal,49.99797,0.199818,0.48905,27.3877,1.00017,5.58464,5.55908,SPOT_UNSTABLE|THERMAL_ASSOC
5.570000,thermal,50.00412,0.199810,0.51033,27.4179,0.99832,5.60872,5.55977,SPOT_UNSTABLE|THERMAL_ASSOC
5.580000,thermal,50.00150,0.200027,0.46829,27.4593,1.00123,5.60586,5.58796,SPOT_UNSTABLE|THERMAL_ASSOC
5.590000,thermal,50.00993,0.199553,0.52495,27.4866,1.00088,5.59829,5.58900,SPOT_UNSTABLE|THERMAL_ASSOC
5.600000,thermal,49.99975,0.200172,0.45981,27.5173,1.00074,5.62193,5.58618,SPOT_UNSTABLE|THERMAL_ASSOC
5.610000,thermal,49.99453,0.199932,0.49899,27.5502,0.99873,5.62755,5.58830,SPOT_UNSTABLE|THERMAL_ASSOC
5.620000,thermal,50.00417,0.199895,0.48118,27.5675,1.00002,5.62927,5.60873,SPOT_UNSTABLE|THERMAL_ASSOC
5.630000,thermal,49.99524,0.200496,0.45107,27.6025,1.00060,5.63312,5.59950,SPOT_UNSTABLE|THERMAL_ASSOC
5.640000,thermal,49.99219,0.199752,0.48567,27.6262,0.99938,5.63683,5.62094,SPOT_UNSTABLE|THERMAL_ASSOC
5.650000,thermal,49.99210,0.200364,0.45660,27.6433,0.99907,5.65966,5.61368,SPOT_UNSTABLE|THERMAL_ASSOC
5.660000,thermal,50.00012,0.199824,0.45042,27.6731,1.00039,5.65100,5.61106,SPOT_UNSTABLE|THERMAL_ASSOC
5.670000,thermal,49.99195,0.200073,0.51725,27.7038,0.99925,5.67317,5.61641,SPOT_UNSTABLE|THERMAL_ASSOC
5.680000,thermal,50.00246,0.200187,0.45111,27.7311,0.99911,5.67090,5.62666,SPOT_UNSTABLE|THERMAL_ASSOC
5.690000,thermal,49.99724,0.199903,0.47447,27.7610,1.00174,5.67198,5.63146,SPOT_UNSTABLE|THERMAL_ASSOC
5.700000,thermal,49.99442,0.200276,0.53463,27.7769,0.99816,5.67915,5.63948,SPOT_UNSTABLE|THERMAL_ASSOC
5.710000,thermal,50.00277,0.199989,0.50151,27.8111,1.00163,5.70227,5.64660,SPOT_UNSTABLE|THERMAL_ASSOC
5.720000,thermal,49.99893,0.199557,0.48084,27.8276,1.00070,5.69806,5.63501,SPOT_UNSTABLE|THERMAL_ASSOC
5.730000,thermal,50.00555,0.200397,0.54145,27.8443,0.99884,5.70267,5.64655,SPOT_UNSTABLE|THERMAL_ASSOC
5.740000,thermal,49.99325,0.200350,0.51344,27.8718,0.99804,5.69336,5.65040,SPOT_UNSTABLE|THERMAL_ASSOC
5.750000,thermal,50.00351,0.199745,0.45329,27.9033,0.99918,5.70335,5.66506,SPOT_UNSTABLE|THERMAL_ASSOC
5.760000,thermal,49.99932,0.200083,0.46063,27.9153,0.99965,5.72240,5.66816,SPOT_UNSTABLE|THERMAL_ASSOC
5.770000,thermal,50.00932,0.200250,0.49088,27.9425,0.99945,5.71069,5.65744,SPOT_UNSTABLE|THERMAL_ASSOC
5.780000,thermal,50.00295,0.200330,0.50871,27.9729,1.00062,5.72481,5.67622,SPOT_UNSTABLE|THERMAL_ASSOC
5.790000,thermal,49.99735,0.200157,0.52610,27.9783,1.00040,5.74153,5.68790,SPOT_UNSTABLE|THERMAL_ASSOC
5.800000,thermal,50.00567,0.199743,0.51799,28.0079,1.00130,5.74614,5.66830,SPOT_UNSTABLE|THERMAL_ASSOC
5.810000,thermal,50.00530,0.199501,0.54520,28.0287,0.99890,5.75268,5.68062,SPOT_UNSTABLE|THERMAL_ASSOC
5.820000,thermal,50.00640,0.199976,0.51181,28.0498,0.99893,5.74247,5.67489,SPOT_UNSTABLE|THERMAL_ASSOC
5.830000,thermal,49.99013,0.200088,0.45094,28.0705,1.00039,5.74346,5.69053,SPOT_UNSTABLE|THERMAL_ASSOC
5.840000,thermal,50.00324,0.199995,0.48621,28.0969,0.99820,5.75168,5.68542,SPOT_UNSTABLE|THERMAL_ASSOC
5.850000,thermal,49.99966,0.199590,0.50054,28.1053,0.99870,5.77430,5.69685,SPOT_UNSTABLE|THERMAL_ASSOC
5.860000,thermal,49.99632,0.200343,0.45277,28.1346,1.00097,5.77825,5.70975,SPOT_UNSTABLE|THERMAL_ASSOC
5.870000,thermal,49.99023,0.199648,0.45511,28.1430,1.00080,5.76354,5.69106,SPOT_UNSTABLE|THERMAL_ASSOC
5.880000,thermal,50.00565,0.200015,0.50008,28.1699,0.99844,5.75919,5.71145,SPOT_UNSTABLE|THERMAL_ASSOC
5.890000,thermal,50.00613,0.200167,0.51847,28.1899,0.99881,5.78032,5.70803,SPOT_UNSTABLE|THERMAL_ASSOC
5.900000,thermal,49.99030,0.200180,0.47220,28.2055,0.99971,5.77102,5.70143,SPOT_UNSTABLE|THERMAL_ASSOC
5.910000,thermal,50.00139,0.200323,0.45614,28.2186,1.00038,5.79541,5.72667,SPOT_UNSTABLE|THERMAL_ASSOC
5.920000,thermal,49.99344,0.200145,0.49683,28.2226,0.99910,5.78853,5.72678,SPOT_UNSTABLE|THERMAL_ASSOC
5.930000,thermal,49.99818,0.199553,0.51699,28.2391,1.00095,5.80577,5.71117,SPOT_UNSTABLE|THERMAL_ASSOC
5.940000,thermal,49.99708,0.200204,0.48205,28.2710,1.00091,5.78751,5.74157,SPOT_UNSTABLE|THERMAL_ASSOC
5.950000,thermal,50.00203,0.199798,0.48546,28.2763,1.00123,5.81445,5.72795,SPOT_UNSTABLE|THERMAL_ASSOC
5.960000,thermal,49.99810,0.200446,0.52067,28.2931,0.99958,5.80207,5.72223,SPOT_UNSTABLE|THERMAL_ASSOC
5.970000,thermal,50.00124,0.199714,0.47811,28.3087,0.99864,5.80748,5.73324,SPOT_UNSTABLE|THERMAL_ASSOC
5.980000,thermal,50.00898,0.199800,0.52607,28.3241,1.00020,5.81484,5.74518,SPOT_UNSTABLE|THERMAL_ASSOC
5.990000,thermal,50.00938,0.200426,0.52160,28.3297,1.00102,5.81449,5.75412,SPOT_UNSTABLE|THERMAL_ASSOC
6.000000,thermal,50.00891,0.199550,0.45435,28.3515,0.99891,5.80214,5.73739,SPOT_UNSTABLE|THERMAL_ASSOC
6.010000,thermal,49.99591,0.199857,0.51405,28.3593,0.99862,5.81312,5.74854,SPOT_UNSTABLE|THERMAL_ASSOC
6.020000,thermal,49.99994,0.199938,0.47587,28.3615,0.99805,5.82766,5.74635,SPOT_UNSTABLE|THERMAL_ASSOC
6.030000,thermal,49.99193,0.199599,0.53754,28.3823,0.99833,5.81968,5.73898,SPOT_UNSTABLE|THERMAL_ASSOC
6.040000,thermal,50.00476,0.200220,0.52625,28.3993,1.00177,5.81468,5.75351,SPOT_UNSTABLE|THERMAL_ASSOC
6.050000,thermal,50.00799,0.200011,0.45934,28.3953,0.99941,5.83228,5.75719,SPOT_UNSTABLE|THERMAL_ASSOC
6.060000,thermal,49.99408,0.200356,0.52359,28.4066,1.00174,5.81985,5.74920,SPOT_UNSTABLE|THERMAL_ASSOC
6.070000,thermal,49.99860,0.199503,0.49183,28.4261,0.99929,5.82970,5.76558,SPOT_UNSTABLE|THERMAL_ASSOC
6.080000,thermal,49.99800,0.200294,0.46639,28.4242,0.99942,5.82786,5.76681,SPOT_UNSTABLE|THERMAL_ASSOC
6.090000,thermal,50.00643,0.200193,0.48104,28.4354,1.00163,5.85157,5.77145,NONE
6.100000,thermal,49.99427,0.200309,0.45712,28.4427,1.00102,5.82858,5.76371,NONE
6.110000,thermal,49.99811,0.199977,0.51835,28.4503,0.99880,5.84400,5.76442,NONE
6.120000,thermal,50.00270,0.199935,0.50978,28.4547,1.00023,5.85215,5.77548,NONE
6.130000,thermal,49.99494,0.200029,0.52413,28.4739,1.00180,5.85334,5.76349,NONE
6.140000,thermal,50.00550,0.200428,0.52872,28.4842,1.00089,5.83579,5.76341,NONE
6.150000,thermal,50.00694,0.200478,0.49426,28.4735,0.99830,5.84861,5.75810,NONE
6.160000,thermal,50.00434,0.200360,0.47056,28.4882,1.00190,5.85577,5.78101,NONE
6.170000,thermal,50.00843,0.199931,0.53438,28.5005,0.99829,5.86502,5.75628,NONE
6.180000,thermal,49.99278,0.200482,0.45304,28.5016,0.99970,5.85974,5.75944,NONE
6.190000,thermal,50.00938,0.200382,0.49080,28.4989,0.99958,5.86599,5.77250,NONE
6.200000,thermal,49.99328,0.200466,0.53546,28.5089,0.99825,5.84686,5.76238,NONE
6.210000,thermal,49.99000,0.200197,0.52587,28.5074,0.99913,5.84353,5.76634,NONE
6.220000,thermal,49.99815,0.200101,0.49557,28.4999,0.99838,5.86689,5.77304,NONE
6.230000,thermal,49.99801,0.200090,0.53677,28.5149,0.99856,5.84649,5.77206,NONE
6.240000,thermal,50.00900,0.200028,0.54982,28.5190,0.99856,5.84125,5.76867,NONE
6.250000,thermal,50.00959,0.199633,0.48528,28.5219,0.99836,5.86698,5.76476,NONE
6.260000,thermal,50.00652,0.199744,0.53719,28.5146,0.99883,5.86170,5.76605,NONE
6.270000,thermal,50.00817,0.199698,0.54927,28.5101,1.00028,5.84693,5.77447,NONE
6.280000,thermal,50.00749,0.200394,0.49484,28.5088,0.99829,5.85240,5.77349,NONE
6.290000,thermal,49.99004,0.199571,0.53025,28.5036,1.00056,5.85300,5.77048,NONE
6.300000,thermal,49.99511,0.200469,0.52606,28.5158,0.99928,5.85941,5.77633,NONE
6.310000,thermal,50.00472,0.200199,0.51138,28.5162,1.00151,5.86985,5.76723,NONE
6.320000,thermal,50.00886,0.199836,0.47925,28.4986,1.00132,5.86725,5.78196,NONE
6.330000,thermal,49.99172,0.200375,0.46383,28.5133,0.99838,5.86082,5.77721,NONE
6.340000,thermal,50.00605,0.200296,0.45266,28.4936,0.99878,5.84466,5.76274,NONE
6.350000,thermal,50.00469,0.200454,0.50152,28.4961,0.99977,5.85398,5.77649,NONE
6.360000,thermal,50.00740,0.199999,0.49410,28.4901,0.99837,5.83938,5.75857,NONE
6.370000,thermal,49.99151,0.199815,0.49243,28.4835,1.00055,5.85164,5.76284,NONE
6.380000,thermal,50.00693,0.200208,0.50876,28.4869,1.00042,5.85597,5.78168,NONE
6.390000,thermal,50.00406,0.200418,0.50419,28.4829,1.00132,5.83435,5.75554,NONE
6.400000,thermal,49.99128,0.200098,0.50389,28.4686,0.99981,5.85860,5.76161,NONE
6.410000,thermal,49.99710,0.199891,0.49924,28.4680,1.00128,5.85933,5.76778,NONE
6.420000,thermal,50.00893,0.200099,0.51663,28.4575,0.99964,5.83373,5.77468,NONE
6.430000,thermal,50.00234,0.200357,0.45670,28.4558,1.00110,5.84781,5.77837,NONE
6.440000,thermal,50.00401,0.199806,0.47260,28.4440,1.00163,5.85307,5.77760,NONE
6.450000,thermal,50.00254,0.200000,0.49044,28.4295,0.99856,5.85088,5.76621,NONE
6.460000,thermal,49.99722,0.200200,0.53899,28.4212,1.00108,5.83690,5.75415,NONE
6.470000,thermal,50.00314,0.200038,0.51163,28.4079,1.00086,5.82711,5.77079,NONE
6.480000,thermal,50.00500,0.199988,0.54799,28.4014,1.00056,5.83810,5.74635,NONE
6.490000,thermal,49.99610,0.199520,0.45636,28.3932,0.99818,5.82381,5.75147,NONE
6.500000,thermal,49.99340,0.199788,0.50605,28.3902,1.00049,5.83113,5.74172,NONE
6.510000,thermal,49.99440,0.200130,0.51973,28.3840,1.00068,5.82456,5.75926,NONE
6.520000,thermal,49.99121,0.199709,0.45268,28.3609,0.99927,5.81296,5.73500,NONE
6.530000,thermal,49.99611,0.200207,0.51478,28.3556,1.00104,5.82490,5.74471,NONE
6.540000,thermal,49.99449,0.200231,0.52022,28.3455,1.00092,5.81831,5.75134,NONE
6.550000,thermal,49.99653,0.200287,0.46288,28.3311,1.00003,5.80332,5.73527,NONE
6.560000,thermal,50.00728,0.200191,0.45539,28.3060,0.99958,5.82450,5.74684,NONE
6.570000,thermal,49.99606,0.199973,0.52849,28.3059,1.00052,5.82240,5.74304,NONE
6.580000,thermal,49.99837,0.199647,0.52469,28.2853,1.00197,5.79533,5.72648,NONE
6.590000,thermal,49.99199,0.199671,0.49187,28.2711,1.00163,5.80219,5.74013,NONE
6.600000,thermal,49.99610,0.199639,0.52075,28.2500,0.99864,5.79421,5.73813,NONE
6.610000,thermal,50.00458,0.199950,0.51440,28.2394,1.00161,5.79118,5.72116,NONE
6.620000,thermal,49.99023,0.199747,0.54667,28.2183,1.00115,5.78717,5.73866,NONE
6.630000,thermal,49.99478,0.199880,0.54862,28.2090,1.00022,5.78730,5.73317,NONE
6.640000,thermal,50.00729,0.200106,0.46124,28.1912,1.00001,5.79237,5.70380,NONE
6.650000,thermal,49.99142,0.199906,0.48635,28.1702,0.99836,5.77785,5.71786,NONE
6.660000,thermal,50.00965,0.199642,0.45132,28.1565,1.00010,5.78696,5.71173,NONE
6.670000,thermal,50.00319,0.199517,0.47757,28.1338,0.99946,5.77120,5.71318,NONE
6.680000,thermal,50.00548,0.199814,0.53954,28.1150,1.00056,5.77092,5.70019,NONE
6.690000,thermal,49.99539,0.200408,0.49876,28.0937,0.99954,5.75045,5.71631,NONE
6.700000,thermal,50.00325,0.199669,0.46718,28.0881,1.00096,5.77316,5.68391,NONE
6.710000,thermal,50.00427,0.199900,0.45595,28.0572,1.00116,5.76793,5.70096,NONE
6.720000,thermal,50.00579,0.199621,0.49489,28.0444,0.99916,5.75382,5.68068,NONE
6.730000,thermal,49.99503,0.200312,0.48339,28.0146,1.00099,5.73464,5.69452,NONE
6.740000,thermal,49.99233,0.199527,0.46924,27.9942,0.99930,5.74162,5.67725,NONE
6.750000,thermal,50.00352,0.199624,0.49754,27.9777,0.99997,5.72970,5.67809,NONE
6.760000,thermal,50.00863,0.199534,0.49170,27.9664,0.99802,5.72133,5.68753,NONE
6.770000,thermal,50.00811,0.200467,0.49630,27.9413,1.00047,5.72600,5.65993,NONE
6.780000,thermal,49.99029,0.200278,0.53033,27.9189,1.00121,5.72746,5.66134,NONE
6.790000,thermal,49.99820,0.199980,0.50964,27.8830,1.00186,5.70840,5.67452,NONE
6.800000,thermal,49.99098,0.200449,0.51410,27.8669,1.00076,5.72215,5.66058,NONE
6.810000,thermal,49.99084,0.199719,0.51731,27.8527,0.99973,5.71546,5.66944,NONE
6.820000,thermal,50.00959,0.200001,0.47702,27.8289,1.00073,5.70966,5.65602,NONE
6.830000,thermal,49.99762,0.200456,0.50807,27.7907,1.00137,5.68292,5.63520,NONE
6.840000,thermal,49.99636,0.199549,0.45458,27.7701,0.99999,5.67482,5.63128,NONE
6.850000,thermal,49.99265,0.199583,0.46905,27.7493,0.99933,5.69236,5.63385,NONE
6.860000,thermal,50.00280,0.200155,0.51079,27.7206,0.99936,5.68838,5.63498,NONE
6.870000,thermal,49.99897,0.199802,0.51957,27.6892,1.00197,5.67037,5.63332,NONE
6.880000,thermal,49.99069,0.200017,0.47046,27.6657,1.00043,5.67727,5.63761,NONE
6.890000,thermal,50.00771,0.200205,0.54783,27.6428,1.00107,5.64714,5.61322,NONE
6.900000,thermal,50.00758,0.199936,0.48049,27.6204,1.00182,5.66268,5.61977,NONE
6.910000,thermal,49.99212,0.200396,0.52668,27.5880,1.00070,5.63705,5.59549,NONE
6.920000,thermal,49.99624,0.199991,0.50631,27.5713,1.00054,5.64090,5.60340,NONE
6.930000,thermal,50.00875,0.200446,0.48354,27.5463,1.00160,5.63337,5.60677,NONE
6.940000,thermal,49.99008,0.200189,0.51698,27.5072,0.99965,5.63386,5.58140,NONE
6.950000,thermal,49.99167,0.199905,0.53444,27.4904,0.99922,5.63252,5.60128,NONE
6.960000,thermal,50.00078,0.199935,0.50607,27.4606,1.00044,5.62314,5.58262,NONE
6.970000,thermal,49.99456,0.200225,0.47070,27.4307,1.00196,5.59585,5.58903,NONE
6.980000,thermal,50.00668,0.199660,0.46597,27.3932,0.99908,5.58700,5.58390,NONE
6.990000,thermal,49.99990,0.200456,0.46388,27.3678,1.00049,5.58742,5.57748,NONE
7.000000,thermal,50.00418,0.199854,0.46306,27.3362,1.00124,5.59994,5.57710,NONE
7.010000,thermal,50.00672,0.200465,0.53794,27.2990,0.99874,5.57962,5.56100,NONE
7.020000,thermal,50.00857,0.199643,0.47989,27.2802,0.99851,5.56091,5.56188,NONE
7.030000,thermal,50.00892,0.199814,0.50174,27.2385,0.99926,5.57343,5.55464,NONE
7.040000,thermal,50.00973,0.200008,0.48146,27.2088,1.00166,5.55693,5.55329,NONE
7.050000,thermal,49.99674,0.200250,0.54799,27.1925,0.99943,5.56172,5.54270,NONE
7.060000,thermal,49.99895,0.200312,0.45478,27.1588,0.99816,5.53405,5.54182,NONE
7.070000,thermal,49.99547,0.200308,0.46130,27.1189,0.99962,5.53112,5.53102,NONE
7.080000,thermal,49.99214,0.200059,0.54764,27.0888,0.99875,5.52588,5.51157,NONE
7.090000,thermal,50.00944,0.200065,0.54547,27.0521,1.00189,5.53526,5.50111,NONE
7.100000,thermal,49.99750,0.200289,0.52321,27.0183,1.00126,5.52181,5.50384,SPOT_UNSTABLE|THERMAL_ASSOC
7.110000,thermal,50.00690,0.200469,0.53394,27.0017,1.00165,5.51889,5.49668,SPOT_UNSTABLE|THERMAL_ASSOC
7.120000,thermal,49.99962,0.199826,0.53479,26.9649,1.00087,5.50017,5.49859,SPOT_UNSTABLE|THERMAL_ASSOC
7.130000,thermal,49.99360,0.200215,0.49460,26.9391,0.99838,5.49289,5.48481,SPOT_UNSTABLE|THERMAL_ASSOC
7.140000,thermal,49.99184,0.200249,0.53898,26.9030,0.99917,5.47747,5.46865,SPOT_UNSTABLE|THERMAL_ASSOC
7.150000,thermal,50.00165,0.199630,0.53603,26.8589,1.00051,5.47397,5.48787,SPOT_UNSTABLE|THERMAL_ASSOC
7.160000,thermal,49.99219,0.200059,0.48929,26.8241,1.00169,5.47078,5.46120,SPOT_UNSTABLE|THERMAL_ASSOC
7.170000,thermal,49.99563,0.199791,0.47405,26.7874,1.00190,5.47417,5.46435,SPOT_UNSTABLE|THERMAL_ASSOC
7.180000,thermal,50.00065,0.199596,0.51473,26.7539,0.99803,5.46731,5.47175,SPOT_UNSTABLE|THERMAL_ASSOC
7.190000,thermal,49.99270,0.199975,0.48100,26.7330,0.99812,5.43352,5.45926,SPOT_UNSTABLE|THERMAL_ASSOC
7.200000,thermal,50.00323,0.199909,0.47226,26.6976,1.00120,5.44171,5.44761,SPOT_UNSTABLE|THERMAL_ASSOC
7.210000,thermal,49.99743,0.199786,0.52107,26.6621,1.00171,5.42883,5.43459,SPOT_UNSTABLE|THERMAL_ASSOC
7.220000,thermal,49.99813,0.199524,0.49832,26.6210,1.00118,5.42728,5.42423,SPOT_UNSTABLE|THERMAL_ASSOC
7.230000,thermal,50.00752,0.199755,0.53116,26.5845,1.00050,5.40185,5.42930,SPOT_UNSTABLE|THERMAL_ASSOC
7.240000,thermal,49.99678,0.200023,0.45472,26.5581,1.00075,5.41120,5.40906,SPOT_UNSTABLE|THERMAL_ASSOC
7.250000,thermal,50.00427,0.200229,0.54219,26.5260,0.99944,5.40554,5.41308,SPOT_UNSTABLE|THERMAL_ASSOC
7.260000,thermal,49.99449,0.199992,0.49890,26.4956,0.99895,5.37659,5.40739,SPOT_UNSTABLE|THERMAL_ASSOC
7.270000,thermal,50.00282,0.199667,0.50901,26.4506,0.99914,5.37684,5.40130,SPOT_UNSTABLE|THERMAL_ASSOC
7.280000,thermal,49.99744,0.200416,0.48980,26.4220,0.99990,5.37262,5.39283,SPOT_UNSTABLE|THERMAL_ASSOC
7.290000,thermal,49.99352,0.200435,0.53254,26.3805,0.99865,5.35312,5.39574,SPOT_UNSTABLE|THERMAL_ASSOC
7.300000,thermal,49.99217,0.200423,0.49857,26.3374,0.99810,5.35075,5.39561,SPOT_UNSTABLE|THERMAL_ASSOC
7.310000,thermal,49.99761,0.199639,0.47268,26.3118,0.99948,5.33644,5.38040,SPOT_UNSTABLE|THERMAL_ASSOC
7.320000,thermal,49.99527,0.199573,0.51043,26.2731,1.00011,5.33654,5.36484,SPOT_UNSTABLE|THERMAL_ASSOC
7.330000,thermal,50.00041,0.199740,0.47113,26.2303,1.00153,5.32881,5.36894,SPOT_UNSTABLE|THERMAL_ASSOC
7.340000,thermal,50.00248,0.200174,0.51074,26.1965,1.00057,5.31419,5.35947,SPOT_UNSTABLE|THERMAL_ASSOC
7.350000,thermal,49.99301,0.200477,0.48523,26.1702,1.00066,5.32362,5.36408,SPOT_UNSTABLE|THERMAL_ASSOC
7.360000,thermal,49.99287,0.200415,0.52600,26.1291,1.00129,5.29284,5.34764,SPOT_UNSTABLE|THERMAL_ASSOC
7.370000,thermal,50.00154,0.200328,0.48408,26.0893,0.99933,5.29556,5.33408,SPOT_UNSTABLE|THERMAL_ASSOC
7.380000,thermal,49.99233,0.200061,0.47092,26.0534,1.00168,5.29029,5.32881,SPOT_UNSTABLE|THERMAL_ASSOC
7.390000,thermal,49.99227,0.200143,0.53251,26.0293,0.99983,5.29527,5.31139,SPOT_UNSTABLE|THERMAL_ASSOC
7.400000,thermal,50.00668,0.200089,0.51628,25.9805,1.00196,5.27918,5.30709,SPOT_UNSTABLE|THERMAL_ASSOC
7.410000,thermal,50.00215,0.200003,0.49325,25.9481,1.00026,5.25795,5.30899,SPOT_UNSTABLE|THERMAL_ASSOC
7.420000,thermal,49.99570,0.200499,0.47096,25.9094,0.99954,5.26375,5.30258,SPOT_UNSTABLE|THERMAL_ASSOC
7.430000,thermal,49.99932,0.199622,0.46922,25.8669,0.99913,5.24871,5.28348,SPOT_UNSTABLE|THERMAL_ASSOC
7.440000,thermal,49.99984,0.199720,0.54628,25.8308,0.99908,5.24988,5.27839,SPOT_UNSTABLE|THERMAL_ASSOC
7.450000,thermal,49.99817,0.200027,0.49218,25.8085,0.99961,5.23366,5.27710,SPOT_UNSTABLE|THERMAL_ASSOC
7.460000,thermal,50.00970,0.200050,0.47277,25.7594,0.99983,5.22812,5.29007,SPOT_UNSTABLE|THERMAL_ASSOC
7.470000,thermal,49.99943,0.199623,0.49788,25.7209,0.99853,5.21621,5.26575,SPOT_UNSTABLE|THERMAL_ASSOC
7.480000,thermal,50.00874,0.199573,0.45024,25.6987,1.00047,5.19653,5.26993,SPOT_UNSTABLE|THERMAL_ASSOC
7.490000,thermal,50.00885,0.200373,0.51674,25.6574,1.00167,5.19517,5.24370,SPOT_UNSTABLE|THERMAL_ASSOC
7.500000,thermal,49.99965,0.200420,0.46229,25.6082,1.00156,5.18863,5.23565,SPOT_UNSTABLE|THERMAL_ASSOC
7.510000,thermal,49.99037,0.199602,0.51037,25.5703,0.99878,5.17616,5.23903,SPOT_UNSTABLE|THERMAL_ASSOC
7.520000,thermal,49.99044,0.200283,0.45834,25.5414,0.99978,5.16923,5.24064,SPOT_UNSTABLE|THERMAL_ASSOC
7.530000,thermal,50.00097,0.200005,0.50255,25.5141,1.00019,5.15353,5.23538,SPOT_UNSTABLE|THERMAL_ASSOC
7.540000,thermal,50.00309,0.200216,0.52974,25.4748,0.99818,5.14785,5.21636,SPOT_UNSTABLE|THERMAL_ASSOC
7.550000,thermal,49.99746,0.199832,0.54686,25.4210,0.99958,5.14633,5.20523,SPOT_UNSTABLE|THERMAL_ASSOC
7.560000,thermal,50.00314,0.200076,0.46451,25.3880,1.00084,5.12495,5.21403,SPOT_UNSTABLE|THERMAL_ASSOC
7.570000,thermal,49.99065,0.200050,0.54645,25.3535,1.00107,5.11397,5.20678,SPOT_UNSTABLE|THERMAL_ASSOC
7.580000,thermal,50.00734,0.199993,0.48713,25.3146,1.00150,5.10949,5.19961,SPOT_UNSTABLE|THERMAL_ASSOC
7.590000,thermal,49.99098,0.199511,0.45157,25.2892,0.99918,5.10279,5.17986,SPOT_UNSTABLE|THERMAL_ASSOC
7.600000,thermal,49.99695,0.200157,0.45881,25.2553,0.99948,5.10676,5.17995,SPOT_UNSTABLE|THERMAL_ASSOC
7.610000,thermal,49.99348,0.199967,0.51411,25.2101,0.99994,5.09011,5.18589,SPOT_UNSTABLE|THERMAL_ASSOC
7.620000,thermal,50.00019,0.200395,0.45886,25.1732,1.00087,5.08293,5.15531,SPOT_UNSTABLE|THERMAL_ASSOC
7.630000,thermal,50.00940,0.200141,0.53028,25.1404,0.99864,5.06507,5.17174,SPOT_UNSTABLE|THERMAL_ASSOC
7.640000,thermal,49.99706,0.199689,0.47277,25.1012,0.99967,5.06555,5.16204,SPOT_UNSTABLE|THERMAL_ASSOC
7.650000,thermal,49.99920,0.200066,0.46107,25.0554,1.00041,5.07157,5.15693,SPOT_UNSTABLE|THERMAL_ASSOC
7.660000,thermal,49.99862,0.200447,0.50641,25.0327,0.99893,5.04859,5.15459,SPOT_UNSTABLE|THERMAL_ASSOC
7.670000,thermal,49.99688,0.199660,0.53918,24.9887,0.99893,5.03601,5.14753,SPOT_UNSTABLE|THERMAL_ASSOC
7.680000,thermal,50.00654,0.200019,0.51121,24.9611,1.00186,5.02293,5.11695,SPOT_UNSTABLE|THERMAL_ASSOC
7.690000,thermal,49.99158,0.199997,0.45929,24.9216,0.99948,5.02679,5.11716,SPOT_UNSTABLE|THERMAL_ASSOC
7.700000,thermal,50.00504,0.200275,0.47309,24.8945,0.99863,5.03195,5.12458,SPOT_UNSTABLE|THERMAL_ASSOC
7.710000,thermal,50.00836,0.200065,0.45973,24.8434,0.99994,5.00187,5.10611,SPOT_UNSTABLE|THERMAL_ASSOC
7.720000,thermal,50.00097,0.200097,0.46880,24.8108,0.99863,4.99187,5.11836,SPOT_UNSTABLE|THERMAL_ASSOC
7.730000,thermal,49.99966,0.200071,0.54653,24.7758,1.00004,5.00074,5.09146,SPOT_UNSTABLE|THERMAL_ASSOC
7.740000,thermal,50.00582,0.199817,0.45969,24.7483,1.00069,4.99113,5.10636,SPOT_UNSTABLE|THERMAL_ASSOC
7.750000,thermal,50.00085,0.199511,0.53926,24.7177,0.99978,4.96620,5.09573,SPOT_UNSTABLE|THERMAL_ASSOC
7.760000,thermal,49.99210,0.200246,0.45510,24.6718,1.00140,4.97890,5.08679,SPOT_UNSTABLE|THERMAL_ASSOC
7.770000,thermal,49.99114,0.199501,0.54056,24.6290,0.99899,4.95445,5.07631,SPOT_UNSTABLE|THERMAL_ASSOC
7.780000,thermal,49.99179,0.200313,0.46707,24.6025,1.00007,4.95091,5.07048,SPOT_UNSTABLE|THERMAL_ASSOC
7.790000,thermal,49.99421,0.200109,0.50195,24.5767,1.00140,4.93812,5.07374,SPOT_UNSTABLE|THERMAL_ASSOC
7.800000,thermal,50.00262,0.199693,0.47620,24.5326,0.99927,4.94936,5.04329,SPOT_UNSTABLE|THERMAL_ASSOC
7.810000,thermal,50.00395,0.199950,0.48563,24.5104,1.00066,4.93096,5.04175,SPOT_UNSTABLE|THERMAL_ASSOC
7.820000,thermal,50.00549,0.199630,0.46656,24.4751,0.99890,4.92331,5.03223,SPOT_UNSTABLE|THERMAL_ASSOC
7.830000,thermal,50.00997,0.199927,0.45999,24.4287,0.99883,4.92330,5.02689,SPOT_UNSTABLE|THERMAL_ASSOC
7.840000,thermal,49.99941,0.199569,0.54655,24.3914,0.99987,4.91450,5.04300,SPOT_UNSTABLE|THERMAL_ASSOC
7.850000,thermal,49.99687,0.199975,0.52316,24.3644,0.99835,4.90975,5.00801,SPOT_UNSTABLE|THERMAL_ASSOC
7.860000,thermal,50.00460,0.199706,0.48411,24.3298,0.99823,4.88222,5.01606,SPOT_UNSTABLE|THERMAL_ASSOC
7.870000,thermal,50.00151,0.199915,0.47939,24.3089,1.00007,4.88349,4.99710,SPOT_UNSTABLE|THERMAL_ASSOC
7.880000,thermal,49.99730,0.200255,0.52951,24.2650,0.99915,4.88690,5.00159,SPOT_UNSTABLE|THERMAL_ASSOC
7.890000,thermal,50.00522,0.200238,0.50397,24.2297,0.99952,4.85900,5.01060,SPOT_UNSTABLE|THERMAL_ASSOC
7.900000,thermal,49.99658,0.199670,0.50921,24.2075,1.00010,4.85743,4.99630,SPOT_UNSTABLE|THERMAL_ASSOC
7.910000,thermal,49.99419,0.199733,0.48042,24.1674,1.00108,4.84783,4.99556,SPOT_UNSTABLE|THERMAL_ASSOC
7.920000,thermal,49.99058,0.200282,0.52978,24.1374,1.00010,4.84813,4.99570,SPOT_UNSTABLE|THERMAL_ASSOC
7.930000,thermal,49.99243,0.199582,0.48418,24.1078,0.99943,4.84296,4.98522,SPOT_UNSTABLE|THERMAL_ASSOC
7.940000,thermal,50.00389,0.200431,0.46441,24.0678,1.00038,4.83067,4.97856,SPOT_UNSTABLE|THERMAL_ASSOC
7.950000,thermal,49.99869,0.199737,0.47706,24.0415,1.00174,4.82667,4.97513,SPOT_UNSTABLE|THERMAL_ASSOC
7.960000,thermal,49.99444,0.200187,0.48649,24.0050,1.00125,4.82001,4.94533,SPOT_UNSTABLE|THERMAL_ASSOC
7.970000,thermal,49.99360,0.200351,0.47205,23.9911,1.00089,4.80881,4.94150,SPOT_UNSTABLE|THERMAL_ASSOC
7.980000,thermal,50.00472,0.199788,0.49637,23.9591,1.00170,4.81371,4.94407,SPOT_UNSTABLE|THERMAL_ASSOC
7.990000,thermal,50.00615,0.199585,0.48542,23.9148,1.00023,4.78633,4.94882,SPOT_UNSTABLE|THERMAL_ASSOC
8.000000,thermal,50.00362,0.200007,0.54010,23.9000,1.00098,4.77842,4.93421,SPOT_UNSTABLE|THERMAL_ASSOC
8.010000,thermal,49.99180,0.199537,0.51779,23.8660,0.99873,4.79503,4.93190,SPOT_UNSTABLE|THERMAL_ASSOC
8.020000,thermal,49.99876,0.200344,0.47457,23.8239,1.00110,4.77630,4.92619,SPOT_UNSTABLE|THERMAL_ASSOC
8.030000,thermal,49.99847,0.200214,0.45560,23.8115,0.99886,4.77044,4.92950,SPOT_UNSTABLE|THERMAL_ASSOC
8.040000,thermal,50.00028,0.200323,0.47169,23.7804,1.00052,4.75604,4.91124,SPOT_UNSTABLE|THERMAL_ASSOC
8.050000,thermal,49.99321,0.199635,0.46372,23.7534,1.00079,4.75090,4.89971,SPOT_UNSTABLE|THERMAL_ASSOC
8.060000,thermal,49.99281,0.199790,0.50833,23.7274,0.99963,4.75907,4.89645,SPOT_UNSTABLE|THERMAL_ASSOC
8.070000,thermal,49.99221,0.200160,0.50688,23.7002,0.99964,4.75115,4.91341,SPOT_UNSTABLE|THERMAL_ASSOC
8.080000,thermal,50.00842,0.200035,0.53810,23.6573,1.00163,4.73791,4.89398,SPOT_UNSTABLE|THERMAL_ASSOC
8.090000,thermal,49.99191,0.200310,0.49679,23.6313,0.99813,4.72411,4.88755,SPOT_UNSTABLE|THERMAL_ASSOC
8.100000,thermal,50.00578,0.200340,0.51834,23.6045,0.99855,4.73402,4.89434,SPOT_UNSTABLE|THERMAL_ASSOC
8.110000,thermal,49.99956,0.200466,0.47066,23.5845,1.00068,4.73115,4.86775,SPOT_UNSTABLE|THERMAL_ASSOC
8.120000,thermal,49.99698,0.200288,0.45123,23.5581,0.99980,4.71126,4.88229,SPOT_UNSTABLE|THERMAL_ASSOC
8.130000,thermal,50.00037,0.200222,0.47080,23.5312,1.00191,4.71098,4.86526,SPOT_UNSTABLE|THERMAL_ASSOC
8.140000,thermal,49.99790,0.200374,0.52341,23.5054,0.99932,4.71278,4.85314,SPOT_UNSTABLE|THERMAL_ASSOC
8.150000,thermal,49.99477,0.199653,0.47118,23.4850,1.00167,4.69454,4.86986,SPOT_UNSTABLE|THERMAL_ASSOC
8.160000,thermal,49.99883,0.200217,0.47508,23.4467,0.99899,4.69849,4.86798,SPOT_UNSTABLE|THERMAL_ASSOC
8.170000,thermal,50.00648,0.199642,0.49036,23.4231,0.99805,4.67142,4.85362,SPOT_UNSTABLE|THERMAL_ASSOC
8.180000,thermal,49.99384,0.199580,0.52860,23.4040,0.99808,4.68027,4.84114,SPOT_UNSTABLE|THERMAL_ASSOC
8.190000,thermal,49.99956,0.200496,0.49840,23.3798,0.99966,4.67256,4.83330,SPOT_UNSTABLE|THERMAL_ASSOC
8.200000,thermal,49.99783,0.200433,0.53887,23.3686,0.99889,4.66970,4.85378,SPOT_UNSTABLE|THERMAL_ASSOC
8.210000,thermal,50.00312,0.199697,0.47396,23.3319,0.99886,4.64802,4.82777,SPOT_UNSTABLE|THERMAL_ASSOC
8.220000,thermal,49.99422,0.200142,0.52548,23.3187,1.00183,4.65898,4.82537,SPOT_UNSTABLE|THERMAL_ASSOC
8.230000,thermal,50.00583,0.199585,0.45291,23.2984,1.00117,4.65724,4.82339,SPOT_UNSTABLE|THERMAL_ASSOC
8.240000,thermal,50.00112,0.200429,0.48972,23.2727,0.99849,4.65874,4.83236,SPOT_UNSTABLE|THERMAL_ASSOC
8.250000,thermal,50.00118,0.200367,0.53811,23.2491,1.00077,4.63648,4.82180,SPOT_UNSTABLE|THERMAL_ASSOC
8.260000,thermal,49.99546,0.199777,0.54059,23.2208,0.99895,4.64642,4.81237,SPOT_UNSTABLE|THERMAL_ASSOC
8.270000,thermal,49.99919,0.199907,0.46743,23.2062,0.99809,4.64403,4.81236,SPOT_UNSTABLE|THERMAL_ASSOC
8.280000,thermal,49.99884,0.200318,0.53331,23.1871,1.00099,4.63403,4.80372,SPOT_UNSTABLE|THERMAL_ASSOC
8.290000,thermal,50.00197,0.199584,0.46993,23.1727,1.00158,4.61170,4.79325,SPOT_UNSTABLE|THERMAL_ASSOC
8.300000,thermal,50.00253,0.199663,0.49291,23.1494,1.00130,4.62604,4.78800,SPOT_UNSTABLE|THERMAL_ASSOC
8.310000,thermal,49.99177,0.199930,0.53480,23.1238,0.99925,4.61136,4.80181,SPOT_UNSTABLE|THERMAL_ASSOC
8.320000,thermal,49.99856,0.199587,0.53601,23.1111,0.99806,4.61324,4.79662,SPOT_UNSTABLE|THERMAL_ASSOC
8.330000,thermal,50.00996,0.200054,0.48032,23.0890,1.00000,4.61177,4.80422,SPOT_UNSTABLE|THERMAL_ASSOC
8.340000,thermal,50.00421,0.199548,0.54644,23.0787,1.00047,4.58911,4.78581,SPOT_UNSTABLE|THERMAL_ASSOC
8.350000,thermal,49.99764,0.199932,0.49682,23.0494,0.99905,4.58318,4.77767,SPOT_UNSTABLE|THERMAL_ASSOC
8.360000,thermal,50.00644,0.199769,0.48676,23.0305,1.00023,4.58816,4.77761,SPOT_UNSTABLE|THERMAL_ASSOC
8.370000,thermal,49.99184,0.199642,0.45484,23.0198,1.00113,4.57922,4.79265,SPOT_UNSTABLE|THERMAL_ASSOC
8.380000,thermal,50.00574,0.199607,0.46864,23.0059,1.00163,4.57286,4.76108,SPOT_UNSTABLE|THERMAL_ASSOC
8.390000,thermal,50.00942,0.199547,0.47397,22.9971,1.00131,4.56765,4.78016,SPOT_UNSTABLE|THERMAL_ASSOC
8.400000,thermal,49.99239,0.200234,0.54243,22.9689,1.00142,4.58360,4.75801,SPOT_UNSTABLE|THERMAL_ASSOC
8.410000,thermal,49.99268,0.200456,0.54452,22.9586,1.00071,4.56670,4.77548,SPOT_UNSTABLE|THERMAL_ASSOC
8.420000,thermal,49.99839,0.199820,0.53086,22.9354,0.99925,4.57745,4.76492,SPOT_UNSTABLE|THERMAL_ASSOC
8.430000,thermal,49.99934,0.199775,0.54045,22.9308,1.00146,4.56277,4.74915,SPOT_UNSTABLE|THERMAL_ASSOC
8.440000,thermal,50.00154,0.200491,0.50472,22.9108,0.99860,4.55183,4.75761,SPOT_UNSTABLE|THERMAL_ASSOC
8.450000,thermal,50.00536,0.199965,0.46387,22.9085,1.00157,4.57148,4.77238,SPOT_UNSTABLE|THERMAL_ASSOC
8.460000,thermal,49.99070,0.199938,0.51155,22.8991,1.00041,4.56197,4.75066,SPOT_UNSTABLE|THERMAL_ASSOC
8.470000,thermal,49.99339,0.199931,0.47436,22.8755,0.99931,4.55720,4.74230,SPOT_UNSTABLE|THERMAL_ASSOC
8.480000,thermal,49.99892,0.199690,0.50240,22.8611,1.00048,4.56146,4.74041,SPOT_UNSTABLE|THERMAL_ASSOC
8.490000,thermal,49.99397,0.199775,0.48817,22.8560,1.00125,4.56098,4.73658,SPOT_UNSTABLE|THERMAL_ASSOC
8.500000,thermal,49.99106,0.200313,0.48820,22.8365,1.00178,4.54709,4.76187,SPOT_UNSTABLE|THERMAL_ASSOC
8.510000,thermal,49.99182,0.200268,0.53764,22.8366,0.99958,4.55212,4.75142,SPOT_UNSTABLE|THERMAL_ASSOC
8.520000,thermal,49.99984,0.200247,0.47705,22.8248,1.00005,4.54702,4.73606,SPOT_UNSTABLE|THERMAL_ASSOC
8.530000,thermal,49.99733,0.199912,0.46721,22.8043,0.99823,4.53865,4.72665,SPOT_UNSTABLE|THERMAL_ASSOC
8.540000,thermal,49.99633,0.200168,0.52909,22.8051,1.00010,4.52958,4.72910,SPOT_UNSTABLE|THERMAL_ASSOC
8.550000,thermal,49.99457,0.200271,0.46547,22.7979,0.99833,4.54740,4.72940,SPOT_UNSTABLE|THERMAL_ASSOC
8.560000,thermal,50.00295,0.199753,0.49593,22.7833,0.99916,4.54339,4.73753,SPOT_UNSTABLE|THERMAL_ASSOC
8.570000,thermal,50.00336,0.199737,0.49780,22.7882,1.00166,4.53741,4.72068,SPOT_UNSTABLE|THERMAL_ASSOC
8.580000,thermal,50.00619,0.200069,0.52060,22.7760,1.00023,4.52122,4.73001,SPOT_UNSTABLE|THERMAL_ASSOC
8.590000,thermal,49.99493,0.199833,0.46991,22.7595,0.99859,4.53277,4.72820,SPOT_UNSTABLE|THERMAL_ASSOC
8.600000,thermal,50.00827,0.199598,0.54028,22.7598,1.00183,4.53624,4.72339,SPOT_UNSTABLE|THERMAL_ASSOC
8.610000,thermal,49.99047,0.199832,0.52213,22.7458,0.99813,4.52510,4.74171,SPOT_UNSTABLE|THERMAL_ASSOC
8.620000,thermal,50.00791,0.199678,0.49115,22.7534,0.99846,4.52247,4.74466,SPOT_UNSTABLE|THERMAL_ASSOC
8.630000,thermal,50.00998,0.199824,0.48728,22.7369,0.99927,4.53242,4.72523,SPOT_UNSTABLE|THERMAL_ASSOC
8.640000,thermal,50.00738,0.199978,0.54256,22.7407,0.99836,4.53758,4.74052,SPOT_UNSTABLE|THERMAL_ASSOC
8.650000,thermal,49.99665,0.200484,0.54419,22.7393,0.99826,4.51396,4.74085,NONE
8.660000,thermal,50.00116,0.200058,0.51759,22.7235,0.99947,4.51833,4.71570,NONE
8.670000,thermal,50.00124,0.199764,0.52414,22.7309,0.99853,4.51864,4.71356,NONE
8.680000,thermal,49.99784,0.200206,0.47113,22.7160,0.99916,4.51271,4.72041,NONE
8.690000,thermal,50.00243,0.199613,0.48143,22.7283,0.99872,4.51372,4.71199,NONE
8.700000,thermal,49.99769,0.200098,0.52516,22.7224,0.99823,4.53173,4.71049,NONE
8.710000,thermal,50.00382,0.199602,0.48149,22.7215,1.00194,4.52796,4.73838,NONE
8.720000,thermal,49.99918,0.199506,0.48556,22.7137,0.99819,4.51249,4.72996,NONE
8.730000,thermal,49.99849,0.200268,0.49392,22.7203,1.00048,4.51530,4.73954,NONE
8.740000,thermal,49.99544,0.199836,0.51674,22.7171,0.99946,4.50696,4.71946,NONE
8.750000,thermal,50.00775,0.199821,0.46187,22.7240,0.99842,4.51043,4.72007,NONE
8.760000,thermal,49.99261,0.199699,0.51137,22.7245,0.99905,4.53241,4.71496,NONE
8.770000,thermal,49.99398,0.200035,0.45807,22.7293,1.00082,4.51963,4.71803,NONE
8.780000,thermal,49.99176,0.199748,0.49248,22.7202,1.00004,4.52343,4.71306,NONE
8.790000,thermal,49.99973,0.200368,0.48901,22.7312,1.00030,4.53039,4.72136,NONE
8.800000,thermal,49.99149,0.200465,0.50731,22.7187,1.00147,4.52729,4.72215,NONE
8.810000,thermal,50.00632,0.199974,0.47718,22.7396,1.00196,4.51368,4.72005,NONE
8.820000,thermal,50.00558,0.200272,0.54571,22.7425,1.00071,4.52728,4.71655,NONE
8.830000,thermal,49.99880,0.200130,0.49487,22.7491,1.00065,4.53452,4.73384,NONE
8.840000,thermal,49.99500,0.200098,0.52383,22.7426,0.99943,4.53802,4.73296,NONE
8.850000,thermal,49.99859,0.199946,0.54606,22.7543,0.99985,4.51319,4.71640,NONE
8.860000,thermal,50.00304,0.200147,0.54600,22.7524,0.99863,4.51613,4.72986,NONE
8.870000,thermal,50.00441,0.199947,0.45358,22.7615,1.00200,4.53034,4.74650,NONE
8.880000,thermal,50.00200,0.199924,0.47604,22.7667,0.99848,4.53428,4.74989,NONE
8.890000,thermal,49.99540,0.200438,0.51174,22.7751,1.00189,4.52915,4.72984,NONE
8.900000,thermal,50.00640,0.200333,0.54545,22.7788,1.00114,4.52953,4.74692,NONE
8.910000,thermal,50.00025,0.200401,0.46703,22.7994,0.99969,4.52616,4.72635,NONE
8.920000,thermal,50.00730,0.199808,0.47973,22.8038,1.00154,4.54467,4.73378,NONE
8.930000,thermal,49.99307,0.200239,0.49764,22.8048,0.99927,4.53251,4.74141,NONE
8.940000,thermal,49.99074,0.199581,0.46899,22.8153,0.99824,4.55527,4.74657,NONE
8.950000,thermal,50.00238,0.199850,0.53184,22.8208,1.00013,4.55053,4.74886,NONE
8.960000,thermal,50.00765,0.200418,0.52373,22.8368,1.00092,4.54306,4.74756,NONE
8.970000,thermal,50.00523,0.199590,0.48325,22.8473,1.00056,4.55924,4.75565,NONE
8.980000,thermal,49.99846,0.199937,0.47474,22.8706,1.00012,4.55934,4.74453,NONE
8.990000,thermal,50.00493,0.200461,0.54238,22.8683,0.99891,4.56710,4.74332,NONE
9.000000,thermal,50.00944,0.200170,0.47721,22.8859,0.99952,4.55768,4.77008,NONE
9.010000,thermal,50.00964,0.199651,0.45663,22.9072,0.99831,4.56520,4.74871,NONE
9.020000,thermal,50.00584,0.199732,0.49528,22.9164,0.99932,4.55445,4.76352,NONE
9.030000,thermal,50.00205,0.200209,0.50946,22.9179,1.00127,4.55814,4.76588,NONE
9.040000,thermal,49.99550,0.200029,0.45527,22.9465,1.00121,4.57672,4.76056,NONE
9.050000,thermal,50.00719,0.200406,0.48177,22.9540,1.00124,4.57791,4.77062,NONE
9.060000,thermal,50.00177,0.199859,0.49588,22.9654,1.00178,4.57000,4.76602,NONE
9.070000,thermal,50.00928,0.200090,0.49948,22.9781,0.99978,4.57752,4.77026,NONE
9.080000,thermal,49.99301,0.199579,0.49117,22.9937,0.99929,4.58206,4.78195,NONE
9.090000,thermal,50.00913,0.200366,0.54814,23.0227,1.00191,4.58963,4.79082,NONE
9.100000,thermal,50.00299,0.200372,0.51054,23.0405,1.00043,4.60356,4.78163,NONE
9.110000,thermal,49.99302,0.200024,0.52364,23.0417,1.00175,4.61141,4.77397,NONE
9.120000,thermal,50.00987,0.200039,0.48892,23.0584,1.00093,4.59977,4.78920,NONE
9.130000,thermal,49.99332,0.199667,0.49453,23.0859,0.99825,4.60398,4.78317,NONE
9.140000,thermal,49.99576,0.199714,0.54174,23.0988,1.00154,4.61147,4.80879,NONE
9.150000,thermal,50.00132,0.200181,0.53197,23.1198,0.99925,4.60243,4.79504,NONE
9.160000,thermal,49.99155,0.200156,0.45429,23.1390,0.99865,4.63399,4.80541,NONE
9.170000,thermal,49.99550,0.200439,0.52441,23.1588,1.00097,4.62543,4.80446,NONE
9.180000,thermal,49.99856,0.200121,0.53498,23.1817,0.99945,4.63382,4.79759,NONE
9.190000,thermal,49.99464,0.199725,0.49180,23.1910,1.00018,4.64070,4.81200,NONE
9.200000,thermal,49.99577,0.200129,0.52800,23.2231,1.00059,4.62803,4.80692,NONE
9.210000,thermal,50.00653,0.199540,0.45495,23.2435,0.99928,4.65885,4.82780,NONE
9.220000,thermal,50.00547,0.199987,0.46394,23.2642,0.99996,4.64637,4.81845,NONE
9.230000,thermal,49.99982,0.200200,0.45543,23.2839,0.99940,4.64235,4.82728,NONE
9.240000,thermal,50.00706,0.199995,0.46934,23.3162,1.00069,4.66407,4.84539,NONE
9.250000,thermal,49.99155,0.200028,0.46698,23.3219,0.99877,4.67350,4.84979,NONE
9.260000,thermal,49.99500,0.200261,0.48717,23.3630,1.00199,4.66965,4.83856,NONE
9.270000,thermal,49.99582,0.200045,0.54657,23.3768,0.99821,4.67393,4.85161,NONE
9.280000,thermal,49.99851,0.200158,0.46376,23.3979,0.99860,4.69038,4.86287,NONE
9.290000,thermal,49.99192,0.199965,0.54794,23.4357,0.99800,4.67366,4.86783,NONE
9.300000,thermal,49.99402,0.200136,0.46239,23.4503,0.99975,4.68282,4.85565,NONE
9.310000,thermal,50.00470,0.199973,0.52044,23.4831,1.00134,4.68845,4.87463,NONE
9.320000,thermal,49.99277,0.199962,0.45277,23.4950,1.00034,4.69252,4.86296,NONE
9.330000,thermal,49.99596,0.200435,0.54512,23.5313,0.99968,4.72528,4.87157,NONE
9.340000,thermal,49.99142,0.199621,0.52916,23.5603,1.00107,4.70749,4.88614,NONE
9.350000,thermal,50.00607,0.200204,0.47696,23.5751,1.00157,4.72631,4.89441,NONE
9.360000,thermal,49.99962,0.200497,0.50965,23.6022,0.99954,4.73234,4.87891,NONE
9.370000,thermal,50.00941,0.199855,0.47138,23.6390,1.00087,4.73577,4.90987,NONE
9.380000,thermal,50.00132,0.199753,0.49601,23.6642,0.99811,4.74416,4.91222,NONE
9.390000,thermal,49.99875,0.199773,0.53195,23.6857,0.99935,4.75197,4.90589,NONE
9.400000,thermal,49.99218,0.200058,0.50946,23.7082,1.00031,4.76625,4.90701,NONE
9.410000,thermal,50.00148,0.199968,0.53042,23.7541,1.00016,4.75146,4.91209,NONE
9.420000,thermal,50.00041,0.199520,0.49286,23.7743,1.00008,4.76141,4.92976,NONE
9.430000,thermal,49.99780,0.200411,0.47586,23.8106,1.00134,4.77454,4.93609,NONE
9.440000,thermal,50.00901,0.199920,0.46665,23.8292,0.99963,4.79162,4.92092,SPOT_UNSTABLE|THERMAL_ASSOC
9.450000,thermal,50.00758,0.200110,0.45393,23.8584,1.00026,4.80467,4.94029,SPOT_UNSTABLE|THERMAL_ASSOC
9.460000,thermal,50.00906,0.199788,0.47472,23.9002,0.99826,4.79551,4.94681,SPOT_UNSTABLE|THERMAL_ASSOC
9.470000,thermal,50.00054,0.199724,0.47484,23.9202,0.99931,4.79815,4.95105,SPOT_UNSTABLE|THERMAL_ASSOC
9.480000,thermal,49.99431,0.200354,0.53882,23.9569,1.00016,4.79777,4.94032,SPOT_UNSTABLE|THERMAL_ASSOC
9.490000,thermal,49.99444,0.199610,0.46772,23.9817,1.00193,4.82006,4.96607,SPOT_UNSTABLE|THERMAL_ASSOC
9.500000,thermal,49.99114,0.199769,0.48764,24.0078,0.99890,4.83563,4.96945,SPOT_UNSTABLE|THERMAL_ASSOC
9.510000,thermal,49.99990,0.199667,0.49374,24.0530,0.99945,4.84537,4.97736,SPOT_UNSTABLE|THERMAL_ASSOC
9.520000,thermal,49.99333,0.200068,0.52003,24.0736,1.00148,4.84542,4.98459,SPOT_UNSTABLE|THERMAL_ASSOC
9.530000,thermal,49.99883,0.200445,0.52905,24.1094,1.00175,4.85720,4.98355,SPOT_UNSTABLE|THERMAL_ASSOC
9.540000,thermal,49.99187,0.199839,0.53271,24.1359,1.00025,4.86724,4.98979,SPOT_UNSTABLE|THERMAL_ASSOC
9.550000,thermal,50.00859,0.199522,0.54577,24.1718,1.00129,4.85440,5.00820,SPOT_UNSTABLE|THERMAL_ASSOC
9.560000,thermal,50.00524,0.200473,0.47208,24.2110,0.99866,4.88600,4.98991,SPOT_UNSTABLE|THERMAL_ASSOC
9.570000,thermal,49.99552,0.200498,0.50228,24.2476,0.99948,4.89388,5.01741,SPOT_UNSTABLE|THERMAL_ASSOC
9.580000,thermal,49.99871,0.199745,0.48923,24.2694,0.99938,4.88394,5.02793,SPOT_UNSTABLE|THERMAL_ASSOC
9.590000,thermal,50.00252,0.199897,0.49858,24.3029,0.99849,4.88845,5.02181,SPOT_UNSTABLE|THERMAL_ASSOC
9.600000,thermal,50.00066,0.200468,0.46725,24.3356,0.99808,4.89975,5.01544,SPOT_UNSTABLE|THERMAL_ASSOC
9.610000,thermal,49.99573,0.200028,0.46524,24.3812,1.00175,4.92225,5.04233,SPOT_UNSTABLE|THERMAL_ASSOC
9.620000,thermal,49.99481,0.200499,0.48289,24.4141,0.99902,4.92532,5.04758,SPOT_UNSTABLE|THERMAL_ASSOC
9.630000,thermal,49.99684,0.200457,0.49125,24.4494,0.99852,4.93291,5.05729,SPOT_UNSTABLE|THERMAL_ASSOC
9.640000,thermal,49.99591,0.199648,0.54084,24.4867,1.00146,4.94897,5.05190,SPOT_UNSTABLE|THERMAL_ASSOC
9.650000,thermal,50.00171,0.200223,0.46314,24.5060,1.00170,4.93729,5.04779,SPOT_UNSTABLE|THERMAL_ASSOC
9.660000,thermal,49.99971,0.199516,0.50981,24.5434,0.99800,4.96599,5.05219,SPOT_UNSTABLE|THERMAL_ASSOC
9.670000,thermal,49.99316,0.200378,0.54213,24.5903,0.99971,4.97371,5.06059,SPOT_UNSTABLE|THERMAL_ASSOC
9.680000,thermal,50.00139,0.200118,0.47711,24.6211,0.99806,4.96047,5.07339,SPOT_UNSTABLE|THERMAL_ASSOC
9.690000,thermal,50.00862,0.199929,0.45262,24.6612,0.99929,4.97468,5.09961,SPOT_UNSTABLE|THERMAL_ASSOC
9.700000,thermal,49.99708,0.199769,0.45265,24.6904,1.00170,4.99852,5.10635,SPOT_UNSTABLE|THERMAL_ASSOC
9.710000,thermal,50.00127,0.199763,0.45199,24.7244,1.00048,5.00765,5.09076,SPOT_UNSTABLE|THERMAL_ASSOC
9.720000,thermal,50.00607,0.200335,0.47686,24.7595,1.00191,4.98835,5.11063,SPOT_UNSTABLE|THERMAL_ASSOC
9.730000,thermal,50.00954,0.199933,0.50278,24.7922,0.99993,5.00248,5.10716,SPOT_UNSTABLE|THERMAL_ASSOC
9.740000,thermal,49.99405,0.200039,0.54938,24.8262,1.00183,5.03038,5.12430,SPOT_UNSTABLE|THERMAL_ASSOC
9.750000,thermal,50.00392,0.200494,0.53233,24.8634,1.00131,5.03294,5.13403,SPOT_UNSTABLE|THERMAL_ASSOC
9.760000,thermal,50.00536,0.199635,0.48023,24.9185,1.00014,5.03634,5.13153,SPOT_UNSTABLE|THERMAL_ASSOC
9.770000,thermal,50.00451,0.200386,0.54565,24.9410,0.99818,5.04881,5.15260,SPOT_UNSTABLE|THERMAL_ASSOC
9.780000,thermal,50.00197,0.199531,0.50089,24.9882,1.00018,5.05251,5.14510,SPOT_UNSTABLE|THERMAL_ASSOC
9.790000,thermal,49.99789,0.200268,0.51347,25.0204,1.00032,5.07571,5.16111,SPOT_UNSTABLE|THERMAL_ASSOC
9.800000,thermal,50.00462,0.200392,0.54315,25.0544,0.99918,5.08588,5.15220,SPOT_UNSTABLE|THERMAL_ASSOC
9.810000,thermal,49.99963,0.200255,0.49303,25.1038,0.99812,5.08497,5.17613,SPOT_UNSTABLE|THERMAL_ASSOC
9.820000,thermal,49.99310,0.200414,0.52837,25.1288,0.99963,5.07476,5.17171,SPOT_UNSTABLE|THERMAL_ASSOC
9.830000,thermal,49.99009,0.199790,0.51206,25.1696,1.00093,5.10588,5.17008,SPOT_UNSTABLE|THERMAL_ASSOC
9.840000,thermal,49.99529,0.199959,0.49072,25.2115,1.00092,5.11388,5.19939,SPOT_UNSTABLE|THERMAL_ASSOC
9.850000,thermal,50.00716,0.199881,0.46217,25.2430,0.99925,5.12107,5.18855,SPOT_UNSTABLE|THERMAL_ASSOC
9.860000,thermal,49.99311,0.200087,0.51619,25.2788,0.99889,5.12080,5.18809,SPOT_UNSTABLE|THERMAL_ASSOC
9.870000,thermal,49.99186,0.200361,0.46281,25.3142,0.99851,5.12302,5.20527,SPOT_UNSTABLE|THERMAL_ASSOC
9.880000,thermal,50.00610,0.199819,0.49625,25.3516,1.00166,5.13171,5.20242,SPOT_UNSTABLE|THERMAL_ASSOC
9.890000,thermal,50.00238,0.200029,0.47721,25.4034,1.00130,5.13862,5.21019,SPOT_UNSTABLE|THERMAL_ASSOC
9.900000,thermal,49.99395,0.200203,0.50153,25.4452,1.00039,5.17268,5.22688,SPOT_UNSTABLE|THERMAL_ASSOC
9.910000,thermal,49.99998,0.200348,0.54406,25.4665,0.99847,5.16063,5.22964,SPOT_UNSTABLE|THERMAL_ASSOC
9.920000,thermal,49.99636,0.199630,0.45907,25.5078,0.99985,5.16409,5.23056,SPOT_UNSTABLE|THERMAL_ASSOC
9.930000,thermal,49.99847,0.200027,0.53871,25.5492,0.99902,5.18223,5.25242,SPOT_UNSTABLE|THERMAL_ASSOC
9.940000,thermal,49.99686,0.199760,0.49637,25.5885,1.00187,5.18263,5.24667,SPOT_UNSTABLE|THERMAL_ASSOC
9.950000,thermal,49.99797,0.200270,0.45183,25.6283,0.99875,5.20448,5.27587,SPOT_UNSTABLE|THERMAL_ASSOC
9.960000,thermal,50.00350,0.200060,0.47979,25.6685,0.99954,5.21455,5.26906,SPOT_UNSTABLE|THERMAL_ASSOC
9.970000,thermal,50.00497,0.199850,0.47851,25.7026,0.99830,5.21990,5.27585,SPOT_UNSTABLE|THERMAL_ASSOC
9.980000,thermal,50.00006,0.199808,0.45304,25.7480,0.99892,5.21738,5.27629,SPOT_UNSTABLE|THERMAL_ASSOC
9.990000,thermal,49.99590,0.200474,0.50216,25.7855,0.99908,5.23844,5.28880,SPOT_UNSTABLE|THERMAL_ASSOC
10.000000,thermal,50.00221,0.199619,0.45636,25.8248,1.00145,5.24111,5.29461,SPOT_UNSTABLE|THERMAL_ASSOC
10.010000,thermal,50.00111,0.200271,0.54194,25.8502,0.99850,5.25886,5.30645,SPOT_UNSTABLE|THERMAL_ASSOC
10.020000,thermal,49.99107,0.199553,0.50917,25.8917,0.99907,5.26760,5.30046,SPOT_UNSTABLE|THERMAL_ASSOC
10.030000,thermal,49.99230,0.199657,0.46636,25.9345,1.00009,5.27842,5.30940,SPOT_UNSTABLE|THERMAL_ASSOC
10.040000,thermal,49.99722,0.199869,0.54931,25.9782,0.99869,5.29376,5.33854,SPOT_UNSTABLE|THERMAL_ASSOC
10.050000,thermal,49.99963,0.200426,0.46469,26.0071,0.99868,5.28162,5.32861,SPOT_UNSTABLE|THERMAL_ASSOC
10.060000,thermal,50.00806,0.199920,0.47287,26.0489,1.00081,5.31247,5.32881,SPOT_UNSTABLE|THERMAL_ASSOC
10.070000,thermal,50.00654,0.199694,0.46876,26.0855,1.00045,5.32287,5.33791,SPOT_UNSTABLE|THERMAL_ASSOC
10.080000,thermal,49.99699,0.199725,0.48972,26.1308,0.99886,5.31265,5.35349,SPOT_UNSTABLE|THERMAL_ASSOC
10.090000,thermal,50.00234,0.200408,0.53652,26.1563,0.99826,5.32420,5.36156,SPOT_UNSTABLE|THERMAL_ASSOC
10.100000,thermal,50.00006,0.199872,0.53430,26.2104,0.99991,5.33735,5.37796,SPOT_UNSTABLE|THERMAL_ASSOC
10.110000,thermal,49.99515,0.199522,0.50189,26.2487,1.00135,5.33546,5.39125,SPOT_UNSTABLE|THERMAL_ASSOC
10.120000,thermal,50.00042,0.199735,0.52828,26.2846,0.99979,5.35324,5.39695,SPOT_UNSTABLE|THERMAL_ASSOC
10.130000,thermal,49.99309,0.199750,0.46893,26.3229,1.00000,5.36601,5.38286,SPOT_UNSTABLE|THERMAL_ASSOC
10.140000,thermal,50.00083,0.200019,0.51438,26.3470,0.99863,5.36939,5.40348,SPOT_UNSTABLE|THERMAL_ASSOC
10.150000,thermal,49.99048,0.200063,0.53851,26.3989,1.00032,5.38334,5.40754,SPOT_UNSTABLE|THERMAL_ASSOC
10.160000,thermal,49.99383,0.199535,0.54893,26.4233,0.99852,5.39246,5.42226,SPOT_UNSTABLE|THERMAL_ASSOC
10.170000,thermal,49.99920,0.199904,0.50907,26.4695,0.99981,5.39850,5.43070,SPOT_UNSTABLE|THERMAL_ASSOC
10.180000,thermal,49.99577,0.200321,0.48665,26.4995,0.99808,5.42396,5.43647,SPOT_UNSTABLE|THERMAL_ASSOC
10.190000,thermal,50.00521,0.200415,0.54536,26.5366,1.00176,5.43173,5.43759,SPOT_UNSTABLE|THERMAL_ASSOC
10.200000,thermal,50.00046,0.199879,0.49543,26.5727,0.99869,5.43728,5.44552,SPOT_UNSTABLE|THERMAL_ASSOC
10.210000,thermal,49.99735,0.200078,0.46698,26.6243,1.00122,5.44713,5.44358,SPOT_UNSTABLE|THERMAL_ASSOC
10.220000,thermal,50.00688,0.199945,0.53323,26.6617,0.99933,5.44189,5.46662,SPOT_UNSTABLE|THERMAL_ASSOC
10.230000,thermal,49.99101,0.199794,0.52826,26.6878,1.00025,5.44305,5.46134,SPOT_UNSTABLE|THERMAL_ASSOC
10.240000,thermal,50.00945,0.199943,0.48443,26.7224,0.99820,5.46448,5.45414,SPOT_UNSTABLE|THERMAL_ASSOC
10.250000,thermal,50.00478,0.200038,0.54846,26.7767,1.00112,5.47857,5.48401,SPOT_UNSTABLE|THERMAL_ASSOC
10.260000,thermal,50.00526,0.199544,0.52079,26.7989,0.99958,5.48532,5.49141,SPOT_UNSTABLE|THERMAL_ASSOC
10.270000,thermal,50.00500,0.199973,0.46324,26.8320,1.00186,5.47650,5.49414,SPOT_UNSTABLE|THERMAL_ASSOC
10.280000,thermal,49.99676,0.199798,0.50331,26.8761,1.00002,5.50820,5.48031,SPOT_UNSTABLE|THERMAL_ASSOC
10.290000,thermal,50.00170,0.199731,0.51060,26.9226,0.99845,5.49274,5.50001,SPOT_UNSTABLE|THERMAL_ASSOC
10.300000,thermal,50.00590,0.199531,0.50747,26.9535,0.99893,5.50724,5.49836,SPOT_UNSTABLE|THERMAL_ASSOC
10.310000,thermal,50.00219,0.200187,0.49334,26.9921,1.00167,5.52126,5.51572,SPOT_UNSTABLE|THERMAL_ASSOC
10.320000,thermal,49.99505,0.200238,0.51645,27.0218,0.99823,5.52901,5.52008,SPOT_UNSTABLE|THERMAL_ASSOC
10.330000,thermal,49.99595,0.199852,0.48235,27.0642,0.99855,5.53682,5.52587,SPOT_UNSTABLE|THERMAL_ASSOC
10.340000,thermal,50.00443,0.200138,0.51671,27.0915,0.99808,5.54734,5.54502,SPOT_UNSTABLE|THERMAL_ASSOC
10.350000,thermal,49.99757,0.199754,0.49591,27.1241,1.00066,5.55413,5.54184,SPOT_UNSTABLE|THERMAL_ASSOC
10.360000,thermal,49.99475,0.200387,0.52808,27.1605,1.00006,5.57597,5.55649,SPOT_UNSTABLE|THERMAL_ASSOC
10.370000,thermal,50.00587,0.199696,0.51716,27.1961,0.99890,5.56547,5.55110,SPOT_UNSTABLE|THERMAL_ASSOC
10.380000,thermal,50.00059,0.200293,0.53890,27.2296,1.00048,5.59443,5.56852,SPOT_UNSTABLE|THERMAL_ASSOC
10.390000,thermal,50.00614,0.199880,0.54995,27.2691,0.99814,5.59996,5.56645,SPOT_UNSTABLE|THERMAL_ASSOC
10.400000,thermal,50.00350,0.199747,0.47546,27.2946,1.00200,5.59069,5.56250,SPOT_UNSTABLE|THERMAL_ASSOC
10.410000,thermal,50.00213,0.199915,0.46994,27.3333,0.99884,5.61967,5.58385,SPOT_UNSTABLE|THERMAL_ASSOC
10.420000,thermal,49.99795,0.199632,0.54680,27.3677,1.00138,5.62302,5.58444,SPOT_UNSTABLE|THERMAL_ASSOC
10.430000,thermal,49.99439,0.200398,0.45821,27.3985,1.00101,5.61046,5.58935,SPOT_UNSTABLE|THERMAL_ASSOC
10.440000,thermal,49.99619,0.199615,0.45056,27.4232,0.99885,5.61957,5.60681,SPOT_UNSTABLE|THERMAL_ASSOC
10.450000,thermal,49.99464,0.200047,0.51557,27.4618,1.00107,5.63339,5.60290,SPOT_UNSTABLE|THERMAL_ASSOC
10.460000,thermal,49.99477,0.200185,0.53570,27.4967,0.99916,5.62918,5.62186,SPOT_UNSTABLE|THERMAL_ASSOC
10.470000,thermal,50.00161,0.200410,0.50388,27.5233,0.99986,5.64493,5.62214,SPOT_UNSTABLE|THERMAL_ASSOC
10.480000,thermal,49.99272,0.200044,0.47385,27.5569,1.00168,5.64838,5.62363,SPOT_UNSTABLE|THERMAL_ASSOC
10.490000,thermal,49.99545,0.199899,0.45101,27.5979,1.00151,5.65529,5.63948,SPOT_UNSTABLE|THERMAL_ASSOC
10.500000,thermal,50.00549,0.199521,0.52414,27.6159,1.00132,5.67845,5.61917,SPOT_UNSTABLE|THERMAL_ASSOC
10.510000,thermal,49.99454,0.200087,0.54627,27.6476,0.99929,5.67349,5.63249,SPOT_UNSTABLE|THERMAL_ASSOC
10.520000,thermal,50.00569,0.199761,0.46855,27.6891,1.00159,5.69035,5.64451,SPOT_UNSTABLE|THERMAL_ASSOC
10.530000,thermal,49.99348,0.200180,0.54841,27.7078,1.00126,5.68997,5.63782,SPOT_UNSTABLE|THERMAL_ASSOC
10.540000,thermal,49.99771,0.200422,0.47631,27.7397,0.99879,5.71583,5.66272,SPOT_UNSTABLE|THERMAL_ASSOC
10.550000,thermal,50.00376,0.200084,0.48551,27.7687,0.99846,5.71114,5.66456,SPOT_UNSTABLE|THERMAL_ASSOC
10.560000,thermal,50.00530,0.199723,0.50885,27.8062,1.00125,5.71690,5.67803,SPOT_UNSTABLE|THERMAL_ASSOC
10.570000,thermal,50.00212,0.199965,0.45117,27.8421,0.99940,5.72072,5.68098,SPOT_UNSTABLE|THERMAL_ASSOC
10.580000,thermal,49.99419,0.200364,0.53192,27.8593,0.99875,5.73560,5.66783,SPOT_UNSTABLE|THERMAL_ASSOC
10.590000,thermal,49.99518,0.200332,0.45063,27.8931,0.99925,5.73853,5.69048,SPOT_UNSTABLE|THERMAL_ASSOC
10.600000,thermal,49.99344,0.200224,0.54039,27.9230,1.00120,5.74720,5.69067,SPOT_UNSTABLE|THERMAL_ASSOC
10.610000,thermal,50.00561,0.199858,0.53034,27.9475,0.99822,5.76341,5.70570,SPOT_UNSTABLE|THERMAL_ASSOC
10.620000,thermal,49.99470,0.200358,0.45452,27.9868,0.99950,5.74611,5.70905,SPOT_UNSTABLE|THERMAL_ASSOC
10.630000,thermal,49.99525,0.200168,0.49099,28.0012,1.00001,5.77254,5.71584,SPOT_UNSTABLE|THERMAL_ASSOC
10.640000,thermal,50.00443,0.199734,0.49670,28.0370,1.00071,5.76064,5.69961,SPOT_UNSTABLE|THERMAL_ASSOC
10.650000,thermal,49.99506,0.199970,0.54341,28.0603,1.00156,5.77842,5.72778,SPOT_UNSTABLE|THERMAL_ASSOC
10.660000,thermal,49.99732,0.199950,0.53424,28.0793,0.99988,5.78209,5.72445,SPOT_UNSTABLE|THERMAL_ASSOC
10.670000,thermal,49.99315,0.200058,0.47555,28.1195,0.99823,5.79765,5.70908,SPOT_UNSTABLE|THERMAL_ASSOC
10.680000,thermal,49.99430,0.199883,0.45973,28.1377,0.99826,5.79357,5.72580,SPOT_UNSTABLE|THERMAL_ASSOC
10.690000,thermal,49.99021,0.200065,0.46276,28.1542,1.00015,5.81532,5.74685,SPOT_UNSTABLE|THERMAL_ASSOC
10.700000,thermal,50.00390,0.200428,0.50585,28.1803,1.00060,5.80483,5.72575,SPOT_UNSTABLE|THERMAL_ASSOC
10.710000,thermal,50.00851,0.200380,0.52972,28.2235,0.99831,5.81623,5.74260,SPOT_UNSTABLE|THERMAL_ASSOC
10.720000,thermal,50.00606,0.200273,0.53813,28.2325,1.00157,5.80908,5.75297,SPOT_UNSTABLE|THERMAL_ASSOC
10.730000,thermal,50.00771,0.200477,0.46587,28.2572,0.99830,5.81212,5.73696,SPOT_UNSTABLE|THERMAL_ASSOC
10.740000,thermal,49.99934,0.199521,0.46809,28.2845,0.99984,5.81773,5.76396,SPOT_UNSTABLE|THERMAL_ASSOC
10.750000,thermal,49.99800,0.200012,0.46459,28.2994,1.00150,5.83356,5.75066,SPOT_UNSTABLE|THERMAL_ASSOC
10.760000,thermal,50.00300,0.200026,0.46164,28.3389,0.99805,5.83647,5.75595,SPOT_UNSTABLE|THERMAL_ASSOC
10.770000,thermal,50.00192,0.199677,0.50466,28.3583,1.00193,5.85881,5.77689,SPOT_UNSTABLE|THERMAL_ASSOC
10.780000,thermal,49.99944,0.200156,0.51518,28.3747,0.99882,5.84238,5.77746,SPOT_UNSTABLE|THERMAL_ASSOC
10.790000,thermal,49.99934,0.199706,0.47803,28.3998,1.00039,5.87100,5.78685,SPOT_UNSTABLE|THERMAL_ASSOC
10.800000,thermal,50.00725,0.200250,0.51498,28.4119,1.00163,5.86412,5.77911,SPOT_UNSTABLE|THERMAL_ASSOC
10.810000,thermal,50.00921,0.199578,0.49585,28.4309,1.00050,5.85209,5.78157,SPOT_UNSTABLE|THERMAL_ASSOC
10.820000,thermal,50.00699,0.200056,0.51655,28.4666,1.00144,5.85799,5.78716,SPOT_UNSTABLE|THERMAL_ASSOC
10.830000,thermal,49.99609,0.200480,0.53249,28.4888,1.00093,5.86781,5.78106,SPOT_UNSTABLE|THERMAL_ASSOC
10.840000,thermal,50.00574,0.199841,0.45984,28.5063,1.00098,5.87722,5.78307,SPOT_UNSTABLE|THERMAL_ASSOC
10.850000,thermal,49.99159,0.199948,0.49984,28.5239,1.00051,5.87591,5.80351,SPOT_UNSTABLE|THERMAL_ASSOC
10.860000,thermal,50.00071,0.200225,0.50557,28.5400,1.00171,5.90409,5.80067,SPOT_UNSTABLE|THERMAL_ASSOC
10.870000,thermal,49.99166,0.199519,0.53916,28.5631,1.00032,5.88025,5.81388,SPOT_UNSTABLE|THERMAL_ASSOC
10.880000,thermal,49.99086,0.200300,0.51815,28.5750,0.99893,5.89935,5.79558,SPOT_UNSTABLE|THERMAL_ASSOC
10.890000,thermal,50.00074,0.199541,0.48008,28.5951,1.00127,5.88977,5.81076,SPOT_UNSTABLE|THERMAL_ASSOC
10.900000,thermal,50.00684,0.199627,0.46335,28.6020,1.00126,5.89437,5.81507,SPOT_UNSTABLE|THERMAL_ASSOC
10.910000,thermal,50.00603,0.200313,0.50319,28.6150,1.00190,5.91341,5.83337,SPOT_UNSTABLE|THERMAL_ASSOC
10.920000,thermal,50.00790,0.200468,0.51533,28.6504,0.99817,5.90416,5.82982,SPOT_UNSTABLE|THERMAL_ASSOC
10.930000,thermal,50.00826,0.199801,0.46023,28.6488,1.00070,5.92441,5.83508,SPOT_UNSTABLE|THERMAL_ASSOC
10.940000,thermal,50.00800,0.199602,0.50845,28.6717,1.00036,5.92660,5.83527,SPOT_UNSTABLE|THERMAL_ASSOC
10.950000,thermal,49.99358,0.200018,0.50950,28.6928,1.00120,5.92928,5.81695,SPOT_UNSTABLE|THERMAL_ASSOC
10.960000,thermal,50.00645,0.200377,0.50679,28.7020,1.00101,5.92118,5.82088,SPOT_UNSTABLE|THERMAL_ASSOC
10.970000,thermal,49.99314,0.200253,0.52126,28.7241,0.99972,5.92180,5.83192,SPOT_UNSTABLE|THERMAL_ASSOC
10.980000,thermal,50.00898,0.199805,0.52857,28.7202,0.99897,5.93157,5.83258,SPOT_UNSTABLE|THERMAL_ASSOC
10.990000,thermal,50.00542,0.200273,0.45422,28.7350,0.99842,5.95178,5.82859,SPOT_UNSTABLE|THERMAL_ASSOC
11.000000,thermal,49.99810,0.199614,0.53616,28.7461,1.00033,5.94716,5.83873,SPOT_UNSTABLE|THERMAL_ASSOC
11.010000,thermal,50.00240,0.199935,0.50562,28.7636,0.99907,5.95407,5.83111,SPOT_UNSTABLE|THERMAL_ASSOC
11.020000,thermal,50.00430,0.199737,0.51494,28.7873,1.00125,5.94090,5.84539,SPOT_UNSTABLE|THERMAL_ASSOC
11.030000,thermal,50.00476,0.199970,0.45099,28.7840,1.00144,5.95693,5.84886,SPOT_UNSTABLE|THERMAL_ASSOC
11.040000,thermal,50.00739,0.199893,0.49872,28.8105,0.99941,5.94177,5.85341,SPOT_UNSTABLE|THERMAL_ASSOC
11.050000,thermal,50.00576,0.200488,0.52084,28.8189,0.99908,5.94336,5.85451,SPOT_UNSTABLE|THERMAL_ASSOC
11.060000,thermal,49.99696,0.200139,0.48563,28.8178,1.00183,5.95160,5.86156,SPOT_UNSTABLE|THERMAL_ASSOC
11.070000,thermal,50.00869,0.199685,0.46726,28.8254,1.00056,5.96414,5.86313,SPOT_UNSTABLE|THERMAL_ASSOC
11.080000,thermal,50.00845,0.199732,0.50846,28.8422,0.99988,5.95412,5.86577,SPOT_UNSTABLE|THERMAL_ASSOC
11.090000,thermal,49.99041,0.199750,0.45949,28.8540,0.99820,5.96213,5.86468,NONE
11.100000,thermal,50.00340,0.199818,0.50845,28.8485,1.00151,5.96243,5.84964,NONE
11.110000,thermal,49.99487,0.199780,0.46989,28.8681,1.00128,5.97167,5.86042,NONE
11.120000,thermal,50.00430,0.200432,0.49213,28.8680,1.00140,5.95400,5.87458,NONE
11.130000,thermal,50.00662,0.199983,0.47800,28.8733,0.99900,5.98097,5.86594,NONE
11.140000,thermal,50.00401,0.199689,0.45956,28.8794,1.00056,5.98473,5.86326,NONE
11.150000,thermal,49.99637,0.200402,0.48500,28.8831,0.99808,5.98722,5.88323,NONE
11.160000,thermal,49.99111,0.199760,0.45882,28.8877,0.99831,5.96923,5.87818,NONE
11.170000,thermal,50.00037,0.200073,0.50119,28.9027,0.99914,5.97835,5.86664,NONE
11.180000,thermal,50.00422,0.200085,0.47861,28.9101,0.99932,5.98794,5.88083,NONE
11.190000,thermal,49.99347,0.199854,0.50168,28.9040,1.00160,5.99193,5.88581,NONE
11.200000,thermal,49.99467,0.200020,0.51847,28.9208,0.99897,5.96809,5.87652,NONE
11.210000,thermal,49.99372,0.200325,0.54499,28.9231,0.99821,5.98459,5.86921,NONE
11.220000,thermal,49.99552,0.199629,0.50646,28.9244,1.00033,5.98733,5.86016,NONE
11.230000,thermal,49.99544,0.200089,0.47417,28.9182,1.00033,5.98335,5.88623,NONE
11.240000,thermal,49.99102,0.200425,0.54774,28.9136,0.99881,5.98313,5.87686,NONE
11.250000,thermal,49.99902,0.199707,0.47434,28.9138,1.00007,5.96923,5.88171,NONE
11.260000,thermal,49.99140,0.200218,0.51632,28.9148,0.99957,5.97928,5.86485,NONE
11.270000,thermal,49.99104,0.200292,0.50233,28.9217,0.99890,5.98099,5.88475,NONE
11.280000,thermal,50.00877,0.199955,0.52666,28.9197,0.99908,5.99032,5.88397,NONE
11.290000,thermal,49.99773,0.199654,0.53858,28.9149,0.99926,5.96915,5.86246,NONE
11.300000,thermal,49.99771,0.199910,0.47427,28.9198,0.99912,5.97658,5.88715,NONE
11.310000,thermal,49.99105,0.199810,0.49495,28.9171,1.00039,5.97494,5.86870,NONE
11.320000,thermal,49.99494,0.200104,0.49454,28.9112,1.00012,5.99500,5.86295,NONE
11.330000,thermal,50.00000,0.199788,0.45146,28.9173,1.00134,5.99176,5.87651,NONE
11.340000,thermal,50.00214,0.199773,0.49016,28.9146,0.99882,5.98404,5.86917,NONE
11.350000,thermal,49.99128,0.199883,0.54574,28.9161,1.00058,5.98605,5.87159,NONE
11.360000,thermal,49.99180,0.200209,0.49852,28.9013,0.99916,5.97344,5.88067,NONE
11.370000,thermal,50.00576,0.200174,0.50791,28.8973,0.99969,5.98541,5.88043,NONE
11.380000,thermal,49.99264,0.199978,0.54474,28.8999,1.00124,5.97202,5.86212,NONE
11.390000,thermal,50.00948,0.199937,0.47651,28.8975,0.99950,5.96331,5.88146,NONE
11.400000,thermal,49.99673,0.200261,0.53332,28.8873,0.99965,5.98647,5.85891,NONE
11.410000,thermal,49.99336,0.199953,0.45490,28.8764,1.00061,5.96647,5.87938,NONE
11.420000,thermal,49.99928,0.199693,0.50400,28.8780,1.00146,5.97304,5.88051,NONE
11.430000,thermal,49.99467,0.200414,0.52744,28.8522,1.00047,5.97181,5.85129,NONE
11.440000,thermal,50.00230,0.200387,0.49543,28.8456,0.99984,5.97909,5.85008,NONE
11.450000,thermal,50.00659,0.200483,0.45843,28.8526,1.00129,5.95021,5.85771,NONE
11.460000,thermal,49.99940,0.199570,0.45668,28.8317,0.99814,5.95408,5.85586,NONE
11.470000,thermal,49.99223,0.200363,0.49886,28.8344,0.99968,5.96197,5.86149,NONE
11.480000,thermal,49.99888,0.200425,0.50035,28.8146,1.00185,5.95743,5.86389,NONE
11.490000,thermal,49.99627,0.200325,0.53395,28.8141,0.99836,5.96989,5.85216,NONE
11.500000,thermal,49.99064,0.199875,0.53584,28.8042,0.99916,5.96479,5.86199,NONE
11.510000,thermal,49.99326,0.200297,0.47454,28.7825,0.99864,5.94840,5.86223,NONE
11.520000,thermal,50.00677,0.200244,0.53627,28.7703,0.99892,5.95201,5.84047,NONE
11.530000,thermal,49.99695,0.199707,0.53226,28.7703,1.00176,5.93615,5.85396,NONE
11.540000,thermal,50.00155,0.199557,0.51047,28.7469,1.00048,5.92932,5.83139,NONE
11.550000,thermal,50.00155,0.200031,0.48090,28.7376,1.00062,5.93414,5.84069,NONE
11.560000,thermal,49.99026,0.199754,0.45257,28.7189,0.99986,5.93368,5.83357,NONE
11.570000,thermal,50.00505,0.200305,0.49827,28.7028,1.00157,5.93632,5.83378,NONE
11.580000,thermal,49.99457,0.199801,0.45799,28.7024,1.00151,5.92669,5.84967,NONE
11.590000,thermal,49.99676,0.199501,0.46199,28.6741,1.00134,5.91359,5.82593,NONE
11.600000,thermal,49.99059,0.199771,0.50662,28.6610,0.99867,5.91615,5.84438,NONE
11.610000,thermal,50.00915,0.200457,0.54464,28.6412,1.00050,5.93049,5.83094,NONE
11.620000,thermal,50.00086,0.199860,0.45376,28.6396,1.00144,5.92271,5.81269,NONE
11.630000,thermal,49.99706,0.199781,0.47484,28.6197,1.00087,5.90478,5.81152,NONE
11.640000,thermal,50.00016,0.200143,0.51739,28.6028,0.99830,5.91650,5.80429,NONE
11.650000,thermal,50.00839,0.200182,0.50753,28.5941,1.00171,5.90906,5.81575,NONE
11.660000,thermal,49.99188,0.200227,0.53834,28.5586,0.99801,5.90322,5.81838,NONE
11.670000,thermal,50.00981,0.199802,0.53499,28.5486,1.00135,5.90952,5.80360,NONE
11.680000,thermal,50.00514,0.199842,0.49914,28.5376,0.99828,5.90266,5.79249,NONE
11.690000,thermal,50.00001,0.199587,0.47674,28.5135,0.99870,5.87365,5.79143,NONE
11.700000,thermal,49.99726,0.200421,0.54852,28.4912,0.99922,5.89667,5.79271,NONE
11.710000,thermal,50.00368,0.200496,0.46670,28.4766,0.99920,5.88691,5.78951,NONE
11.720000,thermal,50.00857,0.199905,0.47379,28.4448,1.00147,5.86409,5.80154,NONE
11.730000,thermal,50.00185,0.199552,0.51729,28.4302,0.99891,5.88099,5.79951,NONE
11.740000,thermal,50.00380,0.199949,0.52308,28.4074,0.99920,5.86091,5.79698,NONE
11.750000,thermal,50.00055,0.200344,0.53773,28.3918,0.99847,5.86372,5.78965,NONE
11.760000,thermal,49.99126,0.200425,0.48531,28.3772,0.99960,5.84977,5.78182,NONE
11.770000,thermal,50.00089,0.199774,0.52469,28.3497,1.00169,5.85685,5.77005,NONE
11.780000,thermal,49.99505,0.200243,0.51922,28.3204,0.99892,5.83704,5.77082,NONE
11.790000,thermal,49.99083,0.199577,0.48319,28.2980,1.00025,5.83232,5.77270,NONE
11.800000,thermal,49.99267,0.200008,0.46460,28.2759,0.99867,5.82481,5.77297,NONE
11.810000,thermal,50.00358,0.199551,0.48116,28.2565,1.00046,5.82443,5.76569,NONE
11.820000,thermal,49.99643,0.199609,0.50051,28.2317,1.00109,5.82031,5.75301,NONE
11.830000,thermal,50.00042,0.199508,0.54832,28.2161,1.00032,5.81447,5.73196,NONE
11.840000,thermal,49.99883,0.200350,0.51832,28.1931,0.99815,5.80450,5.72835,NONE
11.850000,thermal,50.00911,0.199903,0.50483,28.1648,0.99952,5.81932,5.73588,NONE
11.860000,thermal,49.99536,0.200489,0.48238,28.1404,1.00155,5.79590,5.73966,NONE
11.870000,thermal,50.00287,0.199719,0.50477,28.1100,1.00045,5.78670,5.71783,NONE
11.880000,thermal,50.00964,0.199883,0.54004,28.0911,0.99882,5.80241,5.72556,NONE
11.890000,thermal,49.99135,0.199897,0.50923,28.0555,1.00150,5.79055,5.70519,NONE
11.900000,thermal,49.99125,0.199586,0.54614,28.0263,1.00087,5.76465,5.72669,NONE
11.910000,thermal,49.99521,0.200105,0.52006,27.9928,0.99929,5.77064,5.71913,NONE
11.920000,thermal,50.00269,0.199643,0.46724,27.9697,0.99935,5.76626,5.70395,NONE
11.930000,thermal,50.00058,0.200274,0.51524,27.9456,1.00180,5.76475,5.70710,NONE
11.940000,thermal,49.99487,0.199644,0.45727,27.9217,1.00033,5.74129,5.68130,NONE
11.950000,thermal,50.00075,0.199999,0.48504,27.8885,0.99817,5.73907,5.68354,NONE
11.960000,thermal,49.99569,0.199786,0.53253,27.8580,0.99835,5.74306,5.67735,NONE
11.970000,thermal,50.00078,0.199753,0.48266,27.8416,1.00000,5.71797,5.68221,NONE
11.980000,thermal,50.00198,0.199934,0.54912,27.8105,0.99984,5.71557,5.67426,NONE
11.990000,thermal,50.00739,0.199866,0.52884,27.7766,1.00193,5.71583,5.67454,NONE
